Código Nomenclador;Descripción;Q GAL;Q GAL AY;ANEST;Gto;Q Ay;Norma;Unidad Arancelaria;Forma de Facturación
10101;Tratamiento quirúrgico del encefalomeningocele (cráneo bífido) de las malformaciones de la charnela occipitoatloídea y otras malformaciones de la región.;531,75;106,5;186;361;2;;A;
10102;Tratamiento quirúrgico de la craneostenosis. En uno o dos tiempos.;478,5;95,25;159,75;273;2;;A;
10103;Craneoplastias con injerto oseo o protesicas. Incluye eventual toma de injerto.;478,5;95,25;159,75;313;2;;A;
10104;Reducción abierta de fracturas de cráneo con elevación o extracción de fragmentos.;252,75;51;104,25;276;2;;A;
10105;Escisión de lesión tumoral, infecciosa, parasitaria,etc. De huesos del cráneo (con o sin compromiso de estructuras vecinas).;228;45;104,25;127;2;;A;
10106;Descompresión orbital unilateral.;531,75;106,5;186;220;2;;A;
10201;Ventriculocisternostomías (apertura de las láminas terminales, ventrículocisterna magna y otras similares). Como única operación.;637,5;127,5;239,25;361;2;;A;UNICO CODIGO
10202;Derivación ventrículoaurícula derecha -ventrículoatriostomia-. Derivación ventrículo peritoneal o similar. Válvula de Puden, Válvula de Holster. Valvula de Hakin o similares. Como única operación.;372,75;74,25;132,75;281;2;;A;UNICO CODIGO
10203;Revisión de válvulas derivativas o restitución parcial o total.;252,75;51;104,25;276;2;;A;
10204;lobectomía parcial o total por traumatismo o epilepsia;744;149,25;239,25;328;2;;A;
10205;Tractotomía espinotalámica, trigeminal o mesencefálica. Cingulectomías o similares.;637,5;127,5;186;366;2;;A;
10206;Tratamiento quirúrgico de los aneurismas y malformaciones arteriovenosas intracraneales (aneurismas, malformaciones rateriovenosas,fístula carótidocavernosa). (X);797,25;159,75;292,5;366;2;;A;
10207;Evacuación por punción, de colección intercerebral, epidural, subdural y/o subaracnoidea ( hematoma, hidroma, absceso.).;228;45;104,25;137;2;;A;
10208;Craneotomía exploradora, con o sin biopsia, evacuación de colección intracerebral, epídural,subdural y/o subaracnoidea, extracción de cuerpo extra?o, etc. (X);531,75;106,5;212,25;276;2;;A;
10209;Reparación plástica de senos craneales y/o meninges. Rinolicuorrea, otolicuorrea, neumucefalia, Fístulas. (Por craneot.);531,75;106,5;212,25;356;2;;A;
10210;Escisión de lesión tumoral intracraneana (neoplasia benigna o maligna cualquiera sea su ubicación) con o sin lobectomía.;744;149,25;239,25;366;2;;A;
10211;Drenaje ventricular contínuo. Como única operación.;119,25;30;80,25;346;1;;A;UNICO CODIGO
10212;Extracción de tubos en operaciones derivativas craneanas. Como única operación.;119,25;30;80,25;180;1;;A;UNICO CODIGO
10213;Intervenciones estereotáxicas. Por los diversos métodos.;637,5;127,5;239,25;358;1;;A;
10214;Punción diagnóstica o terapeutica de ventrículo por trepanación.;119,25;30;80,25;180;1;;A;
10215;Punción transfontanelar de ventrículos o subdural, terapeutica o diagnóstica.;26,25;0;0;7;0;;A;
10301;Reparación de defectos congénitos del complejo vertebromeningomedular (espina bífida con meringocele o mielomelingocele, diastomiella, etc.);478,5;95,25;186;352;2;;A;
10302;Tratamiento quirúrgico de las lesiones adquiridas del complejo vertebromeningomedular, (escisión, exploración,evacuaciones, liberación de adherencias, cuerpo extra?o.) lesiones únicas o múltiples por la misma incisión.;372,75;74,25;159,75;352;2;;A;
10303;Extirpación o ligadura de aneurismas o malformaciones arteriovenosas medulares.;956,25;191,25;239,25;366;2;;A;
10304;Cordotomía espinotalámica. Cordotomía ánterolateral, mieolotomía comisural, cordotomía posterior.;531,75;106,5;159,75;356;2;;A;
10305;Rizotomía, radicotomía posterior.;372,75;74,25;159,75;356;2;;A;
10306;Sección de ligamentos dentados.;372,75;74,25;159,75;356;2;;A;
10307;Punción raquídea doble con pruebas manometricas.;26,25;0;0;7;0;;A;
10308;Punción cisternal con o sin manometría.;39,75;0;0;7;0;;A;
10309;Punción lumbar con o sin manometría. (X);0;0;0;7;0;;A;INCLUIDO EN CONSULTA
10310;VERTEBROPLASTIAS;;;;;;;;
10401;Neurotomía o descompresión retrogaseriana trigeminal. Por vía temporal o posterior.;531,75;106,5;186;356;2;;A;
10402;Neurolisis transoval del trigémino.;119,25;0;0;7;0;;A;
10403;Neurotomía del intermediario, vestibular o glosofaríngeo. Abordaje por fosa posterior.;531,75;106,5;186;281;2;;A;
10404;Intervenciones sobre nervios ópticos.;797,25;159,75;239,25;273;2;;A;
10405;Neurotomía del supraorbitario, infraorbitario,dentario inferior, suboccipital y temporal superficial.;101,25;30;80,25;124;1;;A;
10406;Neurotomía selectiva del facial o del glosofaríngeo o neumogástrico cervical.;119,25;30;80,25;267;1;;A;
10407;Injerto y/o anastomosis de nervio facial, hipogloso, espinal o similares.;252,75;51;104,25;266;2;;A;
10408;Neurolisis extracraneal. Alcoholización o similar.;26,25;0;0;168;0;;A;
10409;Bloqueo extracraneal antiálgico.;0;0;0;7;0;;A;INCLUIDO EN CONSULTA
10501;Tratamiento quirúrgico ( exploración, neurorrafia, escisión de neurona ) por patología del plexo cervicobraquial.;252,75;51;104,25;271;2;;A;
10502;Tratamiento quirúrgico ( exploración, neurorrafia, escisión de neurona ) por patología del plexo lumbosacro.;303;61,5;127,5;271;2;;A;
10503;Neurorrafia, injerto, tubulización,escisión de lesión tumoral del nervio radial, mediano, cubital femoral, ciático,poplíteo, tibial y peroneo.;201,75;39,75;87;266;2;;A;
10504;Transposición del cubital.;119,25;30;80,25;177;1;;A;
10505;Descompresión del mediano a nivel del túnel carpiano (sección ligamento anular anterior del carpo).;80,25;30;80,25;124;1;;A;
10506;Escisión de lesión tumoral de nervio periférico ( neurona de amputación, neurona de Morton, etc.) no mencionados en otros códigos.;61,5;30;80,25;183;1;;A;
10507;Neurolisis quirúrgica de nervio periferico.;39,75;30;80,25;182;1;;A;
10508;Neurolisis química o bloque antiálgico de nervio periférico.;0;0;0;7;0;;A;INCLUIDO EN CONSULTA
10601;Simpactetomía cervical.;119,25;30;80,25;266;1;;A;
10602;Simpactetomía torácica.;252,75;51;127,5;267;2;;A;
10603;Simpactetomía lumbar ( por lumbotomía ).;201,75;39,75;87;267;2;;A;
10604;Resección de plexos hipogástricos superior o inferior.;252,75;51;104,25;215;2;;A;
10605;Simpactetomía periarterial carotídea, humeral, femoral o similar.;101,25;30;80,25;266;1;;A;
10606;Inyección paravertebral de troncos y ganglios simpáticos.? Simpático cervical, torácico, lumbar, esplácnico y semilunar..;0;0;0;7;0;;A;INCLUIDO EN CONSULTA
10701;Ventriculografía por inyección de medio contraste ( líquido o gaseoso ). Incuye trepanación.;80,25;30;80,25;178;1;;A;
10702;Pan-arteriografía cerebral por cateterismo. Uni o bilateral.;119,25;30;80,25;83;1;;A;
10703;Arteriografía carotídea o vertebral. Por disección o punción directa. (X);66;0;80,25;78;0;;A;
10704;Neumoencefaloventriculografía fraccionada ( cisternografía );66;0;80,25;78;0;;A;
10705;Mielografía ascendente o descendente. Cisternografía. Mielografía. Radiculografía. (X);66;0;80,25;36;0;;A;
10706;Discografía. Neurografía. Epidurografía.;39,75;0;80,25;35;0;;A;
10707;INFUSION INTRATECAL O EN CANAL MEDULAR DE CITOSTATICOS;;;;;;;;
10708;TRATAMIENTO ENDOVASCULAR DE ANEURISMAS CRANEALES CON EMBOLIZACIONES TERAPEUTICAS O MICROLICIS;;;;;;;;
10709;TRATAMIENTO ENDOVASCULAR DE MALFORMACIONES CRANEALES CON EMBOLIZACIONES TERAPEUTICAS O MICROLISIS;;;;;;;;
10710;TRATAMIENTO ENDOVASCULAR DE TUMORES CRANEALES CON EMBOLIZACIONES TERAPEUTICAS PREQUIRURGICA;;;;;;;;
10711;ABLACION DE NERVIO CRANEAL POR RADIOFRECUENCIA;;;;;;;;
10713;SISTEMA DE DERIVACION VENTRICULO PERITONEAL CON RESERVORIO. DRENAJE LUMBO PERITONEAL;;;;;;;;
10801;BIOPSIA CEREBRAL ESTEREOTAXICA;;;;;;;;
1309;PUNCION LUMBAR CON O SIN MANOMETRIA;;;;;;;;
20101;Exenteración del contenido orbitario ( no incluye injerto de piel ).;201,75;39,75;80,25;267;1;;A;
20102;Neurotomía del nervio óptico.;178,5;34,5;80,25;223;1;;A;
20103;Orbitotomía con escisión de lesión de órbita, con extracción de cuerpo extra?o, con exploración, biopsia, drenaje,etc. Con o sin apertura de pared de órbita.;178,5;34,5;80,25;223;1;;A;
20104;Introducción de sustancias terapéuticas retrobulares inyectables.;0;0;0;5;0;;A;INCLUIDO EN CONSULTA
20105;Reparación plástica de la órbita con o sin injerto de piel. Incluye toma del mismo.;228;45;87;268;1;;A;
20106;Enucleación o evisceración del globo ocular con o sin implante. (García Nocito o similar).;228;45;80,25;220;1;;A;
20107;Aspiración, lavado e implante del vítreo.;201,75;39,75;87;267;1;;A;
20108;Vitrectomía. Con microscopio con luz coaxil y vitrectotomo.;637,5;127,5;186;910;1;;A;
20109;Tratamiento quirúrgico corrector del estrabismo ( miototomías, plegamientos, avanzamientos, injerto de siliconas, etc.). Uni o bilaterales.;252,75;51;104,25;228;1;;A;
20110;Op. de Humnelshein ( Suplantamiento del recto externo por el R.S. y R.I. ) y variantes.;252,75;51;104,25;223;1;;A;
20111;Excenteración de contenido orbitario y resección total del maxilar superior.;372,75;74,25;159,75;352;2;;A;
20201;Reconstrucción total del párpado. Técnica de Hugjes o similar.;201,75;39,75;87;223;1;;A;
20202;Blefaroplastia ( injerto, cantoplastia, trasoplastia, restaución plástica de cejas por injerto, reposición base ciliar, corrección de ptosis-unilateral ) ectropión y entropión.;119,25;30;80,25;220;1;;A;
20203;Blefarorragia parcial o total.;39,75;0;0;97;0;;A;
20204;Blefarochalasis.;61,5;0;0;95;0;;A;
20205;Escisión de lesión de párpados, blefarectomía ( piel de párpados glándula meibomiana, chalazio sutura de piel de párpados con o sin lesión de borde libre ) Blefarotomía ( absceso, orzuelo ).;12,75;0;0;52;0;;A;
20301;Conjuntivoplastia ( injerto libre de conjuntiva o membrana mucosa del labio. Operación colgajo: Flaping de conjuntiva ).;101,25;30;80,25;121;1;;A;
20302;Escisión de lesión conjuntiva ( quiste epitelioma, nevus, pterigión ).;61,5;0;0;118;0;;A;
20303;Introducción de substancias terapéuticas subconjuntivales y en Tennon con incisión y sutura.;39,75;0;0;89;0;;A;
20304;Peritectomía, peritomía, escisión de anillo de conjuntiva alrededor de córnea ( pannus ).;61,5;0;0;89;0;;A;
20305;Sutura de conjuntiva ( incluída extracción de cuerpo extra?o). Cuerpo extra?o subconjuntival. Biopsia de conjuntiva. (X);21,75;0;0;89;0;;A;
20306;Introducción de substancias terapéuticas inyectables subcunjuntivales.;0;0;0;7;0;;A;INCLUIDO EN CONSULTA
20401;Queratoplastia laminar, injerto de córnea.;372,75;74,25;132,75;271;1;;A;
20402;Queratoprótesis total, queratoplastia total.;425,25;84,75;186;271;1;;A;
20403;Sutura de córnea.;80,25;30;80,25;175;1;;A;
20404;Queratocentesis ( como única intervención ).;39,75;0;0;45;0;;A;UNICO CODIGO
20405;Cauterización corneal con o sin raspado previo.;0;0;0;5;0;;A;INCLUIDO EN CONSULTA
20406;Sutura de herida de córnea con prolapso de iris y/o herida de cristalino. Extracción de cuerpo extra?o en cámara anterior.;119,25;30;80,25;124;1;;A;
20501;Tratamiento quirúrgico del glaucoma. (X);303;61,5;87;268;1;El tratamiento quirúrgico;A;
20502;Iridatomía. Coreoplastia. Iridectomía.;201,75;39,75;80,25;222;1;;A;
20503;Iridociclectomía o ciclectomía por tumores.;228;45;87;352;1;;A;
20601;Fotocoagulación convencional ( cada dos sesiones o fracción ).;159,75;0;80,25;318;0;;A;
20602;Fotocoagulación con rayo laser. (X);159,75;0;80,25;407;0;Esta práctica no se cobra;A;
20603;Retinopexia con esclerectomía e inplante.;372,75;74,25;90,75;273;1;;A;
20604;Retinopexia y esclerectomía.;252,75;51;87;268;1;;A;
20605;Retinopexia ( diatermia, crio, etc. ).;252,75;51;87;224;1;;A;
20606;Esclerectomía con extracción de cuerpo extra?o, intraocular;201,75;39,75;87;223;1;;A;
20701;Extracción del cristalino (cataratas). (X);345;69;90,75;228;1;;A;
20702;Extracción de masas critalinianas. Discición y aspiración de masas cristalinianas.;119,25;30;80,25;220;1;;A;
20703;Capsulotomía.;80,25;30;80,25;177;1;;A;
20704;IMPLANTE DE LENTE INTRAOCULAR EN FORMA EXTRACAPSULAR;;;;;;;;
20705;IMPLANTE DE MEMBRANA AMNIOTICA SOLO EN QUEMADURAS IGNEAS O QUIMICAS;;;;;;;;
20801;Dacriocistorrinostomía, fistulización de saco lagrimal en cavidad nasal. Operación plástica en canalización.;201,75;39,75;87;223;1;;A;
20802;Escisión de glándula lagrimal. Escisión de saco lagrimal.;119,25;30;80,25;220;1;;A;
20803;Drenaje de glándula o saco lagrimal (abceso). Sección de papila lagrimal (estricturotomía). (X);12,75;0;0;26;0;;A;
20804;Cateterización de conducto lagrimonasal en quirófano con anestesia general.;39,75;0;80,25;49;0;;A;
20901;FOTOCOAGULACION CON YAG LASER.;;;;;;;;
20902;FOTOCOAGULACION CON LASER ONLY GREEN;;;;;;;;
20904;FOTOCIRUGIA CON DYE LASER;;;;;;;;
20905;FOTOCIRUGIA CON KRIPTON LASER;;;;;;;;
20906;IRIDECTOMIA POR LASER;;;;;;;;
20907;TRABECULOPLASTIA CON LASER;;;;;;;;
30101;Reconstrucción del pabellón auricular con injerto de cartílago y piel (por tiempo operatorio);119,25;30;80,25;188;1;;A;
30102;Otoplastia o reconstrucción del pabellón (cucurucho, ansiforme, lóbulo defecto o similares).;101,25;30;80,25;124;1;;A;
30103;Otoplastia de lóbulo hendido.;39,75;30;80,25;75;1;;A;
30104;Escisión completa o amputación de pabellón.;80,25;30;80,25;121;1;;A;
30105;Incisión y drenaje de aurícula. Sutura del pabellón auricular.;12,75;0;0;26;0;;A;
30106;Cirugía de agenesia de conducto auditivo externo.;531,75;106,5;186;281;1;;A;
30107;Resección de osteoma.;80,25;30;80,25;121;1;;A;
30108;Extirpación de coloboma auris.;101,25;30;80,25;121;1;;A;
30109;Escisión de lesión local de conducto auditivo externo. Incisión y drenaje de conducto auditivo externo y de piel de oído. Biopsia de oído externo.;12,75;0;0;26;0;;A;
30201;Miringoplastia.;303;61,5;127,5;276;1;;A;
30202;Tímpanoplastia. (X);425,25;84,75;159,75;281;1;;A;
30203;Miringotomía con o sin colocación de tubo drenaje.(uni o bilateral). (X);0;0;0;26;0;;A;INCLUIDO EN CONSULTA
30204;Cirugía plástica por agenesia de oído medio.;691,5;138,75;186;281;1;;A;
30205;Movilización del estribo.;201,75;39,75;87;223;1;;A;
30206;Estepadectomía.;372,75;74,25;132,75;276;1;;A;
30207;Mastoidectomía simple o radical.;201,75;39,75;87;267;1;;A;
30208;Antronomía mastoidea. Cierre de fístula mastoidea.;101,25;30;80,25;177;1;;A;
30209;Punción de antro mastoideo.;12,75;0;0;20;0;;A;
30210;Cirugía del glomus yugularis.;797,25;159,75;239,25;361;1;;A;
30211;Cirugía de segunda y tercera porciones de nervio facial.;531,75;106,5;186;361;1;;A;
30301;Laberintectomía.;372,75;74,25;132,75;273;1;;A;
30302;Fenestración del conducto semicircular externo.;531,75;106,5;159,75;273;1;;A;
30303;Cirugía del saco endolinfático.;531,75;106,5;159,75;361;1;;A;
30304;Cirugía del conducto auditivo interno y su contenido (primera porción del facial, auditivo interno vestibular) cualquiera fuere la vía del abordaje.;637,5;127,5;186;361;1;;A;
30305;Tratamiento quirúrgico de fractura del pe?asco.;478,5;95,25;159,75;223;1;;A;
30306;Tratamiento quirúrgico de neurinoma del acústico por vía óptica.;797,25;159,75;186;346;1;;A;
30401;Atresia de coanas (permeabilización por acceso palatino).;252,75;51;104,25;273;1;;A;
30402;Resección total de nariz.;119,25;30;80,25;220;1;;A;
30403;Reconstrucción diferida de pirámide nasal con colgajo. Por tiempo operatorio.;101,25;30;80,25;120;1;;A;
30404;Tratamiento quirúrgico del rinofina.;80,25;30;80,25;120;1;;A;
30405;Escisión de tumores endonasales por rinotomía lateral.;201,75;39,75;87;223;1;;A;
30406;Resección de lesión local endonasal (de septum. de cornete hematoma septal, drenaje de septum)Ext. de pólipos nasales. (X);12,75;0;0;45;0;;A;
30407;Escisión de pólipo retro-coanal.;39,75;0;0;26;0;;A;
30408;Rinoplastia con injerto cutáneo pediculado, con o sin injerto óseo cartilaginoso o implantes. Incluye toma del injerto.;228;45;104,25;181;1;Cuando este código se;A;
30409;Septumplastia por implantación de cartílago autógeno. Incluye toma del injerto.;178,5;34,5;87;179;1;;A;
30410;Septumplastia por perforación o implantación de acrílico en fosas nasales.;101,25;30;80,25;163;1;;A;
30411;Resección de tabique nasal. Operación de Killian.;80,25;30;80,25;174;1;;A;
30412;Turbinectomía parcial o completa simple (única o múltiple), resección submucosa de cornete inferior.;39,75;0;0;26;0;"La expresión ""única y";A;
30413;Sutura de nariz. Biopsia de nariz.;9;0;0;26;0;;A;
30501;Cierre de fístula meníngea (craneorrino) por vía transinual.;372,75;74,25;132,75;361;1;;A;
30502;Sinusotomía combinada, frontal, etmoidal y esfenoidal (unilateral) por vía externa o transmaxilar.;252,75;51;104,25;228;1;;A;
30503;Sinusotomía combinada, frontal, etmoidal y esfenoidal (bilateral) por vía externa o transmaxilar.;303;61,5;127,5;238;1;;A;
30504;Sinusotomía radical frontal por vía externa.;119,25;30;80,25;122;1;;A;
30505;Sinusotomía frontal externa simple (trepanopunción de seno frontal).;39,75;0;0;89;0;;A;
30506;Sinusotomía esfenoidal.;119,25;30;80,25;124;1;;A;
30507;Punción de seno esfenoidal.;39,75;0;0;7;0;;A;
30508;Etmoidectomía interna.;80,25;30;80,25;118;1;;A;
30509;Cirugía de tumores etmoidales.;119,25;30;80,25;118;1;;A;
30510;Antrotomía maxilar radical (sinusotomía maxilar radical, unilateral).;119,25;30;80,25;122;1;;A;
30511;Antrotomía maxilar radical (sinusotomía maxilar radical, bilateral).;228;45;104,25;228;1;;A;
30512;Sinusotomía maxilar simple (ventana antral) unilateral.;80,25;30;80,25;124;1;;A;
30513;Sinusotomía maxilar simple bilateral. (X);119,25;30;80,25;124;1;;A;
30514;Cierre de fístula oral de seno maxilar (buco antral).;119,25;30;80,25;178;1;;A;
30515;Punción de seno con o sin inserción de sonda dentro del seno paranasal o biopsia de seno paranasal (uni o bilateral). (X);21,75;0;0;7;0;;A;
30516;Cirugía de la fosa pterigomaxilar (exploración, escisión de tumor, etc). (X);252,75;51;127,5;220;1;;A;
30517;SINUSOTOMIA COMBINADA CON FIBRA OPTICA Y VIDEOSCOPIA;;;;;;;;
30518;SINUSOTOMIA RADICAL CON FIBRA OPTICA Y VIDEOSCOPIA;;;;;;;;
30519;CIRUGIA DE LA FOSA PTERIGOMAXILAR CON VIDEOFIBROSCOPIA;;;;;;;;
30601;Laringuectomía radical con vaciamiento de cuello (operación de laringe).;531,75;106,5;186;328;2;;A;
30602;Laringofaringectomía.;425,25;84,75;159,75;281;2;;A;
30603;Laringectomía total.;372,75;74,25;132,75;233;2;;A;
30604;Laringectomía parcial.;252,75;51;104,25;178;2;;A;
30605;Laringoplastia-cordopexia-aritenoideopexia.;201,75;39,75;87;223;2;;A;
30606;Laringotomía mediana e inferior - laringofisura - tirotomía - cricotirotomía - laringorrafía (como única operación).;119,25;30;80,25;124;1;;A;UNICO CODIGO
30607;Incisión y drenaje de laringe (abceso, pericondritis).;21,75;0;0;45;0;;A;
30608;Microcirugía de laringe. (X);252,75;51;104,25;361;2;;A;
30609;MICROCIRUGIA DE LARINGE CON LASER;;;;;;;;
30701;Incisión y drenaje de lesión de origen dentario.;9;0;0;26;0;;A;
30702;Extirpación de gérmen dentario, Ameloblastoma.;101,25;30;80,25;178;1;;A;
30703;Gingivectomía parcial (tumores).;61,5;30;80,25;78;1;;A;
30704;Gingivectomía total ampliada (tumores).;80,25;30;80,25;122;1;;A;
30705;Operación comando de encía o de trígono retromolar (escisión de lesión primaria, más vaciamiento ganglionar cervical ).;372,75;74,25;132,75;276;2;;A;
30706;Biopsia de encía. Sutura de encía.;12,75;0;0;26;0;;A;
30801;Parotidectomia total.;425,25;84,75;159,75;276;2;;A;
30802;Operación comando de parótida (escisión de lesión primaria y vaciamiento gangliolar cervical).;531,75;106,5;186;361;2;Cuando se realice la op;A;
30803;Parotidectomía del lóbulo superficial.;252,75;51;104,25;218;2;;A;
30804;Escisión radical de glándula submaxilar.;119,25;30;80,25;180;1;;A;
30805;Operación comando de glándula submaxilar (escisión de lesión primaria y vaciamiento ganglionar cervical).;372,75;74,25;132,75;261;1;;A;
30806;Incisión y drenaje de glándula parótida, submaxilar o sus conductos.;21,75;0;0;45;0;;A;
30807;Biopsia de glándula salival.Extracción incisional de cálculos salivales.;39,75;0;0;26;0;;A;
30808;Extirpación de ránula.;61,5;30;80,25;56;1;;A;
30901;Operación comando piso de boca (escisión de lesión primaria y vaciamiento ganglionar cervical).;531,75;106,5;186;361;2;;A;
30902;Escisión ampliada de mucosa yugal y reconstructiva inmediata con injerto o colgajo (incuye toma de injerto o preparación de colgajo).;252,75;51;104,25;218;1;;A;
30903;Estomatoplastia con injerto (incluye toma de injerto).;119,25;30;80,25;178;1;;A;
30904;Incisión y drenaje de piso de boca-biopsia de mucosa bucal. Sutura de boca (piso o cara mucosa de mejilla). (X);12,75;0;0;26;0;;A;
30905;Cierre de fístula externa de boca.;80,25;30;80,25;119;1;;A;
31001;Queiloplastia,labio leporino,unilateral.;101,25;30;80,25;213;1;;A;
31002;Queiloplastia, labio leporino, bilateral.;201,75;39,75;104,25;260;1;;A;
31003;Queiloplastia uni o bilateral con palatoplastia.;252,75;51;104,25;276;1;;A;
31004;Resección de labio (por escisión amplia de tumor maligno y sutural). Escisión en cu?a (como única operación).;101,25;30;80,25;180;1;;A;
31005;Queiloplastia de Bernard, Borow, Abbe Eastlander o similar (escisión de tumor de labio inferior y reconstrucción inmediata por deslizamiento o colgajo).;303;61,5;127,5;276;1;;A;
31006;Queiloplastia, con vaciamiento ganglionar suprahiodeo bilateral.;425,25;84,75;132,75;361;2;;A;
31007;Escisión local de lesión de labio.;39,75;30;0;89;1;;A;
31008;Incisión y drenaje de labio (abceso).Sutura de labio.Biopsia de labio.;12,75;0;0;26;0;;A;
31101;Operación comado de lengua (escisión de lesión primaria y vaciamiento ganglionar cervical).;531,75;106,5;186;361;2;;A;
31102;Glosectomía subtotal.;119,25;30;80,25;220;1;;A;
31103;Escisión local de lesión de lengua. (X);61,5;30;80,25;162;1;;A;
31104;Glosoplastia.;101,25;30;80,25;178;1;;A;
31105;Glosotomía con drenaje de absceso, con extracción de cuerpo extra?o. Sección frenillo lingual. Sutura de lengua. Biopsia de lengua. (X);12,75;0;0;26;0;;A;
31201;Palatoplastia (paladar blando o duro) Por tiempo operatorio.;119,25;30;80,25;220;1;;A;
31202;Resección parcial de paladar.;80,25;30;80,25;180;1;;A;
31203;Resección total de paladar.;252,75;51;104,25;220;1;;A;
31204;Resección total de paladar y reconstrucción inmediata con injerto o colgajo (incluye toma de injerto y preparación del colgajo).;372,75;74,25;132,75;268;2;;A;
31205;Operación comando de paladar blando (escisión de lesión primaria y vaciamiento ganglionar).;531,75;106,5;186;361;2;;A;
31206;Insición y drenaje de paladar (absceso). Sutura de paladar. Biopsia de paladar.;12,75;0;0;26;0;;A;
31301;Amigdalectomía, adenoidectomía o amígdalo-adenoidectomía.;61,5;0;80,25;109;0;;A;
31302;Escisión o electrocoagulación de amígdala lingual, resto amigdalino o tegido linfoideo-faríngeo. (X);39,75;0;80,25;65;0;;A;
31303;Incisión y drenaje de amígdalas o tejidos periamigdalinos. (X);12,75;0;0;26;0;;A;
31304;Operación comando de faringe (escisión de lesión primaria y vaciamiento ganglionar cervical).;531,75;106,5;186;361;2;;A;
31305;Faringoplastia.;201,75;39,75;87;268;2;;A;
31306;Faringuectomía parcial (tumores, etc.).;252,75;51;104,25;271;2;;A;
31307;Escisión de divertículo faringoesofágico.Escisión de lesión local de faringe, de fístula branquial y/o quiste branquial o vestigio.;201,75;39,75;87;225;2;;A;
31308;Faringotomía (exploración-extracción de cuerpo extra?o). Insición y drenaje de tejido retrofaríngeo (por vía bucal).;61,5;0;80,25;121;0;;A;
31309;Cierre de farigostoma.;101,25;30;80,25;180;1;;A;
31310;Sutura de faringe.;80,25;0;80,25;176;0;;A;
31311;Biopsia de faringe.;12,75;0;0;26;0;;A;
31312;Escisión radical de lesión de nasofaringe.;201,75;39,75;104,25;225;1;;A;
31313;Biopsia de lesión de nasofaringe.;39,75;0;0;45;0;;A;
31314;IMPLANTES COCLARES;;;;;;;;
40101;Tiroidectomía total con vaciamiento ganglionar radical unilateral.;425,25;84,75;159,75;366;2;;A;
40102;Tiroidectomía total con vaciamiento ganglionar radical bilateral.;478,5;95,25;159,75;385;2;;A;
40103;Tiroidectomía total.;303;61,5;127,5;268;2;;A;
40104;Tiroidectomía sub-total-hemitiroidectomía. (X);252,75;51;87;223;2;;A;
40105;Extirpación de quiste tirogloso.;101,25;30;80,25;180;1;;A;
40106;Punción biopsia de tiroides.;9;0;0;26;0;;A;
40107;Incisión y drenaje de quiste tirogloso infectado.;9;0;0;45;0;;A;
40108;Paratiroidectomía.;201,75;39,75;87;225;2;;A;
40201;Adrenalectomía bilateral.;425,25;84,75;186;366;1;;A;
40202;Adrenalectomía unilateral.;252,75;51;127,5;273;2;;A;
40301;Hipofisectomía transeptoesfenoidal.;531,75;106,5;159,75;385;1;;A;
50101;Resección de pleuraparietal, costillas, músculos intercostales. (como única operación ).;303;61,5;127,5;323;2;;A;UNICO CODIGO
50102;Operación plástica por tórax en carina o excavado.;303;61,5;127,5;323;2;;A;
50103;Toracoplastia.(por cada tiempo operatorio).;119,25;30;80,25;267;2;;A;
50201;Traqueoplastia.;303;61,5;127,5;267;2;;A;
50202;Traqueostomía. Traqueotomía (como única intervención ).;80,25;30;80,25;122;1;No será facturada cuan;A;UNICO CODIGO
50203;Traqueorrafia por acceso cervical (sutura de tráquea-cierre de traqueostomía o fístula traqueal).;178,5;34,5;87;179;1;;A;
50301;Traqueoplastia por acceso torácico. Broncoplastia.;372,75;74,25;132,75;325;2;;A;
50302;Broncotomía.Broncorrofia(herida-traumatismo).;252,75;51;104,25;228;2;;A;
50303;Cavernostomía.;201,75;39,75;87;179;1;;A;
50304;Cierre de fístula bronco cutánea.;252,75;51;104,25;318;2;;A;
50401;Neumonectomía, lobectomía, segmentectomía. pleuroneumonectomía. Decorticación de pulmón.;478,5;95,25;212,25;366;2;;A;
50402;Escisión local de lesión pulmonar, cuerpo extra?o, quistectomía o lesiones de enfisema.;252,75;51;153,75;228;2;La poliquistomía pulmo;A;
50403;Operaciones en el mediastino (vía torácica o transesternal) tumores abscesos, drenajes, cuerpos extra?os, timo, etc.;372,75;74,25;159,75;361;2;;A;
50404;Neumomediastino.;21,75;0;0;7;0;;A;
50405;Mediastinoscopía.;80,25;0;80,25;175;0;;A;
50406;Toracotomía amplia exploradora. Biopsia de pulmón, pleura o mediastino.;201,75;39,75;127,5;223;2;;A;
50407;Drenaje de pleura con trocard, por toracotomía mínima. (X);39,75;0;0;89;0;;A;
50408;Punción de cavidad pleural para lavaje, para instilación de substancias terapéuticas. Punción pleural y/o pulmonar diagnostica, evacuadora. (X);0;0;0;7;0;;A;INCLUIDO EN CONSULTA
50409;Punción biopsia de pleura o pulmón con agujas especiales -Vim-Sylverman, Coper o similares. (X);39,75;0;0;26;0;;A;
50410;Biopsia de grasa pre-escalénica.( biopsia de Daniels).;80,25;30;80,25;73;1;;A;
50411;Neumotórax por cada inyección.;0;0;0;7;0;;A;INCLUIDO EN CONSULTA
50413;TORACOVIDEOSCOPIA TERAPEUTICA. PARA RESECCIONES;;;;;;;;
50501;COLOCACION DE STENT ENDOBRONQUIAL;;;;;;;;
60101;Mastectomía radial (resección del pectoral mayor, pectoral menor y vaciamiento axilar). Incluye la eventual toma biopsia para congelación. (X);372,75;74,25;132,75;323;1;;A;
60102;Mastectomía subradical (con conservación del pectoral mayor y vaciamiento axilar ). Incluye la eventual toma biopsia para congelación. (X);303;61,5;127,5;271;2;;A;
60103;Mastectomía simple.;104,25;30;80,25;217;1;;A;
60104;Masectomía subcutánea (adenomastectomía).;178,5;34,5;87;279;1;;A;
60105;Mastoplastia unilateral(con autorización previa);178,5;34,5;87;220;1;;A;
60106;Mastoplastia bilateral(con autorización previa).;228;45;104,25;313;1;;A;
60107;Mamiloplastia en uno o dos tiempos.;80,25;30;80,25;217;1;;A;
60108;Escisión local de lesión de mama (quiste, fibroadenoma o tejido mamario aberrante) de lesión de conducto de pezón. Escisión de lesión de mama o pezón para biopsia. (X);61,5;30;80,25;122;1;;A;
60109;Escisión de cuadrante mamario (biopsia sectorial o cuadrantectomía). (X);80,25;30;80,25;122;1;;A;
60110;Drenaje de absceso mamario. (X);21,75;0;0;45;0;;A;
60111;Punción quiste mamario. Punción biopsia de mama. (X);9;0;0;26;0;;A;
60112;CUADRANTECTOMIA CON VACIAMIENTO AXILAR;;;;;;;;
70101;Septostomía interauricular (Blalock Halon) Cardiotomía (con exploración , con extracción de cuerpo extra?o.) Valvulotomía cardiaca, pulmonar, mitral, aórtica, comisurotomía. Pericardiectomía.;637,5;127,5;239,25;366;2;;A;
70102;Septosotomía con balón de Rashbind. (terapéutica) Incluye el cateterismo cardíaco.;252,75;51;104,25;270;1;;A;
70103;Colocación de marcapaso definitivo con electrodo endocavitario. (X);201,75;39,75;104,25;270;1;;A;
70104;Colocación de marcapaso definitivo con electrodo epicárdico.;372,75;74,25;159,75;351;2;;A;
70105;Cambio de generador de marcapaso definitivo. Recolocación de marcapaso. Plástica de bolsillo de marcapaso.;119,25;30;80,25;270;1;;A;
70106;Implantación de circulación asistida externa prolongada por contrapulsación hasta cinco días.;252,75;51;104,25;550;1;;A;
70107;Mantenimiento de circulación asistida externa por contrapulsación por días subsiguientes.;39,75;0;0;0;0;;A;
70108;Cardiorrafia: Sutura de corazón (herida,traumatismo).;303;61,5;153,75;273;2;;A;
70109;Pericadiotomía con exploración, con drenaje con extracción de cuerpo extra?o, con descompresión, para evacuación de hematoma.;303;61,5;127,5;267;2;;A;
70110;Biopsia de pericardio.;228;45;104,25;222;2;;A;
70111;Pericardiocentesis (diagnóstica o terapéutica).;39,75;0;0;7;0;;A;
70112;Cateterismo de corazón para colocación de marcapaso transitorio (incluído cirujano y cardiólogo, excluído el radiólogo).;119,25;30;0;220;1;;A;
70113;BIOPSIA DE ENDOCARDIO POR CATETERISMO CARDIACO;;;;;;;;
70114;BIOPSIA DE MIOCARDIO POR CATETERISMO CARDIACO;;;;;;;;
70115;COLOCACION DE DESFIBRILADOR IMPLANTABLE;;;;;;;;
70201;Tratamiento quirúrgico de las cardiopatías congénitas complejas - Tetralogía de Fallot, transposición de los grandes vasos arterioventriculares comunes, ventrículo único, atresia tricuspídea, enfermedad de Ebstein, etc.;1806,75;361,5;399;1273;3;;A;
70202;Tratamiento quirúrgico de las cardiopatías congenitas complejas con hipotermia profunda. Operación de Rastelli.;1913,25;382,5;558;1642;3;;A;
70203;Reemplazo de válvula cardíaca por prótesis o injerto.;1594,5;318,75;451,5;1273;3;;A;
70204;Doble reemplazo valvular cardíaco.;1913,25;382,5;558;1273;3;;A;
70205;Reemplazo de una válvula cardíaca y plástica de la otra.;1860;372,75;451,5;1273;3;;A;
70206;Cierre defectos septales (auriculares y/o ventriculares). Plásticas valvulares únicas o múltiples. Anomalías parciales del retorno venoso pulmonar. Estenosis no valvulares de la vía de salida de los ventrículos derecho e izquierdo, ventana aorto pulmonar;1381,5;276;399;1233;3;;A;
70207;Tratamiento quirúrgico de los aneurismas del cayado aórtico. Aneurisma disecante de aorta.;1913,25;382,5;558;1273;3;;A;
70208;Tratamiento quirúrgico de los aneurismas de la aorta ascendente o descendente.;1594,5;318,75;451,5;1273;3;;A;
70209;Derivación (By-Pass) aorto coronaria única, doble o triple. (Incluye toma del injerto venoso).;1594,5;318,75;451,5;1273;3;El presente código dev;A;
70210;Derivación (By-Pass) mamario coronaria.;1860;372,75;451,5;1273;3;Dictámenes del I.N.O.S.;A;
70211;Resección de aneurisma ventricular como única intervención.;1329;266,25;399;1142;3;;A;
70212;Resección de aneurisma ventricular como complemento de la cirugía de revascularización miocárdica. Se adicionará.;531,75;106,5;186;422;3;;A;
70301;Cirugía de los grandes troncos arteriovenosos de la cavidad torácica anastomosis, injertos, embolectomías, cerclajes, suturas (estenosis, coartación, ductus, embolias, heridas).;797,25;159,75;266,25;323;3;;A;
70302;Tratamiento quirúrgico del aneurisma de aorta tóraco abdominal.;797,25;159,75;266,25;350;3;;A;
70401;Tratamiento quirúrgico del aneurisma de la aorta abdominal.;637,5;127,5;239,25;366;2;;A;
70402;"Cirugía de las ramas viscerales de la aorta abdominal y troncos iliacos: Anastomosis directas; injertos; tromboendarterectomía; embolectomía; arteriorrafia (aneurismas, fístulas arteriovenoca, estenosis, anomalías, trombosis, embolias, heridas).";531,75;106,5;186;318;2;;A;
70403;Derivación aorto o ilíaco-femoral unilateral (con o sin simpatectomía).;425,25;84,75;159,75;323;2;;A;
70404;Derivación aorto bifemoral (con o sin simpatectomía).;637,5;127,5;239,25;323;2;;A;
70405;Derivación aorto ilíaco, uni o bilateral (con o sin simpatectomía).;531,75;106,5;186;366;2;;A;
70406;Otras derivaciones arteriales en cavidad abdominal.;425,25;84,75;159,75;323;2;;A;
70407;Anastomosis porto-cava o espleno-renal o mesentérica cava.;531,75;106,5;186;323;2;;A;
70408;"Cirugía de la vena cava: Ligadura, cerclaje; clips sutura; trombectomía.";252,75;51;104,25;267;2;;A;
70409;Colocación de filtro (Mobin-Uddin o similar) en vena cava por vía endovenosa.;119,25;0;0;142;0;;A;
70501;"Cirugía de la arteria carótida o de la vertebral: Tromboendarterectomía; embolectomía; anastomosis; injertos (trombosis, embolias, aneurismas, fístula arteriovenosa) incluye eventual toma de vena para plástica o injerto.";425,25;84,75;159,75;361;2;Este código se rrefiere;A;
70502;Sutura o ligadura de los vasos profundos del cuello (carótidas, vertebral, yugular interna).;119,25;30;80,25;267;1;;A;
70503;Glomectomía-tumor de glomus carotídeo.;303;61,5;127,5;225;1;;A;
70601;Embolectomía en arterias periféricas.;119,25;30;80,25;223;1;;A;
70602;Tromboendarterectomía de vasos periféricos con o sin arterioplastia (incluye eventual toma de parche venoso).;252,75;51;104,25;220;2;;A;
70603;Derivación (By-Pass) de vasos periféricos con injerto venoso (incluye toma del injerto).;425,25;84,75;159,75;268;2;Cuando se realiza una;A;
70604;Derivación (By-Pass) de vasos periféricos con injerto sintético.;372,75;74,25;159,75;271;2;Cuando se realiza una;A;
70605;Tratamiento del aneurisma o de las fístulas arterio-venosas.;303;61,5;127,5;223;2;;A;
70606;Anastomosis arterial. Arteriorrafía.;178,5;34,5;87;179;1;;A;
70607;Shunt o fístula arteriovenosa periférica para hemodiálisis. (X);178,5;34,5;87;120;1;;A;
70608;Disección de arterias para perfusión regional. Exploración quirúrgica de arteria periférica.;39,75;30;80,25;73;1;;A;
70609;Punción arterial para inyección medicamentosa.;9;0;0;7;0;;A;
70610;Ligadura unilateral de troncos venosos profundos (como único tratamiento).;61,5;30;80,25;120;1;;A;
70611;Trombectomía venosa profunda.;119,25;30;80,25;223;1;;A;
70612;Safenectomía interna y/o externa de miembro inferior con ligadura y/o resecciones escalonadas, unilateral.;101,25;30;80,25;120;1;;A;
70613;Safenectomía interna y/o externa de miembro inferior con ligaduras y/o resecciones escalonadas, bilateral.;228;45;104,25;225;1;;A;
70614;Operación de Linton, Gockett o similares (ligaduras subaponeuroticas de las comunicantes con el sistema venoso profudo de la pierna).;119,25;30;80,25;179;1;;A;
70615;Flebotomía con colocación de catéter. Disección de venas para perfusión (canalización venosa con catéter). (X);12,75;0;0;26;0;;A;
70616;Flebectomía segmentaria por várises residuales.;39,75;30;80,25;120;1;;A;
70701;Cateterismo de corazón para diagnóstico (comprende toma de presiones y obtención de muestra de sangre para oximetría incluye monitoreo cardíaco). Y código 34.08.03;106,5;30;0;220;1;Cuando se realiza el ca;A;
70702;Cardiografía-Angiocardiografía (incluye cateterismo de corazón toma de presiones, y obtención de sangre para oximetría. Incluye monitoreo cardíaco). (X);212,25;42,75;0;284;1;Esta prestación está incluída en la del código 07.07.03.;A;NO FACTURABLE CON OTROS CODIGOS
70703;Coronariografía selectiva de coronaria izquierda y/o derecha incluye cateterismo cardíaco, toma de presiones, obtención de muestra de sangre para oximetría y ventriculograma, incluye monitoreo cardíaco.? (X);212,25;42,75;0;300;1;Incluye cardiografía (Código 07.07.02).;A;NO FACTURABLE CON OTROS CODIGOS
70704;Aortografía por punción lumbar. Y código 34.08.08 y .09;54;0;0;26;0;;A;
70705;Aortografía por cateterismo femoral. Y código 34.08.08 y .09;66;30;0;45;1;;A;
70706;Aortografía abdominal y estudio selectivo de las arterias del cayado aórtico y del cuello, por cateterismo. Y código 34.08.08 y .09;93,75;30;0;220;1;;A;
70707;Aortografía torácica y/o estudio selectivo de las arterias del cayado aórtico y del cuello, por cateterismo. Y código 34.08.11;106,5;30;0;220;1;;A;
70708;Aortografía abdominal y estudio selectivo de tronco celíaco, mesentérica superior e inferior, renales y/o sus ramas, por cateterismo humeral o femoral (tiempo arterial, parenquimatoso y venoso). (X);106,5;30;0;220;1;;A;
70709;Cavografía abdominal y/o torácica y/o selectiva de sus afluentes (incluye toma de muestras sanguíneas para determinaciones cateterismo). Y código 34.08.14 y .15;106,5;30;0;89;1;;A;
70710;Acigografía por punción transósea.;26,25;0;0;89;0;;A;
70711;Flebografía del seno petroso (bilateral).;132,75;30;0;89;1;;A;
70712;Arteriografía selectiva de arterias intercostales y lumbares bilateral. Y código 34.08.10;132,75;30;80,25;122;1;;A;
70713;Flebografía suprarenal bilateral con extracción de muestras para dosaje hormonal. Y código 34.08.18 y .19;132,75;30;0;89;1;;A;
70714;Arteriografía periférica por punción. (X);39,75;0;0;7;0;;A;
70715;Embolización selectiva terapéutica y/o inyección de drogas, a continuación de arterio o flebografías, agregar.;26,25;0;0;45;0;;A;
70716;Flebografía de miembros inferior o superior. Y código 34.08.12 y .13;39,75;0;0;26;0;;A;
70717;FLEBOTOMIA TRANSCUTANEA Y COLOCACION DE CATETER DOBLE LUMEN COMO ACCESO VASCULAR PARA DIALISIS;;;;;;;;
70718;FLEBOTOMIA CON COLOCACION DE CATETER IMPLANTABLE CON RESERVORIO;;;;;;;;
70801;ANGIOPLASTIA TRASLUMINAL CORONARIA CON O SIN COLOCACION DE STENT;;;;;;;;
70802;ANGIOPLASTIA CORONARIA CON COLOCACION LA UTILIZACION DE STENTS LIBERADORES DE FARMACOS (RAPAMICINA PACLITAXEL);;;;;;;;
70803;ANGIOPLASTIA TRASLUMINAL CORONARIA CON ROTABLATOR/SIMPSON;;;;;;;;
70804;TRATAMIENTO DESEMBOLIZANTE CON QUINASAS;;;;;;;;
70805;ANGIOPLASTIA PERIFERICA;;;;;;;;
70806;ANGIOPLASTIA PERIFERICA CON COLOCACION DE STENT;;;;;;;;
70901;TRASPLANTE CARDIACO;;;;;;;;
70902;TRASPLANTE CARDIOPULMONAR;;;;;;;;
71001;VALVULOPLASTIA MITRAL;;;;;;;;
71002;VALVULOPLASTIA PULMONAR;;;;;;;;
71003;MATERIALES DESCARTABLES PARA REALIZAR CIRUGIA CARDIOVASCULAR CON BOMBA DE CIRCULACION EXTRACORPOREA;;;;;;;;
80101;Esofaguectomía total y reconstrucción en un tiempo.;797,25;159,75;239,25;375;2;;A;
80102;Esofaguectomía segmentaria y reconstrucción en un tiempo (esofagogastrostomía, esofagoduodenostomía, etc.).;637,5;127,5;212,25;361;2;;A;
80103;"Esofaguectomía total (como único tratamiento o primer tiempo; incluye las ostomías).";303;61,5;204;318;2;;A;
80104;Reemplazo de esófago.;531,75;106,5;186;361;2;;A;
80105;Esofagogastoplastia (esofagocardioplastia - esofagoplastia - Heller ).;372,75;74,25;132,75;366;2;;A;
80106;Operaciones derivativas paliativas (esofagogastro o esófago yeyuno anastomosis sin reesección esofágica).;372,75;74,25;132,75;366;2;;A;
80107;Tratamiento de la atresia esofágica, con o sin fístula en un tiempo.;797,25;159,75;217,5;366;2;;A;
80108;Esofagotomía exploradora por vía torácica o abdominal (con extracción de cuerpo extra?o, etc.). Esofagorrafia por herida, ruptura, etc.;372,75;74,25;132,75;221;2;;A;
80109;Escisión de divertículo esofágico intratorácico.;372,75;74,25;132,75;268;2;;A;
80110;Esofagotomía o esofagorrafía de esófago cervical (exploradora extracción de cuerpo extra?o, herida, ruptura).;252,75;51;104,25;220;2;;A;
80111;Escisión de divertículo de esófago cervical.;252,75;51;104,25;225;2;;A;
80112;Intubación de esófago (por gastrotomía) (Op. de Go?i Moreno).;201,75;39,75;87;221;1;;A;
80113;Colocación de tubo de Soutard.;101,25;30;80,25;78;1;;A;
80201;Dermolipectomía abdominal con o sin reconstrucción del ombligo, con o sin Hernioplastía umbilical (con autorización previa de la obra social).;252,75;51;104,25;228;2;;A;
80202;Hernioplastia diafragmática o isquirrectal.;252,75;51;104,25;270;2;;A;
80203;Hernioplastia inguinal, crural, epigástrica, umbilical, obturatriz, etc.;191,25;36,75;80,25;220;1;;A;
80204;Tratamiento quirúrgico del onfalocele.;252,75;51;104,25;220;1;;A;
80205;Hernioplastia bilateral.;201,75;39,75;87;228;1;;A;
80206;"Eventración; hernia recidivada.";228;45;87;225;1;Corresponde la aplicaió;A;
80207;Cierre de pared abdominal por evisceración. (X);119,25;30;80,25;124;1;Dictámenes del I.N.O.S.;A;
80208;Laparatomía exploradora-evacuadora-extracción cuerpo extracción con o sin toma de biopsia. (X);119,25;30;80,25;218;1;;A;
80209;Enterolisis (debridamiento intestinal) como única operación. (X);201,75;39,75;87;218;1;;A;UNICO CODIGO
80210;Laparascopía con luz fría (incluye biopsia). (X);66;0;0;100;0;;A;
80211;Laparascopía convencional (incluye biopsias dirigidas).;39,75;0;0;45;0;;A;
80212;Peritoneocentesis evacuadora, diagnóstica o para neumoperitoneo retroneumoperitoneo (por sesión). (X);0;0;0;7;0;;A;INCLUIDO EN CONSULTA
80213;Escisión de tumor retroperitoneal (excluídos de ri?on y suprarrenal).;252,75;61,5;127,5;266;2;;A;
80214;Drenaje de absceso subfrénico (como única operación).;201,75;39,75;87;223;2;;A;
80216;HERNIOPLASTIA DIAFRAGMATICA CON FUNDOPLICATURA VIDEOLAPAROSCOPICA;;;;;;;;
80217;VIDEOLAPAROSCOPIA CON BIOPSIA O DIAGNOSTICA;;;;;;;;
80301;Gastrectomía total.;531,75;106,5;186;361;2;;A;
80302;Gastrectomía subtotal o regastrectomía (con o sin vagotomía). (X);303;61,5;104,25;271;2;;A;
80303;Gastrotomía (exploración-extracción de cuerpo extra?o). Escisión local de úlcera o tumor benigno de estómago.;201,75;39,75;87;220;1;;A;
80304;Gastrostomía (como única operación).;178,5;34,5;80,25;220;1;;A;
80305;Gastrorrafía (úlcera gástrica perforada, herida, traumatismo).;201,75;39,75;87;223;1;;A;
80306;Gastroduodenostomía-gastroyeyunostomía (como única operación).;252,75;51;104,25;223;2;;A;
80307;Vagotomía con píloroplastia o con gastroenteroanastomosis.;252,75;51;127,5;271;2;;A;
80308;Piloromiotomía-píloroplastia.;228;45;104,25;223;2;;A;
80309;Cierre o eliminación de gastroenteroanastomosis.;252,75;51;104,25;271;2;;A;
80310;Cierre de fístula gastrocólica o gastroyeyunocólica.;425,25;84,75;159,75;276;2;;A;
80311;Cierre de gastrostomía u otra fístula externa de estómago.;228;45;104,25;223;2;;A;
80401;Enterectomía de yeyuno o ileon. (X);228;45;104,25;268;2;;A;
80402;Escisión divertículo de Meckel.;178,5;34,5;87;223;1;;A;
80403;Enterostomía. Esterostomía temporaria o definitiva. Enterorrafía.? Cierre de enterostomias. Cierre de fístulas enterocutáneas. Devolvulación y desinvaginación intestinal (como únicas operaciones). (X);228;45;104,25;223;2;;A;
80404;Derivaciones intestinales internas como única operación (entero entéricas en general, yeyuno ileal, íleo-transversa, íleo rectal, etc.).;252,75;51;104,25;223;2;;A;
80405;Operación plástica en ileostomía (como única operación).;61,5;30;80,25;125;1;;A;UNICO CODIGO
80406;Plicatura de intestino delgado (Operación de Noble, Operación de Child).;252,75;51;104,25;263;2;;A;
80407;GASTROSTOMIA POR FIBROSCOPIA;;;;;;;;
80408;VAGOTOMIA CON O SIN PILOROPLASTIA POR VIDEOSCOPIA;;;;;;;;
80409;CIRUGIA GASTRICA DE PROCESOS BENIGNOS POR VIDEOSCOPIA;;;;;;;;
80410;CIRUGIA GASTRICA DE PROCESOS MALIGNOS POR VIDEOSCOPIA;;;;;;;;
80501;Colectomía total (sin recto) con restitución del tránsito en un tiempo.;531,75;106,5;186;361;2;;A;
80502;Colectomía total (sin recto) con ileostomía temporaria o definitiva.;425,25;84,75;159,75;361;2;;A;
80503;Hemicolectomía (derecha o izquierda). (X);372,75;74,25;132,75;233;2;;A;
80504;Colectomía segmentaria (resección segmentaria de colon, colectomía transversa - operación de Hartman). (X);252,75;51;104,25;225;2;;A;
80505;Resección anterior (Operación de Dixon o de Maunsen).;303;61,5;127,5;266;2;;A;
80506;Operaciones radicales para el megacolon (sigmoideorectal) - tipo Duhamenl o Swenson o similares. Vía abdóminoperineal,efectuada por dos equipos quirúrgicos.;531,75;106,5;186;372;2;;A;
80507;Operaciones radicales para el megacolon (sigmoideorectal) tipo Duhamenl o Swenson o similares.;345;69;0;0;2;;A;
80508;Colon protectomía total (incluye iteostomía).;797,25;159,75;239,25;266;2;;A;
80509;Protosigmoidectomía abdóminoperineal (Operación de Miles).;637,5;127,5;207,75;372;2;;A;
80510;Proctosigmoidectomía abdóminoperineal efectuada por dos equipos quirúrgicos.;372,75;74,25;0;0;1;;A;
80511;Protectomía.;252,75;51;104,25;268;1;;A;
80512;Protectomía con prostatectomía o colpectomía.;303;61,5;127,5;318;2;;A;
80513;Rectotomía, sigmoidotomía (por vía abdominal) con o sin colonoscopía.;201,75;39,75;87;225;1;;A;
80514;Proctotomía con descompresión (ano imperforado).;101,25;30;80,25;179;1;;A;
80515;Descenso transanal (atresia ano rectal) por vía perineal.;252,75;51;127,5;266;1;;A;
80516;Operación plástica en malformaciones congénitas anorectales. Vía abdóminoperineal.;531,75;106,5;239,25;366;2;;A;
80517;CIRUJANO VIA PERINEAL;425,25;84,75;0;0;1;;A;
80518;Proctorrafia;201,75;39,75;87;220;2;;A;
80519;Proctopexia. Prolapso de recto via abdominal (op de Lahauthorr o similares).;252,75;51;104,25;225;2;;A;
80520;Confección o cierre de fístula rectovesical, rectouretral, Rectovaginal.;252,75;51;104,25;225;2;;A;
80521;Colostomía temporaria o definitiva (como única intervención). (X);228;45;104,25;178;1;;A;UNICO CODIGO
80522;Operación plástica en colostomía (como única intervención).;61,5;30;80,25;125;1;;A;
80523;Drenaje de absceso perirrectal o de absceso de Douglas.;39,75;0;0;89;0;;A;
80524;Apendicectomía. (X);168;34,5;80,25;179;1;;A;
80525;Extracción instrumental de fecalomas inaccesibles, con anestesia general o regional.;119,25;0;80,25;49;0;;A;
80526;Extracción manual de fecaloma. (X);39,75;0;0;7;0;;A;
80599;APENDICETOMIA POR VIDEOLAPAROSCOPIA;;;;;;;;
80601;Anoplastia (estenosis)con o sin esfinterotomía o esfinterctomía.;80,25;30;80,25;120;1;;A;
80602;Anoplastia por estenosis con deslizamientos de colgajos pediculados.;201,75;39,75;87;120;1;;A;
80603;Esfinteroplastia tipo Pikrel o similar incluye evntual colostomía.;372,75;74,25;132,75;222;2;;A;
80604;Esfinteroplastia tipo plicatura o similar. Esfinterorrafia (esfinter externo).;119,25;30;80,25;120;1;;A;
80605;Cerclaje de ano.;39,75;30;80,25;55;1;;A;
80606;Hemorroidectomía (con o sin fisura anal).;80,25;30;80,25;120;1;Cuando se realiza el có;A;
80607;Trombectomía, infartectomía (trombosis hemorrodaria). (X);21,75;0;0;26;0;;A;
80608;Tratamiento quirúrgico del prolapso mucoso (Op. de Witehead o Buie. Plástica de ano húmedo (con o sin deslizamiento de colgajo).;101,25;30;80,25;120;1;;A;
80609;Tratamiento de las hemorroides con ligadura elástica.;39,75;0;0;26;0;Dictámenes del I.N.O.S.;A;
80610;Tratamiento esclerosante en hemorroides (por sesión). Máximo tres sesiónes.;12,75;0;0;7;0;Por extensión se? pued;A;
80611;Fistulectomía o fistulotomía (fístula del canal anal o fistulete). (X);101,25;30;80,25;120;1;;A;
80612;Fisurectomía, criptectomía o papilectomía con o sin esfinterotomía o esfinterectomía.;39,75;30;80,25;57;1;;A;
80613;Esfinterotomía o esfinterectomía (como única operación).;39,75;30;80,25;57;1;;A;UNICO CODIGO
80614;Escisión de lesión de piel perianal (cuerpos cutáneos, papilomas, plicomas). Biopsia de ano.Fulguración.;21,75;0;0;26;0;;A;
80615;Fulguración radical de condilomas acuminados voluminosos.;26,25;0;0;45;0;;A;
80616;Incisión y drenaje de absceso perianal. (X);30;0;0;45;0;Los gastos de curacion;A;
80617;Tratamiento radical del absceso perianal con resección de la cripta de origen.;61,5;30;80,25;120;1;;A;
80618;TRATAMIENTO DE LAS LESIONES RECTOANALES CON ULTRASONIDO (LEEP O SIMILARES);;;;;;;;
80701;Lobectomía hepática.;797,25;159;239,25;366;2;;A;
80702;Segmentectomía hepática.;478,5;95,25;186;318;2;;A;
80703;Hepatectomía parcial. Escisión radical de lesión de hígado (quiste hidatidico, amebiano, absceso, tumor, etc.).;303;61,5;127,5;268;2;;A;
80704;Hepatosotomía (marsupialización de quistes:hidatidicos, abscesos, etc.).;252,75;51;104,25;225;2;;A;
80705;Sutura de hígado (por traumatismo, herida, desgarro, etc.).;201,75;39,75;87;223;2;;A;
80706;Biopsia de hígado por laparatomía.;178,5;34,5;80,25;220;1;;A;
80707;Punción de hígado (percutánea).;39,75;0;0;45;0;;A;
80708;Colecistostomía.;201,75;39,75;87;220;2;;A;
80709;Colecistectomía (con o sin coledocotomía). (X);279;55,5;127,5;271;2;;A;
80710;Sección de ampolla Vater, transduodenal. Papilotomía : con o sin colecistectomía o coledocotomía. (X);372,75;74,25;132,75;356;2;;A;
80711;Coledocotomía (como único tratamiento).;279;55,5;127,5;271;2;;A;
80712;Anastomosis biliodigestivas simples( colecistoyeyunostomía, coledocoduodenostomía). (X);372,75;74,25;132,75;356;2;;A;
80713;Anastomosis biliodigestivas complejas ( hepatoyeyunostomía, derivación al conducto del segmento III o similares).;531,75;106,5;186;367;2;;A;
80714;Operaciones reparadoras de la vía biliar por lesión quirúrgica. Reoperación sobre vía biliar.;478,5;95,25;186;366;2;;A;
80715;Extracción instrumental completa de cálculos coledocianos (percutáneas).;201,75;0;0;26;0;;A;
80716;COLECISTECTOMIA CON O SIN COLEDOCOTOMIA;;;;;;;;
80717;COLEDOCOTOMIA UNICO TRATAMIENTO POR LAPAROSCOPIA;;;;;;;;
80718;BIOPSIA DE HIGADO POR VIDEOLAPAROSCOPIA;;;;;;;;
80720;DILATACION DE VIA BILIAR PERCUTANEA;;;;;;;;
80722;COLANGIOPANCREATECTOGRAFIA RETROGRADA ENDOSCOPICA;;;;;;;;
80723;PAPILOTOMIA Y ESFINTEROTOMIA ENDOSCOPICA CON EXTRACCION DE LITOS Y/O BIOPSIA;;;;;;;;
80801;Duodenopancreatectomía.;797,25;159,75;239,25;366;2;;A;
80802;Anastomosis pancreáticodigestivas ( pancreaticogastrotomía, pancreaticoyeyunostomía, cistogastrostomía y cistoyeyunostomía.).;425,25;84,75;159,75;273;2;;A;
80803;Escisión local de lesión de páncreas ( adenoma-secuestrectomía). Drenaje de seudo quiste.;303;61,5;127,5;271;2;;A;
80804;Escisión córporocaudal. Esplenopancreatectomía córporocaudal.;425,25;84,75;159,75;271;2;;A;
80805;Sutura de páncreas (herida-traumatismo). Biopsia de páncreas.;201,75;39,75;87;223;2;;A;
80901;Esplenectomía (como única intervención).;303;61,5;127,5;228;2;;A;
80902;Punción esplénica percutánea, espleno-portografía.;39,75;0;0;45;0;;A;
81001;TRASPLANTE HEPATICO (PARCIAL) DE DONANTE VIVO;;;;;;;;
81002;TRASPLANTE HEPATICO (PARCIAL) DE DONANTE CADAVERICO;;;;;;;;
81003;TRASPLANTE HEPATICO TOTAL;;;;;;;;
90101;Linfadenectomía cervical, axilar o inguinal radical, unilateral (como única operación).;228;45;104,25;223;2;;A;UNICO CODIGO
90102;Linfadenectomía cervical, axilar o inguinal radical, bilateral (como única operación).;372,75;74,25;132,75;228;2;;A;UNICO CODIGO
90103;Escisión de lesión de conductos linfáticos (linfangioma, higroma).;303;61,5;127,5;220;2;;A;
90104;Drenaje de seno linfático-derivación.;252,75;51;104,25;223;2;;A;
90105;Linfadenectomía-Biopsia de ganglio linfático. (X);39,75;30;0;45;1;;A;
90106;Linfadenectomía.;12,75;0;0;45;0;;A;
90107;Biopsia de ganglio linfático por punción.;0;0;0;26;0;;A;INCLUIDO EN CONSULTA
90108;Disección quirúrgica para linfoadenografía (Linfoclisis).;61,5;30;0;89;1;;A;
100101;Nefrectomía total, cualquiera fuera la vía utilizada.;303;61,5;127,5;271;2;;A;
100102;Nefrectomía parcial.;372,75;74,25;132,75;271;2;;A;
100103;Nefroureterectomía total con cistectomía parcial.;425,25;84,75;159,75;356;2;;A;
100104;Nefrotomía, nefrostomía, nefropexia.;201,75;39,75;87;226;2;;A;
100105;Cirugía vásculorrenal (aneurisma, fístula, by-pass, estenosis, etc.).;425,25;84,75;159,75;276;2;;A;
100106;Transplante renal.(con autorización especial de la obra social).;23912,25;0;0;4500;0;TRANSPLANTE RENA;A;
100107;Lumbotomías (exploradora, drenaje perirrenal, biopsia a cielo abierto, fístula lumbar postnefrectomía).;201,75;39,75;87;179;1;;A;
100108;Tratmiento quirúrgico de la fístula lumbar con ri?ón funcionante.;303;61,5;127,5;179;2;;A;
100109;Biopsia renal percutánea. Pielografía percutánea.;39,75;0;0;50;0;;A;
100110;Plastia de la unión ureteropiélica. Pieloplastia. Plastias del uréter. Plastia de la unión urétero-vesical (ureterocistostomía) y tratamiento del ureterocele con técnica antirreflujo (Boari, Cassatti o similar).;303;61,5;127,5;312;2;;A;
100111;"Derivaciones ureterales a: Intestino in situ (urétero sigmoideostomía); a piel (ureterostomía cutánea).";252,75;51;104,25;312;2;;A;
100112;Derivaciones ureterales a: porciones intestinales aisladas de la circulación entérica. Reemplazo de uréter por intestino aislado.;425,25;84,75;159,75;362;2;;A;
100113;Ureterectomía parcial.;228;45;104,25;222;2;;A;
100114;Pielotomía. Pielolitotomía. Ureterotomía. Ureterostomía. Ureterolitotomía. (X);201,75;39,75;87;225;2;;A;
100115;Extracción de cálculos ureterales o cuerpo extra?o por instrumentación (dormía o similares). Incluye citoscopía.;119,25;0;80,25;118;0;;A;
100116;Tratamiento quirúrgico de la fístula ureterointestinal con o sin resección intestinal, ureterovaginal, ureterocutánea.;303;61,5;127,5;225;2;;A;
100117;NEFROSTOMIA PERCUTANEA CON O SIN NEFROSCOPIA;;;;;;;;
100118;COLOCACION DE PIGTAIL O DOBLE J ENDOSCOPICO;;;;;;;;
100119;RETIRO DE PIGTAIL O DOBLE J ENDOSCOPICO;;;;;;;;
100120;RETROPERITONEOSCOPIA;;;;;;;;
100121;PLASTIA UNION URETEROPIELICA LAPAROSCOPICA;;;;;;;;
100122;NEFROLITOTOMIA PERCUTANEA;;;;;;;;
100123;URETEROLITOTOMIA LAPAROSCOPICA CON PINZA O DORMIA;;;;;;;;
100124;URETERORRENOSCOPIA CON LITOTOMIA LITOTRICIA Y ECTOMIA POR CUALQUIER METODO;;;;;;;;
100125;LITOTRICIA EXTRACORPOREA RENAL Y/O URETERAL;;;;;;;;
100201;Cistectomía total con derivación ureteral a asa intestinal excluída de la circulación entérica (operación de Bricker o similares).;637,5;127,5;212,25;366;2;;A;
100202;Cistectomía total con derivación ureteral a intestino in situ o a piel.;531,75;106,5;186;271;2;;A;
100203;Cistectomía parcial (diverticulectomía-resección del cuello vesical-denervación vesical-reducción vesical).;252,75;51;104,25;268;2;;A;
100204;Cistoplastia (colon o iliocistoplastia, agrandamiento vesical).;531,75;106,5;186;268;2;;A;
100205;Cistoplastia para la extrofia vesical.;372,75;74,25;132,75;271;2;;A;
100206;Tratamiento quirúrgico de la fístula vesicointestinal con o sin resección entérica, vesicovaginal y/o uterina.;303;61,5;127,5;228;1;;A;
100207;Tratamiento quirúrgico de la fístula vesicocutánea .;201,75;39,75;87;228;1;;A;
100208;Cistotomía cielo abierto (cuerpo extra?o-litiasis-drenaje). Sutura vesical.;119,25;30;80,25;122;1;;A;
100209;Cistotomía por punción con trócar. Punción evacuadora vesical.;0;0;0;7;0;;A;INCLUIDO EN CONSULTA
100210;Resección endoscópica de cuello vesical, tumores vesicales, ureterocele. Litroticia.;119,25;0;80,25;120;0;;A;
100211;Tratamiento de la incontinencia de orina en la mujer por vía vaginal.;101,25;30;80,25;120;2;;A;
100212;Tratamiento de la incontinencia de orina (vía abdominal) en la mujer (Marshall-Marchetti-Bursch o similares) o perineal en el hombre.;201,75;39,75;87;179;2;;A;
100213;Tratamiento de la incontinencia de orina en la mujer por ambas vías (abdominal y vaginal).;252,75;51;104,25;220;2;;A;
100301;Epispadias o hipospadias, por tiempo operatorio.;101,25;30;80,25;220;1;;A;
100302;Uretroplastia: Por traumatismo, corrección de fístula uretrorrectal o uretrovaginal o uretrocutánea. Tratamiento quirúrgico de la estrechez uretral a cielo abierto.;201,75;39,75;87;228;1;;A;
100303;Uretromía externa (derivativa, por extracción de cálculo o de cuerpo extra?o). Uretromía interna. Biopsia uretral a cielo abierto.;61,5;30;80,25;117;1;;A;
100304;Uretrorrafia por desgarro, herida, etc.;80,25;30;80,25;222;1;;A;
100305;Meatotomía.;12,75;0;0;26;0;;A;
100306;Electrocoagulación o resección endoscópica de tumores uretrales, Veru Montanum o valvas.;61,5;0;80,25;117;0;;A;
100401;Prostatectomía radical.;372,75;74,25;132,75;323;2;;A;
100402;Adenomectomía de próstata con o sin vasectomía bilateral o meatotomía. (X);303;61,5;127,5;266;2;;A;
100403;Resección de fibrosis y cicatrices del cuello de la vejiga postadenomectomía.;201,75;39,75;104,25;179;2;;A;
100404;Resección endoscópica (transuretral) de próstata. Resección endoscópica de fibrosis y cicatrices del cuello de la vejiga postadenomectomía. (X);201,75;0;87;268;0;Al realisarse la resecci;A;
100405;Vesiculiectomía (como úncia operación) uni o bilateral.;201,75;39,75;87;220;2;;A;
100406;Prostatomía. Drenaje.;61,5;0;80,25;179;0;;A;
100407;Biopsia prostática por punción.;12,75;0;0;18;0;;A;
100501;Orquidectomía unilateral completa con vaciamiento ganglionar intraabdominal.;531,75;106,5;186;268;2;;A;
100502;Orquidectomía sub-albugínea bilateral.;101,25;30;80,25;179;1;;A;
100503;Orquidectomía unilateral.;61,5;30;80,25;121;1;;A;
100504;Orquidopexia unilateral (Cualquiera fuera la técnica empleada) con o sin tratamiento de hernia concomitante. (X);201,75;39,75;87;179;1;;A;
100505;Orquidopexia bilateral con o sin tratamiento de hernia con comitante.;303;61,5;127,5;220;1;;A;
100506;Tratamiento quirúrgico del hidrocele, varicocele, torsión, quiste de cordón. (X);80,25;30;80,25;120;1;;A;
100507;Biopsia de testículo.;39,75;30;80,25;120;1;;A;
100508;Escrotoplastia.;101,25;30;80,25;121;1;;A;
100509;Drenaje de absceso testicular, escisión de lesión local de testículo.;21,75;0;0;26;0;;A;
100510;Punción de derrame escrotal.;9;0;0;26;0;;A;
100601;Epididimectomía bilateral.;178,5;34,5;80,25;124;1;;A;
100602;Epididimectomía unilateral.;101,25;30;80,25;119;1;;A;
100603;Epididimovasostomía, anastomosis de conducto deferente.;101,25;30;80,25;178;1;;A;
100604;Epididimotomía y drenaje.;21,75;0;0;26;0;;A;
100605;Anastomosis del conducto deferente.;80,25;30;80,25;120;1;;A;
100606;Biopsia del epidídimo.;39,75;30;80,25;46;1;;A;
100607;Vasectomía ligadura del conducto deferente, uni o bilateral como única operación.;39,75;30;80,25;119;1;;A;UNICO CODIGO
100701;Amputación radical o parcial de pene con vaciamiento ganglionar.;303;61,5;127,5;361;2;;A;
100702;Amputación completa o parcial de pene.;119,25;30;80,25;223;1;;A;
100703;Operación plástica del pene (por tiempo operatorio).;80,25;30;80,25;124;1;;A;
100704;Escisión total de lesión de pene.;39,75;30;80,25;120;1;;A;
100705;Biopsia del pene.;21,75;0;0;26;0;;A;
100706;Cavernostomía. Punción de cuerpos cavernosos.;39,75;0;0;26;0;;A;
100707;Resección de esclerosis en cuerpos cavernosos.;119,25;30;80,25;46;1;;A;
100708;Shunt caverno-esponjoso o caverno-safeno.;201,75;39,75;87;124;2;;A;
100709;Postioplastia (fimosis) incluye frenulotomía. Escisión de cuerda ventral.;80,25;30;80,25;118;1;;A;
100710;Circuncisión.;39,75;30;80,25;74;1;;A;
100711;Incisión dorsal o lateral del prepucio. Frenulotomía.;21,75;0;0;45;0;;A;
101010;PLASTIA UNION URETEROPIELICA - IDEM CODIGO 10.01.10;;;;;;;;
101101;COLOCACION DE STENT URETRAL;;;;;;;;
101102;TRATAMIENTO ENDOSCOPICO DE LESIONES DE PROSTATA Y VEJIGA POR MEDIOS FISICOS Y QUIMICOS;;;;;;;;
110101;Resección cuneiforme de ovarios. Extirpación de ovario. Ooforoplastía (implantación de ovario en útero). Ooforosalpingectomía. Salpingoplastia. Salpingectomía. Uni o bilateral.;119,25;30;80,25;220;1;;A;
110102;Culdoscopía o laparascopía con luz fría (celioscopía con hidrotubación o biopsia de ovario o debridación). (No incluye utilización equipo fibroscópico).;80,25;0;0;142;0;Dictámenes del I.N.O.S.;A;
110103;Celioscopía, culdoscopía o laparascopía convencional con hidrotubación biopsia o debridación.;61,5;0;80,25;74;0;;A;
110104;Ligadura de trompas (como única operación).;101,25;30;80,25;179;1;;A;
110105;Microcirugía para el tratamiento de la esterilidad uni o bilateral (con reconocimiento previo de la obra social).;372,75;74,25;132,75;366;1;;A;
110201;"Histerectomía radical; colpoanexohisterectomía total ampliada. (Operación de Werthein o de Meigs). (X)";425,25;84,75;159,75;366;2;;A;
110202;Exenteración pelviana. (Operación Brusgwig total, anterior o posterior).;478,5;95,25;186;366;2;;A;
110203;Histerectomía con o sin anexectomía, por vía abdominal o vaginal con o sin colpoperineorrafía. (X);201,75;39,75;87;271;2;;A;
110204;Miomectomía uterina abdominal (como única operación).;201,75;39,75;87;223;1;;A;
110205;Miomectomía vaginal (mioma-nacens).;61,5;30;80,25;122;1;;A;
110206;Miomectomía vaginal por histerotomía, con liberación de vejiga, etc.;178,5;34,5;80,25;179;1;;A;
110207;Histerorrafia (fuera del parto).;201,75;39,75;87;222;1;;A;
110208;Operación correctora de los vicios de conformación del útero.;201,75;39,75;87;228;2;;A;
110209;Corrección quirúrgica de inversión uterina por vía abdominal. Histeropexia con o sin resección ganglio pre-sacro por vía abdominal.;178,5;34,5;80,25;178;2;;A;
110210;Raspado uterino terapéutico. (X);39,75;0;80,25;122;0;;A;
110211;Raspado uterino diagnóstico, con o sin biopsia de cuello o aspiración endometrial para citología exfoliativa. (X);12,75;0;80,25;122;0;La biopsia de endometr;A;
110212;Amputación de cuello (traquelectomía). Traqueoplastia (fuera de parto).;101,25;30;80,25;122;1;;A;
110213;Conización de cuello (como única práctica). (X);101,25;30;80,25;122;1;;A;
110214;Traquelorrafía (fuera del parto). Cerclaje de cuello uterino. (X);61,5;30;80,25;68;1;;A;
110215;Escisión local de lesión de cuello (pólipo). Electrocuagulación de cuello o cauterización quimica (tratamiento completo). Biopsia de cuello (como única operación). (X);21,75;0;0;26;0;;A;
110216;Aplicación de radium extra o intrauterino-por aplicación.;21,75;0;0;89;0;;A;
110217;Colocación de dispositivo intrauterino, (incluye el dispositivo) con reconosimiento previo de la obra social.;12;0;80,25;120;0;;A;
110219;CONIZACION DE CUELLO POR LEEP;;;;;;;;
110301;Tratamiento quirúrgico de la agenesia vaginal por procedimientos visceroplásticos.;425,25;84,75;212,25;235;2;;A;
110302;Tratamiento quirúrgico de la agenesia vaginal por procedimientos no visceroplásticos.;303;61,5;127,5;235;2;;A;
110303;Colporrafia anterior y/o posterior, con o sin amputación de cuello, con o sin corrección de retroversión uterina, con o sin perinorrafia. Incluye tratamiento de l incontinencia de orina.;201,75;39,75;87;223;2;;A;
110304;Colporrafía por herida, desgarro, etc. (Fuera del parto).;80,25;30;80,25;178;1;;A;
110305;Colporrafía posterior con reconstrucción del efinter anal. (Desgarro perineal complicado).;201,75;39,75;87;223;2;;A;
110306;Colpopexia por vía abdominal.;178,5;34,5;80,25;180;1;;A;
110307;Colpopexia combinada (por vía adominal y vaginal).;201,75;39,75;87;183;2;;A;
110308;Colpocleisis completa o parcial.;119,25;30;80,25;178;1;;A;
110309;Colpotomía: Vaginotomía de drenaje (absceso pelviano). Escicsión Local de lesión de vagina. (X);39,75;0;0;89;0;;A;
110310;Vaginismo (opreción de Pozzi). Resección de tabique vaginal.;61,5;30;80,25;73;1;;A;
110311;Biopsia de vagina. Punción de vagina, (diagnóstica exploradora). Punción de fondo de saco de Douglas. (X);12,75;0;0;26;0;;A;
110312;Vulvectomía radical (incluye vaciamiento ganglios linfáticos inguinales).;372,75;74,25;132,75;286;2;;A;
110313;Vulvectomía simple.;178,5;34,5;80,25;180;1;;A;
110314;Escisión de labios mayores, labios menores, de glándulas de Bartholino, de glándulas de Skene, Clitoridectomía. (X);39,75;30;80,25;73;1;;A;
110315;Himenotomía. incisión y drenaje de vulva, glándula Bartholino, glándula Skene (Absceso). (X);12,75;0;0;89;0;Este código correspon;A;
110316;Episiorrafia, perineorrafia o episioperineorrafia (fuera del parto).;39,75;30;80,25;122;1;;A;
110317;Perineoplastia, episioperineoplastia.;80,25;30;80,25;122;1;;A;
110318;ABLACION DE LESIONES DE VULVA Y VAGINA CON LASER;;;;;;;;
110319;ABLACION DE LESIONES DE CUELLO CON CRIOCIRUGIA;;;;;;;;
110401;Parto. (X);228;0;0;166;0;Paro normal, parto pato;A;
110402;Evacuación uterina en el segundo trimestre del embarazo, con mecanismo de parto. (X);119,25;0;0;89;0;Cuando se realiza el có;A;
110403;Operación cesarea clásica, extraperitoneal, vaginal. (X);228;45;87;166;1;N.R.:? Ver normas sobr;A;
110404;Atención del alumbramiento o puerperio y/o sus complicaciones (cunado el parto no fue asistido por médico).;39,75;0;0;26;0;La atención del alumbr;A;
110405;Amniocentésis transabdominal o vía vaginal. (X);39,75;0;0;16;0;;A;
110501;CIRUGIA LAPAROSCOPICA GINECOLOGICA;;;;;;;;
110502;VIDEOHISTEROSCOPIA DIAGNOSTICA;;;;;;;;
110503;VIDEOHISTEROSCOPIA TERAPEUTICA;;;;;;;;
120201;Columna cervical, dorsal o lumbar. (X);178,5;0;87;26;0;;A;
120202;Esternón escápula, húmero, (excepto supracondilea) cúbito y/o radio, uno o más huesos del carpo, peroné uno o más huesos del tarso (excluídos astrágalo y calcáneo), maxilar superior, maxilar inferior.;54;0;80,25;23;0;;A;
120203;Pelvis, femur, tibia y peroné, astrágalo, calcáneo supracondilea de húmero. (X);119,25;0;80,25;23;0;;A;
120204;Clavícula, costillas, rótula, metacarpianos o metatarsianos (de un mismo miembro), falanges (de un mismo dedo), huesos propios de la nariz, malar. (X);26,25;0;0;0;0;;A;
120301;Columna cervical, dorsal o lumbar.;372,75;74,25;132,75;276;2;;A;
120302;Húmero, pelvis, sacro, femur, tibia, tibia y peroné, cúbito y radio. Disyunción craneofacial (Lefor III). (X);228;45;104,25;271;2;;A;
120303;Cúbito radio, tercio inferior, uno o más huesos del carpo, primer metacarpiano, uno o mas huesos del tarso, maxilar inferior o superior. (X);119,25;30;80,25;220;1;;A;
120304;Esternón, costillas, clavícula, escapula, rótula.;80,25;30;80,25;220;1;;A;
120305;Metacarpiano (excepto el primer metacarpiano)o metatarsiano falanges (de un mismo dedo), malar, huesos propios de la nariz. (X);61,5;30;80,25;171;1;;A;
120401;Vértebras, laminectomía como única operación, sacro, hemandibulectomía.;228;45;104,25;351;2;;A;
120402;Coxal, femur, húmero.;178,5;34,5;80,25;180;2;;A;
120403;Esternón, escápula, cúbito, radio, carpo, tibia, peroné, tarso, huesos de la cara.;101,25;30;80,25;180;1;;A;
120404;Costilla, clavícula, metacarpiano, metatarsiano, falange, rótula.;61,5;30;80,25;130;1;;A;
120405;Punción biopsia de vértebra. (X);80,25;0;0;26;0;;A;
120406;Punción biopsia de cualquier otro hueso. (X);21,75;0;0;20;0;"Este código ""punción b";A;
120501;Escápula, húmero isquion.ilion.;252,75;51;104,25;271;2;;A;
120502;Coxal, femur, tibia, húmero, maxilar superior o inferior.;279;55,5;127,5;318;2;;A;
120503;Cúbito, radio, peroné, carpo(uno o más huesos), astrágalo y/o calcaneo, otros huesos del tarso (uno o más huesos), costillas del mismo lado, malar.;201,75;39,75;87;219;2;;A;
120504;Clavícula, rótula, metatarsiano o metacarpiano, falanges (de un mismo dedo), huesos propios de la nariz.;101,25;30;80,25;178;1;;A;
120601;Femur, tibia, tibia y peroné.;201,75;39,75;87;270;2;;A;
120602;Húmero, cúbito y/o radio, astrágalo y/o calcáneo, otros huesos del tarso, maxilar superior o inferior.;119,25;30;80,25;223;2;;A;
120603;Metacarpiano, metatarsiano, falanges (de un mismo dedo).;39,75;30;80,25;218;1;Este código no podrá f;A;NO FACTURABLE CON OTROS CODIGOS
120701;Clavícula.;80,25;30;80,25;177;1;;A;
120702;Húmero.;252,75;51;104,25;330;2;;A;
120703;Cúbito, radio, carpo, hueso de la cara.;119,25;30;80,25;220;2;;A;
120704;Metacarpiano.;80,25;30;80,25;203;1;;A;
120705;Una o más falanges de un mismo dedo.;61,5;30;80,25;150;1;;A;
120706;Femur, tibia, peroné. (X);252,75;51;104,25;330;2;;A;
120707;Astrágalo, calcáneo, otros huesos del tarso.;119,25;30;80,25;220;1;;A;
120708;Metatarsiano, una o más falanges de un mismo dedo.;61,5;30;80,25;203;1;;A;
120801;Artrocentesis (diagnóstica, terapéutica, para artrografía).;9;0;0;7;0;;A;
120901;Sacro-ilíaca, condro-costal, condro-esternal, esterno-clavicular, acromio-clavicular, codo, mu?eca, carpo-metacarpiana, tobillo, tarso-metatarsiana,témporo maxilar.;101,25;30;80,25;220;1;;A;
120902;Hombro,cadera, rodilla.;178,5;34,5;80,25;177;1;;A;
120903;Metacarpo o metatarso-falángica, interfalángica.;39,75;30;80,25;116;1;;A;
121001;Cadera.;303;61,5;127,5;312;2;;A;
121002;Rodilla.;201,75;39,75;127,5;312;2;;A;
121003;Hombro, codo, mu?eca, cuello de pie, témporo-maxilar.;201,75;39,75;104,25;312;2;;A;
121004;Esterno-clavicular, carpo, tarso, tarso-metatarsiana.;178,5;34,5;80,25;267;2;;A;
121005;Acromio-clavicular, metacarpo-falángica, metatarso-falángica, interfalángica.;80,25;30;80,25;220;1;;A;
121006;PROTESIS DE ORTOPEDIA Y TRAUMATOLOGIA;;;;;;;;
121101;Columna cervical, dorsal o lumbar (menos de tres vértebras).;252,75;51;127,5;312;2;;A;
121102;Columna cervical, dorsal o lumbar, cadera, rodilla (más de tres vértebras).;303;61,5;153,75;356;2;;A;
121103;Hombro, codo.;252,75;51;104,25;313;2;;A;
121104;Esterno-clavicular, mu?eca, tarso (simple, tibiotarsiana), tarso, metatarsiana, sínfisis pubiana.;178,5;34,5;80,25;267;1;;A;
121105;Doble artrodesis (Chopart-subastragalina).;252,75;51;104,25;267;2;;A;
121106;Triple artrodesis (Tibiotarsiana, Chopart-subastragalina).;303;61,5;127,5;305;2;;A;
121107;Metacarpo-falángica, metatarso-falángica, interfalángica.;80,25;30;80,25;177;1;;A;
121201;Esterno-clavicular, acromio-clavicular, codo, mu?eca, carpo, carpo-metacarpiana, tobillo, tarso, tarso-metatarsiana. (X);80,25;30;80,25;177;1;;A;
121202;Hombro, cadera, rodilla, témporo maxilar. (X);119,25;30;80,25;222;1;;A;
121203;Metacarpo o metatarso-falángica, interfalángica.;39,75;30;80,25;119;1;;A;
121204;Escisión o incisión, biopsia, drenaje o extracción de depósitos calcáreos de bolsas serosas de cualquier articulación.;61,5;30;80,25;119;1;;A;
121301;Columna cervical, dorsal o lumbar. Tratamiento incruento e inmovilización. (X);61,5;0;0;150;0;;A;
121302;Cadera, rodilla.Tratamiento incruento e inmovilización. (X);48;0;0;97;0;;A;
121303;Clavícula, hombro, codo, mu?eca, metacarpo, tobillo, tarso y metatarso.Tratamiento incruento e inmovilización. (X);39,75;0;0;97;0;;A;
121304;Metacarpo o metatarso-falángicas (una o más luxaciones de un mismo miembro), témporo maxilar.Tratamiento incruento e inmovilización. (X);21,75;0;0;51;0;;A;
121305;Columna cervical, dorsal o lumbar.Tratamiento quirúrgico e inmovilización.;303;61,5;127,5;353;2;;A;
121306;Cadera, rodilla.Tratamiento quirúrgico e inmovilización.;252,75;51;104,25;353;2;;A;
121307;Clavícula, hombro, codo, mu?eca, metacarpo, tobillo, tarso y metatarso, témporo-maxilar. Tratamiento quirúrgico e inmovilización.;101,25;30;80,25;179;1;;A;
121308;Metacarpo o metatarso-falángica.Tratamiento quirúrgico e inmovilización.;61,5;30;80,25;179;1;;A;
121401;Miectomías, (miositis oscificante, hipertrofias, neoplastias) con vaciamiento de celda muscular o extirpación total de grupo muscular.;119,25;30;80,25;177;2;;A;
121402;Insición de músculos, escisión de lesión local (exploración, extracción de cuerpo extra?o, drenaje, biopsia, miorrafias).;61,5;30;80,25;107;1;;A;
121501;Exploración, drenaje, extracción, Incisión, escisión, biopsia, tenotomía, fasciotomía. (X);39,75;30;80,25;219;1;;A;
121502;Reparación y sutura (tenorrafia) de tendón flexor de la mu?eca o de dedo de la mano. (X);80,25;30;80,25;184;1;;A;
121503;Tenoplastia con alargamiento o acortamiento o injerto o transferancia tendinosa de tendón flexor de la mu?eca o de dedo de la mano.;119,25;30;80,25;230;1;;A;
121504;Reparacion y sutura (tenorrafia) en tendón extensor de la mu?eca o de dedo de la mano. (X);61,5;30;80,25;178;1;;A;
121505;Tenoplastia con alargamiento o acortamiento o injerto o transferencia de tendón extensor de la mu?eca o de dedo de la mano.;80,25;30;80,25;230;1;;A;
121506;Reparación y sutura (tenorrafia) de otro tendón que no sea de la mu?eca o de dedo de la mano. (X);61,5;30;80,25;179;1;;A;
121507;Tenoplastia con alargamiento o acortamiento o injerto o transferencia de otro tendón que no sea de la mu?eca o dedo de la mano.;101,25;30;80,25;180;1;;A;
121508;Tratamiento de la secuela por parálisis (poliomelitis), sección nerviosa, parálisis obstétrica, etc. Por tenoplastias y/o transferencias tendinosas únicas o múltiples en una misma región de miembro superior o inferior.;252,75;51;104,25;271;2;;A;
121509;Escisión ganglión.;39,75;0;0;50;0;;A;
121601;Interscapulotorácica.;372,75;74,25;132,75;361;2;;A;
121602;Hombro.;228;45;87;228;2;;A;
121603;Brazo, codo, antebrazo, mu?eca, mano.;119,25;30;80,25;179;1;;A;
121604;Interileoabdominal.;425,25;84,75;159,75;361;2;;A;
121605;Cadera.;303;61,5;127,5;361;2;;A;
121606;Muslo o rodilla.;178,5;34,5;80,25;267;1;;A;
121607;Pie o pierna.;101,25;30;80,25;220;1;;A;
121608;Dedo de la mano.;61,5;30;80,25;65;1;;A;
121609;Dedo del pie.;39,75;30;80,25;65;1;;A;
121701;Discectomía cervical, dorsal o lumbar.;303;61,5;127,5;361;2;;A;
121702;Discectomía cervical, dorsal o lumbar con artrodesis.;425,25;84,75;159,75;375;2;;A;
121703;Tratamiento quirúrgico de la elevación congénita de escápula.;201,75;39,75;87;313;1;;A;
121704;Tenotomías y/o fasciotomías únicas o múltiples para el tratamiento de tortícolis.;80,25;30;80,25;179;1;;A;
121705;Operaciones en el hueco supraclavicular por síndrome del escaleno (resección de costilla cervical supernumeraria, tenotomía o miectomía, escisión, etc.).;178,5;34,5;80,25;267;1;;A;
121706;Tratamiento quirúrgico de la luxación inveterada o recidivante de hombro. Tratamiento quirúrgico de la enfermedad de Dupuytren.;178,5;34,5;80,25;227;1;;A;
121707;Aponeurotomía (fasciotomía subcutanea).;61,5;30;80,25;227;1;;A;
121708;Aponeurectomía parcial o total.;119,25;30;80,25;227;1;;A;
121709;Aponeurectomía parcial (incluye toma de injerto).Tratamiento quirúrgico de la Sindactilia.;228;45;104,25;227;1;;A;
121710;De un espacio digital, sin injerto.;61,5;30;80,25;182;1;;A;
121711;De un espacio digital, con injerto (inluye toma de injerto).;80,25;30;80,25;182;1;;A;
121712;Reconstruccion total del pulgar por transposición.;531,75;106,5;159,75;214;1;;A;
121713;Reconstruccion parcial del pulgar, en uno o más tiempos.;303;61,5;127,5;179;1;;A;
121714;Luxación congénita de cadera, reducción incruenta, extemporánea (Petit).;252,75;0;0;0;0;;A;
121715;Luxación congénita de cadera, reducción cruenta con o sin cirugía del cótilo y/o femur.;372,75;74,25;159,75;356;2;;A;
121716;Displasia de cadera sin luxación, tratamiento qui rúrgico (Salter, Pemberton, Colonna, Chiard, etc.).;372,75;74,25;159,75;313;2;;A;
121717;Epifisiolisis de cadera (coxa vara del adolescente) tratamiento quirúrgico.;372,75;74,25;132,75;313;2;;A;
121718;Tratamiento quirúrgico de la luxación traumática inveterada de cadera.;372,75;74,25;132,75;313;2;;A;
121719;Cuadricepsplastia (Judet, etc.).;201,75;39,75;87;313;1;;A;
121720;Luxación recidivante de rótula.;119,25;30;80,25;123;1;;A;
121721;Pie zambo varo equino supinado, tratamiento quirúrgico.;228;45;104,25;223;1;;A;
121722;Pie equino, tratamiento quirúrgico.;178,5;34,5;80,25;123;1;;A;
121723;Pie plano o pie cavo, tratamiento quirúrgico.;228;45;104,25;223;1;;A;
121724;Seudoexostosis de Haglund.;61,5;30;80,25;180;1;;A;
121725;Tratamiento quirúrgico de pie hendido.;178,5;34,5;80,25;123;1;;A;
121726;Tratamiento quirúrgico completo de Hallus Valgus Simple y/o Metatarsus Varus Primus, Hallus Varus.;178,5;34,5;80,25;264;1;Este código 12.17.26 c;A;
121727;Tratamiento quirúrgico del dedo en garra en martillo, del quinto superducuts, del juanetillo de sastre.;61,5;30;80,25;175;1;Apliación de la norma.;A;NO FACTURABLE CON OTROS CODIGOS
121728;Exeresis del neuroma de Morton.;61,5;30;80,25;55;1;;A;
121801;Musculares, periarticulares, tendinosas, de fascias, de ganglión.;9;0;0;7;0;;A;
121802;Movilización forzada de articulación (bajo anestesia general).;21,75;0;80,25;27;0;;A;
121901;Fronda articulada para maxilares.;12,75;0;0;60;0;;A;
121902;Yeso para nariz.;9;0;0;10;0;;A;
121903;Minerva.;54;0;0;162;0;;A;
121904;Collar de Shani enyesado.;9;0;0;20;0;;A;
121905;Vendaje de Shani.;9;0;0;20;0;;A;
121906;Corsét. (X);39,75;0;0;110;0;;A;
121907;Corselete.;26,25;0;0;60;0;;A;
121908;Corset de Risser o similares. (X);106,5;0;0;162;0;;A;
121909;Lecho de Lorenz hasta cadera.;39,75;0;0;110;0;;A;
121910;Lecho de Lorenz hasta pie.;54;0;0;130;0;;A;
121911;Vendaje de Cíngulo para costilla. (X);9;0;0;30;0;;A;
121912;Vendaje en ocho enyesado. (X);12,75;0;0;20;0;;A;
121913;Vendaje de Robert Jones (acromio clavicular).;12,75;0;0;20;0;;A;
121914;Velpeau de yeso. (X);12,75;0;0;30;0;;A;
121915;Vendaje de Velpeau..;9;0;0;20;0;;A;
121916;Yeso tóraco-branquial. (X);54;0;0;110;0;;A;
121917;Yeso branquipalmar. (X);26,25;0;0;50;0;;A;
121918;Yeso colgante.;12,75;0;0;50;0;;A;
121919;Yeso antebraquipalmar. (X);12,75;0;0;50;0;;A;
121920;Mano de yeso. (X);9;0;0;20;0;;A;
121921;Valva larga de miembro superior. (X);12,75;0;0;20;0;;A;
121922;Valva corta de miembro superior. (X);9;0;0;20;0;;A;
121923;Yeso pelvipédico. (X);54;0;0;110;0;;A;
121924;Ducroquet.;39,75;0;0;50;0;;A;
121925;Calza de yeso (yeso cruropédico). (X);26,25;0;0;50;0;;A;
121926;Bota larga de yeso. (X);39,75;0;0;50;0;;A;
121927;Bota corta de yeso. (X);26,25;0;0;50;0;;A;
121928;Botín de yeso.;12,75;0;0;20;0;;A;
121929;Valva larga de miembro inferior. (X);26,25;0;0;20;0;;A;
121930;Valva corta de miembro inferior.;9;0;0;20;0;;A;
121931;Pasta de unna.;9;0;0;20;0;;A;
121932;Tracción contínua cutánea, tracción de partes blandas con frondas, vendajes, adhesivos, etc. (X);26,25;0;0;50;0;;A;
121933;Tracción contínua tipo Cotrel (céfalo-pélvico).;80,25;0;0;163;0;;A;
121934;Tracción contínua esquelética cefálica.;66;0;0;130;0;;A;
121935;Tracción contínua esquelética cefalopélvica o cefalofemoral.;106,5;0;0;162;0;;A;
121936;Tracción contínua esquelética de miembro superior o inferior. (X);26,25;0;0;60;0;;A;
121937;INJERTOS DE MIEMBROS CON MICROCIRUGIA;;;;;;;;
122001;ARTROSCOPIA DE HOMBRO;;;;;;;;
122002;ARTROSCOPIA DE RODILLA;;;;;;;;
122003;ARTROSCOPIA DE RODILLA CON REPARACION DE LIGAMENTO CRUZADO;;;;;;;;
130101;Escisión de quiste dermoideo sacrococcigeo.;80,25;30;80,25;141;1;;A;
130102;Escisión amplia de lesión de piel comprendiendo estructuras vecinas por tumor maligno (incluye reparación plástica). (X);61,5;30;80,25;120;1;;A;
130103;Escisión radical de angioma cavernoso mayor de 5 cm. diámetro (incluye reparación plástica).;80,25;30;80,25;177;1;;A;
130104;Escisión local de lesión de piel o glándula de piel cicatrizal, inflamatoria o tumoral benigna (quiste sebáceo, antrax, nevus, etc.). (X);21,75;0;0;45;0;;A;
130105;Incisión y drenaje de abceso, superficial, hidrosadenitis, quiste sebáseo infectado, forúnculo, panadizo, hematoma, antrax, etc. Extracción de cuerpo extra?o superficial. (X);12,75;0;0;26;0;;A;
130106;Destrucción de lesión de piel (verruga, queratosis senil, fibroma, nevus, etc.) por electrocoagulación o aplicación de sustancias químicas (hasta 5 elementos). Tratamiento completo.;9;0;0;26;0;;A;
130107;Destrucción de lesión de piel (verruga, queratosis senil, fibroma, nevus, etc.) por electrocoagulación o aplicación de sustancias químicas (más de 5 elementos). Tratamiento completo;12,75;0;0;45;0;En las lesiones múltipl;A;
130108;Biopsia de piel y/o tejido celular subcutáneo y/o muscular. (X);12,75;0;0;26;0;;A;
130109;Escisión de u?a lecho o repliegue ungueneal. (X);21,75;0;0;26;0;;A;
130110;Sutura de herida. (X);30;0;0;45;0;Los gastos de curacion;A;NO FACTURABLE CON OTROS CODIGOS
130112;Escisión de tumor de tejido celular subcutáneo (lipoma).;21,75;0;0;47;0;;A;
130113;Escisión de lipoma gigante (con reconocimiento previo de la obra social).;61,5;30;80,25;118;1;;A;
130114;Incisión y drenaje de abceso profundo subaponeurótico. Extracción de cuerpo extra?o profundo. (X);30;0;0;45;0;Los gastos de curacion;A;
130115;"Implantación de ""Pellets"" en tejido subcutáneo.";0;0;0;26;0;;A;INCLUIDO EN CONSULTA
130201;Injerto libre de grasa, dermigrasa o piel total. (X);80,25;30;80,25;218;1;;A;
130202;Preparación de colgajo tubulado, en uno o dos tiempos.;80,25;30;80,25;177;1;;A;
130203;Adelgazamiento de piel y transplante de grasa.;80,25;30;80,25;118;1;;A;
130204;Cierre plástico de herida por colgajo. (X);61,5;30;80,25;176;1;Cuando se realizan vari;A;UNICO CODIGO
130205;Transporte de tubo por tiempo operatorio.;61,5;30;80,25;118;1;;A;
130206;Operación relajante en *Z* (zetaplastia).;61,5;30;80,25;176;1;;A;
130207;Tomo o colocación de injerto de piel dermatomo.;39,75;30;80,25;74;1;;A;
130208;Dermabrasión (en caso debidamente autorizado por la obra social) por tratamiento zonal.;39,75;30;80,25;118;1;;A;
130209;Injerto pinch (por sesión operatoria).;39,75;30;80,25;118;1;;A;
130210;Diferido del colgajo, separación del pedículo.;39,75;30;80,25;176;1;;A;
130211;Preparación de colgajo y cierre plástico por rotación en un tiempo (cross-leg) incluye yeso.;80,25;30;80,25;177;1;;A;
130212;COLGAJOS MIOCUTANEOS CON ANASTOMOSIS VASCULAR;;;;;;;;
130301;Atención del paciente con quemaduras de 2? y 3? grado, hasta el 5% de superficie corporal (tome o no zonas funcionales). (X);39,75;0;0;20;0;En este código no corr;A;
130302;Atención del paciente con quemaduras de 2? y 3? grado, de más de 5% y por cada 10% o fracción de superficie corporal. (X);80,25;0;0;30;0;;A;
130303;Atencion del paciente con quemaduras de 2? y 3? grado que comprometen zonas funcionales, articulaciones, cara, genitales, de más del 5% y por cada 10% o fracción de superficie corporal. (X);101,25;0;0;40;0;En este código no corr;A;
130304;Escisión de escaras postquemaduras y/o curación del paciente quemado en quirófano con anestesia general (por sesión y por cada 10% de superficie corporal). (X);39,75;30;80,25;160;1;Anestesia general y ay;A;
140101;Testificación total;15;0;0;25;0;;C;
140102;Testificación parcial. Hasta 4 sesiones.;6;0;0;18;0;;C;
140103;Testificacion por drogas, por visita.;1,5;0;0;5;0;;C;
140104;Tratamiento desensibilizante. Incluye provisión de alergeno y las consultas que fueren necesarias. Por mes de tratamiento.;6;0;0;20;0;;C;
150101;Biopsia por incisión o por punción. Ganglio, lesión de piel, trozo de ovario, cilindro de hígado,etc. (X);26,25;0;0;4;0;Si la pieza operatora a;N;
150102;Estudio macro y microscópico de pieza operatoria simple. Vesícula simple. Vesícula biliar, ovario, placenta, estómago, etc. (los cortes que fueran necesarios). (X);39,75;0;0;8;0;Si la pieza operatoria a;N;
150103;Estudio macro y microscópico de pieza de resección oncológica ampliada. Organo y sus ganglios regionales. (los cortes que fueran necesarios). (X);66;0;0;9;0;;N;
150104;Biopsia por congelación y estudio diferido del corte. (X);54;0;0;8;0;En caso de realizarse;N;
150105;Estudio biópsico seriado y semiseriado, mínimo quince. Con autorización previa de la obra social. (X);54;0;0;8;0;Este código se refiere;N;
150106;Citología exfoliativa oncológica. (X);21,75;0;0;4;0;Con el criterio, de que;N;
150107;Citología exfoliativa hormonal. Cada cuatro extendidos.;21,75;0;0;4;0;El código presente se;N;
150108;Necropsia de neonato o lactante. Con autorización previa de la obra social.;212,25;0;0;74;0;;N;
150109;Necropsia del joven y del adulto. Con autorización previa de la obra social.;266,25;0;0;98;0;;N;
150110;Citología exfoliativa oncológica bronquial. Por tres muestras. (X);36,75;0;0;8;0;En caso de realizarse;N;
150111;Citología exfoliativa oncológica de líquidos. Lavados, trasudados, exudados, orinas, etc. (X);26,25;0;0;4;0;;N;
160101;Anestesia mínima para procedimientos diagnósticos o terapéuticos. (Incluye anestesia general y regional excluye anestesia local). (X);120,38;0;0;20;0;Si un médico traumatól;B;
160102;Analgesia regional continua. Cada veinticuatro horas.;30;0;0;30;0;Este código no puede;B;
160103;Analgesia regional por bloqueo subaracnoideo con fenol o similar.;15;0;0;7;0;;B;
160104;Hipotermia controlada y/o neuroleptoanalgesia. Por cada veinticuatro horas.;37,5;0;0;35;0;La hipotermia controlada y/o neuroleptonalgesia, podrá ser facturada solamente cuando se realice como único tratamientofuera del acto quirúrgico.;B;UNICO CODIGO
160105;Intubación endotraqueal (fuera del acto operatorio).;7,5;0;0;10;0;;B;
170101;Electrocardiograma en consultorio (con o sin prueba de esfuerzo). (X);7,5;0;0;20;0;;C;
170102;Electrocardiograma a domicilio.;7,5;0;0;30;0;;C;
170103;Electrograma del Haz de His. Incluye el cateterismo.;45;0;0;80;0;;C;
170104;Electrocardiograma de Holter (por veinticuatro horas) un canal.;60;0;0;180;0;Este código no podrá s;C;
170105;Sobreestimulación cardíaca (con electrocardiograma intracavitario, para diagnóstico y tratamiento). Incluye el cateterismo.;37,5;0;0;80;0;;C;
170106;Electrocardiograma con derivación itraesofágica.;9;0;0;25;0;;C;
170107;Vectocardiograma.;9;0;0;25;0;;C;
170108;Fonomecanocardiograma, con una derivación electrocardiográfica de reparo.;15;0;0;30;0;;C;
170109;Monitoraje operatorio (incluye el control osciloscópico, marcapaso externo, desfibrilador, respiración con presión posistiva). (X);25,5;0;0;90;0;El monitoraje operatori;C;
170110;Cardioversión en paciente no internado en sala de terapia intensiva.;7,5;0;0;20;0;La cardioversión debe i;C;
170111;Ergometría. (X);15;0;0;60;0;La ergometría y ciclogo;C;
170112;Curvas de dilución con colorantes e hidrógeno.;22,5;0;0;30;0;;C;
170113;Oscilometría (incluido en consulta);0;0;0;0;0;;C;INCLUIDO EN CONSULTA
170114;Pletismografía (incluido en consulta);0;0;0;0;0;;C;INCLUIDO EN CONSULTA
170115;Fluxometría por efecto Dopper con registro gráfico. incluye E.C.G. de referencia.;7,5;0;0;20;0;Este código puede ser;C;
170116;Termodilución.;4,5;0;0;20;0;;C;
170117;Rehabilitacón del cardiópata. Arancel global por un mes. (De ocho a doce sesiones). (X);45;0;0;100;0;La rehabilitación del cardiopata únicamente podrá realizarse en establecimientos con internación que se adecuen a lo siguiente:;C;
170118;Electrocardiograma de Holter por veinticuatro horas dos canales. (X);60;0;0;300;0;De requerirse la realiza;C;NO FACTURABLE CON OTROS CODIGOS
180101;Ecocardiograma: Incluye electrocardiograma sincrónico de referencia con sin otros parámetros. (modo A y M). (X);27;0;0;51;0;Incluye electrocardiogr;D;NO FACTURABLE CON OTROS CODIGOS
180102;Ecocardiograma completo con registro contínuo o videotape (modo A y M).;27;0;0;58;0;Incluye 18.01.01.;D;NO FACTURABLE CON OTROS CODIGOS
180103;Ecocardiograma completo, con ecoscopía (modo B).;33;0;0;71;0;Incluye 18.01.01 y 18.0;D;NO FACTURABLE CON OTROS CODIGOS
180104;Ecografía tocoginecológica.;27;0;0;58;0;Incluye todo el estudio;D;
180106;Ecografía mamaria uni o bilateral.;27;0;0;51;0;;D;
180107;Ecografía cerebral (con modo B y A). (X);27;0;0;51;0;;D;
180109;Ecografía oftalmológica uni o bilateral.;27;0;0;37;0;;D;
180110;Ecografía tiroidea.;18;0;0;34;0;;D;
180111;Ecografía de testículos.;18;0;0;24;0;;D;
180112;Ecografía completa de abdomen. (X);37,5;0;0;71;0;Cuando se solicita una;D;NO FACTURABLE CON OTROS CODIGOS
180113;Ecografía hepática, biliar, esplénica o torácica.;27;0;0;71;0;En caso de estudiarse;D;
180114;Ecografía de vejíga o próstata.;18;0;0;51;0;;D;
180116;Ecografía renal bilateral. (X);27;0;0;61;0;;D;
180117;Ecografía de aorta abdominal dinámica y estática. (Modo M).;27;0;0;51;0;;D;
180118;Ecografía pancreática o suprarrenal.;33;0;0;51;0;Este código no puede;D;NO FACTURABLE CON OTROS CODIGOS
180121;Ecografía para la amniocentesis.;18;0;0;51;0;;D;
190101;Metabolismo Basal.;3;0;0;5;0;;C;
190102;Régimen individual con preparación de menú dietético.;3,75;0;0;0;0;"La definición de ""régim";C;
200101;Test de Bernstein-prueva de perfusión esofágica. (+ DROGA);7,5;0;0;7;0;;C;
200102;Sondeo gástrico fraccionado para test secretorio. Prueba de histamina, histalog, pentagastrina, test de Kay. Incluye determinación de acidez basal. (+ DROGA);15;0;0;18;0;;C;
200103;Sondeo gástrico en ayunas para determinación de quimismo. (Incluye titulación). (+DROGA);4,5;0;0;18;0;;C;
200104;Sondeo con electrodo intragástrico para determinación de PH (radiotelemetría).;4,5;0;0;18;0;;C;
200105;Sondeo gástrico para test secretorio con insulina (test de Hollander), con extracción de muestras de sangre para glucemia al comienzo de la prueba, a los treinta y cuarentaycinco minutos. (incluye titulación).;18;0;0;7;0;;C;
200106;Sondeo duodenal diagnóstico con control radioscópico de sonda, con o sin prueba de Meltzer-Lyon, con o sin extracción de muestras para citología exfoliativa. (Incluye estudio de sedimento biliar).;18;0;0;15;0;;C;
200107;Sondaje duodenal con sonda de doble luz, con control radioscópico, para prueba funcional pancreática con estimulación con secretina. (Incluye dosaje de bicarbonato y/o enzimas).;22,5;0;0;18;0;;C;
200108;Clearence de bromosulftaleína.;15;0;0;15;0;;C;
200109;Test de retención de BSF a los cuarentaycinco minutos mas prueba de Caroli.;7,5;0;0;15;0;;C;
200110;Test de retención de bromosulftaleína a lo cuarentaycinco minutos.;4,5;0;0;10;0;;C;
200111;Motilidad esofágica (manometría). Obtención de registro gráfico simultáneo de deglución, respiración y peristaltismo esofágico.;30;0;0;20;0;;C;
200112;Determinación del reflujo gastroesofágico por medio de microelectrodos, Phchímetros o cápsula de Heidelberg, con registro gráfico.;15;0;0;15;0;;C;
200113;Lavado gástrico o esofágico (en pacientes no internados en terapia intensiva).;3;0;0;7;0;;C;
200114;Extracción de material de esófago o estómago para citología exfoliativa (como única práctica).;4,5;0;0;7;0;;C;
200115;Colocación de sonda balón de Sengstaken, Blakemore, Linton o similares en hemorragias digestivas por várices esofágicas.;4,5;0;0;10;0;;C;
200116;Biopsia peroral esofágica o gástrica por aspiración con control radioscópico del instrumento.;4,5;0;0;10;0;;C;
200117;Biopsia peroral del intestino delgado por aspiración con control radioscópico con extracción única Crosby.;15;0;0;15;0;;C;
200118;Biopsia peroral del intestino delgado por aspiración con control rasdioscópico. Extracción múltiple por succión hidráulica.;22,5;0;0;18;0;;C;
200119;Esofagoscopía con instrumental rígido.;15;0;0;45;0;;C;
200120;Esofagofibroscopía.;37,5;0;0;273;0;;C;
200121;Gastrroscopía con instrumental rígido.;22,5;0;0;45;0;;C;
200122;Esofagogastrduodenofibroscopía. (X);45;0;0;342;0;;C;
200123;Canulación endoscópica de papila de Vater con colangio y/o pancreatografía retrógrada.;45;0;0;100;0;;C;
200124;Colonofibrscopía . (X);52,5;0;0;456;0;La colonoscopía incluy;C;
200125;Rectosigmoidoscopía con instrumental rígido. (X);15;0;0;30;0;;C;
200126;Rectosigmoidofibroscopía. (X);15;0;0;228;0;;C;
200127;Anoscopía. (Incluido en consulta);0;0;0;0;0;;C;INCLUIDO EN CONSULTA
200128;Dilatacíon esofágica con control endoscópico (por sesión, incluye la endoscopía).;30;0;0;20;0;;C;
200129;Dilatación esofágica con sonda de mercurio sin endoscopía (por sesión).;15;0;0;10;0;;C;
200130;Reducción no quirúrgica de la invaginación intestinal (enema bariatada, insuflación controlada).;15;0;0;45;0;;C;
200131;Reducción manual de recto. Dilatación digital o instrumental de recto o ano. (Incluido en consulta);0;0;0;0;0;;C;INCLUIDO EN CONSULTA
200132;Gastrofibroscopía.;37,5;0;0;342;0;;C;
200134;Polipectomía endoscópica gástrica.;22,5;0;0;100;0;;C;
200135;Polipectomía endoscópica colónica.;30;0;0;150;0;;C;
200136;Hasta tres forografías realizadas durante el acto endoscópico, se recargará.;1,5;0;0;15;0;;C;
210101;Estudio genético (comprende consultas, asesoramiento, dertoglifos).;32,5;0;0;5;0;;C;
210102;Dermatoglifos.;15,5;0;0;5;0;;C;
210103;Cromatina sexual (en mucosas o en sangre).;6,5;0;0;10;0;;C;
210104;Análisis cromosómico de cariotipo simple.;39;0;0;120;0;;C;
210105;Análisis cromosómico de cariotipo con bandas G-T.;52;0;0;130;0;;C;
210106;Análisis cromosómico de cariotipo con bandas Q.;52;0;0;150;0;;C;
210107;Análisis coromosómico de cariotipo con bandas G-T y Q.;65;0;0;280;0;;C;
210201;Estudio completo de histocompatibilidad para transplantes de órganos. (Hasta cinco personas).;260;0;0;2800;0;El estudio de tipificació;C;
210202;Estudio completo de histocompatibilidad para transplante de organos. (por persona subsiguiente).;39;0;0;500;0;;C;
210203;Cross-match contra panel de linfocitos (anticuerpos anti HLA), en receptor de transplante renal.;43;0;0;467;0;;C;
210204;Cross-match contra panel de linfocitos (anticuerpos anti HLA), en receptor de transplante renal hiper inmunizado (cross-match de rutina positivo mayor del noventa porciento).;87;0;0;933;0;;C;
210205;Cross-match contra donante vivo en linfocitos T y B (anticuerpos anti HLA), en receptor de transplante renal en las cuarentayocho horas previas al transplante.;260;0;0;2800;0;;C;
210206;Determinación de antígenos DR-DQ en receptor o en donante de transplante renal o de médula ósea. Por única vez.;78;0;0;840;0;;C;
210207;Cultivo mixto de linfocitos, paso final del transplante renal (con donante vivo) o médula ósea. Por única vez.;87;0;0;933;0;;C;
220101;Colposcopía-Traqueloscopía. (X);4,5;0;0;18;0;;C;
220102;Colpocitología, obtención del material por sesión (efectuado por otro profesional que no sea el citólogo). (Incluido en consulta);0;0;0;0;0;;C;INCLUIDO EN CONSULTA
220103;Test de Sims-Huner.;3;0;0;5;0;;C;
220104;Estudio del moco cervical. Con microscopio.;3;0;0;5;0;;C;
220105;Persuflación con registro quimográfico.;7,5;0;0;7;0;;C;
220106;Persuflación, hidrotubación. Por cada sesión.;3;0;0;7;0;;C;
220107;Instilación de sustancia radiopaca para histerosalpingografía, ginecografía, etc.;3;0;0;7;0;;C;
220201;Amioscopía.;4,5;0;0;5;0;;C;
220202;Monitoreo fetal. (X);15;0;0;50;0;El monitoreo fetal se p;C;
220203;Método psicoprofiláctico del parto.;22,5;0;0;40;0;Método psicoprofiláctic;C;
220204;Control obstetrico del trabajo de parto..;67,5;0;0;0;0;Será admitida su factur;F;
230101;Adhesividad plaquetaria in vivo o in vitro.;12;0;0;5;0;;N;
230102;Agregación plaquetaria. Mínimo tres sustancias inductoras.;18;0;0;8;0;;N;
230103;Adenograma.;10,5;0;0;3;0;;N;
230104;Investigación de aglutinas. En medio salino, en medio albuminoso y prueba de Coombs indirecta. Prueba de compatibilidad. (X);4,5;0;0;2;0;;N;
230105;Aglutininas del sistema ABO. En medio salino, en medio albuminoso y cuantitativo. (X);6;0;0;1,5;0;;N;
230106;Anticoagulante circulante. Determinacion de;3;0;0;2,5;0;;N;
230107;Anticuerpo. Elución de;4,5;0;0;1,5;0;;N;
230108;Anticuerpos inmunes (Landsteiner).;3;0;0;1,5;0;;N;
230109;Anticuerpos inmunes (Witebesky).;3;0;0;3;0;;N;
230110;Antiglobulina humana con suero antinograma. Prueba;3;0;0;1,5;0;;N;
230111;Antitrombina. Titulación de;4,5;0;0;1,5;0;;N;
230112;Autohemolisis. Prueba de;6;0;0;1,5;0;;N;
230113;Bence Jones. Proteína de;1,5;0;0;1;0;;N;
230114;Bilirrubinemia total (directa, indirecta).;1,5;0;0;1,5;0;;N;
230115;Celulas falciformes o drepanocíticas o Sickle Cells (anaerobiosis).;3;0;0;1;0;;N;
230116;Celulas L E (médula).;9;0;0;1,5;0;;N;
230117;Celulas L E (sangre).;4,5;0;0;1,5;0;;N;
230118;Coagulación y sangría. Tiempo de? (X);1,5;0;0;1;0;;N;
230119;Coágulo. Retracción de;1,5;0;0;1;0;;N;
230120;Coombs directa. Prueba de (X);3;0;0;1,5;0;;N;
230121;Coombs indirecta. Pruba de, culitativa (X);3;0;0;1,5;0;;N;
230122;Coombs indirecta. Prueba de, cuantitativa. (X);4,5;0;0;2,5;0;;N;
230123;Crioaglutininas.;1,5;0;0;1;0;;N;
230124;Crioglobulinas.;3;0;0;1;0;;N;
230125;Cromatina sexual.;3;0;0;1;0;;N;
230126;Dacie. Prueba de;3;0;0;1,5;0;;N;
230127;Davidshon diferenciada. Prueba de;4,5;0;0;2,5;0;;N;
230128;Donath-Landsteinner cuantitativa. Prueba de;4,5;0;0;1,5;0;;N;
230129;Electroforesis sin papel (hemoglobina o suero).;4,5;0;0;3;0;;N;
230130;Electroforesis poliacrilaminada, cualitativa.;4,5;0;0;4;0;;N;
230131;Electroforesis poliacrilamida, cuntitativa.;9;0;0;4;0;;N;
230132;Eosinófilos. Recuento de;1,5;0;0;1;0;;N;
230133;Eritrosedimentación. (X);1,5;0;0;1;0;;N;
230134;Espectrofotometría del líquido amniótico.;7,5;0;0;1,5;0;;N;
230135;Esplenograma.;12;0;0;5;0;;N;
230136;Estado secretor.;3;0;0;1,5;0;;N;
230137;Etanol. Prueba de gelificación con;1,5;0;0;1;0;;N;
230138;Exton Rosse. Prueba de;3;0;0;4;0;;N;
230139;Factor de coagulación II (protombina Duckert) en plasma o en suero.;4,5;0;0;1,5;0;;N;
230140;Factor de coagulación V.;4,5;0;0;2;0;;N;
230141;Factor de coagulación VII.;4,5;0;0;2;0;;N;
230142;Factores de coagulación complejo VII-X.;4,5;0;0;2;0;;N;
230143;Factor de coagulación VIII.;6;0;0;2;0;;N;
230144;Factor de coagulación IX.;6;0;0;2;0;;N;
230145;Factor de coagulación X.;6;0;0;2,5;0;;N;
230146;Factor de coagulación XI.;6;0;0;2;0;;N;
230147;Factor de coagulación XII.;6;0;0;2;0;;N;
230148;Factor de coagulación XIII cualitativo.;1,5;0;0;1;0;;N;
230149;Factor de coagulacíon XIII semicualitativo;6;0;0;1;0;;N;
230150;Ferremia. Sideremia. (X);3;0;0;2,5;0;;N;
230151;Fibrinógeno (sangre). (X);6;0;0;1,5;0;;N;
230152;Fibronilisina (lisis de eugobulinas). (X);6;0;0;1,5;0;;N;
230153;Fólico ácido (microbiológico).;6;0;0;3;0;;N;
230154;Fórmula leucocitaria. (X);1,5;0;0;1;0;;N;
230155;Fosfatasa alcalina leucocitaria (citoquímica).;3;0;0;1,5;0;;N;
230156;Globulina gamma (suero).;1,5;0;0;3;0;;N;
230157;Globulina gamma (latex).;4,5;0;0;1,5;0;;N;
230158;Glóbulos blancos. Recuento (X);1,5;0;0;1;0;;N;
230159;Glóbulos rojos. Recuento;1,5;0;0;1;0;;N;
230160;Glucógeno (citoquímico).;3;0;0;1,5;0;;N;
230161;Glucógeno previa digestión (citoquímico).;4,5;0;0;2;0;;N;
230162;Gota gruesa.;1,5;0;0;1;0;;N;
230163;Grupo sanguíneo ABO. (X);1,5;0;0;1,5;0;;N;
230164;Han. Prueba de;3;0;0;1,5;0;;N;
230165;Heinz. Cuerpos de;3;0;0;1;0;;N;
230166;Hematíes. Resistencia globular osmótica de los;3;0;0;1,5;0;;N;
230167;Hematíes. Tripsinación de los u otros métodos enzimáticos;1,5;0;0;1;0;;N;
230168;Hematocrito. (X);1,5;0;0;1;0;;N;
230169;Hemoaglutinación? pasiva. Prueba de, Hematíes tanados.;6;0;0;3;0;;N;
230170;Hemoaglutininas (Wiughan).;3;0;0;1,5;0;;N;
230171;Hemoaglutinógenos (subtipos del sistema ABO). Cada determinación. (X);3;0;0;2;0;;N;
230172;Hemoaglutinógenos DU. (X);4,5;0;0;2;0;;N;
230173;Hemoglubilina. Dosaje (X);1,5;0;0;1;0;;N;
230174;Hemoglobulina. Electroforesis de;4,5;0;0;3;0;;N;
230175;Hemoglobina en plasma. (X);3;0;0;2;0;;N;
230176;Hemoglobina. Solubilidad de la;3;0;0;2;0;;N;
230177;Hemoglobina alcalirresistente.;3;0;0;1,5;0;;N;
230178;Hemograma. Incluye recuento de hematíes, leucocitos, fórmula leucocitaria y morfología, hematocrito y dosaje de hemoglobina. (X);3;0;0;1,3;0;;N;
230179;Hemosilinas en caliente (titulación) o en frio, excluyendo anticuerpos de Donath-Landsteiner.;3;0;0;1,5;0;;N;
230180;Hemosiderina. Investigación (citoquímica). (X);3;0;0;1,5;0;;N;
230181;Heparina. Resistencia a la, in vitro. (Soulier o similar).;4,5;0;0;1,5;0;;N;
230182;Heparina. Resistencia a la, in vivo. (De Takats).;4,5;0;0;1,5;0;;N;
230183;Hiperheparinemia.;7,5;0;0;2;0;;N;
230184;IBC (Iron Binding Capacity). (X);4,5;0;0;2;0;;N;
230185;Identificación de anticuerpos con panel en medio salino o albuminoso (las pruebas de Coombs indirectas se facturan por separado). (X);9;0;0;8;0;;N;
230186;Indice opsonocitofácigo.;4,5;0;0;4;0;;N;
230187;Inmunoelectroforesis.;9;0;0;6;0;;N;
230188;Latex globulina gamma.;4,5;0;0;1,5;0;;N;
230189;Latex LE.;4,5;0;0;3;0;;N;
230190;Lazo. Prueba de;0;0;0;1;0;;N;INCLUIDO EN CONSULTA
230191;Leucinoaminopeptidasa. Test de;9;0;0;2;0;;N;
230192;Leucoaglutinación. Inhibición de;4,5;0;0;3,5;0;;N;
230193;Leucoaglutininas. Método directo.;3;0;0;1,5;0;;N;
230194;Leucocitos. Resistencia de los;3;0;0;1,5;0;;N;
230195;Leucoprecipitinas.;3;0;0;1,5;0;;N;
230196;Magnesio (sangre).;3;0;0;1,5;0;;N;
230197;Medulograma, mielograma. (X);12;0;0;4;0;En el médulograma, lo;N;
230198;Mononucleosis infecciosa. Reacción para, monotest.;3;0;0;3,5;0;;N;
230199;Parásitos hemáticos.;4,5;0;0;1;0;;N;
230201;Paul Bunell. rección de;3;0;0;2;0;;N;
230202;Peroxidasas.;1,5;0;0;1;0;;N;
230203;Plaquetas. Recuento de (X);1,5;0;0;1;0;;N;
230204;Plasma recalcificado. Tiempo de;1,5;0;0;1;0;;N;
230205;Porfirinas (orina).;1,5;0;0;3;0;;N;
230206;PDF (producto de degradación fibrinógeno).;6;0;0;5;0;;N;
230207;Proactivador plasminógeno.;6;0;0;2,5;0;;N;
230208;Protrombina (Ware, Seegers).;6;0;0;2,5;0;;N;
230209;Protrombina. Consumo de (X);3;0;0;2;0;;N;
230210;Protrombina. Tiempo de -Quick- (X);1,5;0;0;2;0;;N;
230211;Recuento y fórmula.;3;0;0;1;0;;N;
230212;Reffhus. Curva de;3;0;0;2,5;0;;N;
230213;RH. (X);1,5;0;0;1,5;0;;N;
230214;RH factor C (mayúscula). (X);1,5;0;0;2;0;;N;
230215;RH factor C (minúscula). (X);1,5;0;0;2;0;;N;
230216;RH factor D (mayúscula).;1,5;0;0;1,5;0;;N;
230217;RH factor E (mayúscula). (X);1,5;0;0;2;0;;N;
230218;RH factor E (minúscula). (X);1,5;0;0;1,5;0;;N;
230219;Reticulocitos. (X);1,5;0;0;1;0;;N;
230220;Sia. Test de;1,5;0;0;1;0;;N;
230221;Sickle Cells, inducción química.;3;0;0;1;0;;N;
230222;Siderofilina. Capacidad de la saturación de la (X);4,5;0;0;2;0;;N;
230223;Sulfato de protamina. Prueba de gelificación.;6;0;0;3;0;;N;
230224;Trombina. Prueba de la generación de la;6;0;0;2;0;;N;
230225;Trombina. Tiempo de;1,5;0;0;1,5;0;;N;
230226;Tromboplastina. Prueba de la generación de (Biggs y Douglas).;10,5;0;0;4;0;;N;
230227;Tromboplastina. Prueba de la generación de (Biggs y Douglas) sustituyendo cada reactivo, suero, plasma, plaquetas y sustrato.;30;0;0;7;0;;N;
230228;Tromboplastina. Prueba de la generación simplificada. (Hicks, Pitney).;6;0;0;4;0;;N;
230229;Tromboplastina. Tiempo de -parcial-. (X);3;0;0;2;0;;N;
230230;Trombo. Test de Owewn.;3;0;0;2;0;;N;
230231;Tromboelastograma;6;0;0;4;0;;N;
230232;Xenodiagnóstico (estudio completo).;15;0;0;10;0;;N;
240101;Transfusión de sangre total, por unidad de hasta 500 c.c. (X);8,25;0;0;26;0;;C;
240102;Transfusión de plasma, por unidad de hasta 300 c.c. (X);8,25;0;0;33;0;;C;
240103;Transfusión de hematíes sediementados (concentrado globular), por unidad de hasta 300 c.c. (X);8,25;0;0;33;0;;C;
240104;Transfusión de glóbulos rojos lavados, por unidad de hasta 300 c.c. (incluye suero fisiológico). (X);11,25;0;0;44;0;;C;
240105;Plasmaferesis o eritroferesis con procesamiento de hasta 500 c.c. de sangre total.;8,25;0;0;66;0;;C;
240106;Transfusión de sangre sin leucocitos con o sin plaquetas, por unidad de hasta 500 c.c. (X);11,25;0;0;66;0;;C;
240107;Transfusión de plaquetas y/o leucocitos provenientes de hasta 500 c.c. de sangre.;11,25;0;0;66;0;;C;
240108;Exanguineo-Transfusión: Por la primera unidad de hasta 500 c.c. de sangre.;81,75;0;0;176;0;En la exanguineo-transf;C;
240109;Exanguineo-Transfusión: Unidades subsiguientes de 500 c.c. o fracción.;11,25;0;0;110;0;;C;
240110;Transfusión fetal intra-útero (incluye la parancetesis fetal intra-útero) por sesión.;98,25;0;0;176;0;;C;
240111;Sangría por recolección con equipo al vacío.;3;0;0;44;0;;C;
240112;Transfusión intraamniótica.;65,25;0;0;132;0;;C;
240113;Transfusión de crioprecipitados G a H provenientes de 500 c.c. de sangre.;15;0;0;66;0;;C;
240114;V.D.R.L. en dador. (X);1,5;0;0;2;0;;N;
240115;Huddlesson de dador. (X);1,5;0;0;1,5;0;;N;
240116;Chagas latex en dador.;1,5;0;0;2,5;0;;N;
240117;Chagas fijación del complemento en dador. (X);4,5;0;0;2;0;;N;
240118;Chagas hemoaglutinación en dador. (X);1,5;0;0;3;0;;N;
240119;Antígeno de hepatitis B en dador. (X);3;0;0;5;0;;N;
240120;Anticuerpos anti VIH (método de Elisa), en dador.;9;0;0;20;0;A: las bolsas de sangr;N;
240121;Anticuerpos anti VIH (metodo de aglutinación de partículas en gelatina) en dador. (X);2,25;0;0;11;0;A: las bolsas de sangr;N;
250101;Agentes fícicos, fisioterapia, horno de bier, rayos, infrarrojos, hidroterapia, parafina, fomentaciones, crioterapia, rayos ultravioletas, electroterapia en cualquiera de sus formas, onda corta, microondas, tracción cervical o pélvica, ultrasonido, ionto;2;0;0;4;0;"La denominación ""PEL";C;
250102;"Terapia física o kinesiterapia; masajes, movilización pasiva o activa, reeducación, ejercicios terapéuticos, gimnasia médica, fortalecimiento muscular rehabilitación respiratoria por sesión. (X)";5,5;0;0;2;0;En pacientes internado;C;
250103;Terapia ocupacional. Por sesión o por beneficiario.;5,5;0;0;2;0;;C;
250104;Rehabilitación del lenguaje. Por sesión y por beneficiario. (X);7;0;0;2;0;;C;
250105;Pilones para amputados. Alineación dinamica de amputados.;2,5;0;0;4;0;;C;
250106;Kinesiterapia o fisiatria a domicilio. Al código correspondiente se le adicionará. (X);2,5;0;0;0;0;;C;
260101;Curva de captación tiroidea (tres determinaciones).? (X);10,5;0;0;20;0;;C;
260102;Estudio completo de la función tiroidea con I131. Incluye tres determinaciones de captación, PBI131 y relación de conversión. Incluye material radioactivo.;15;0;0;20;0;;C;
260103;Excreción urinaria de I131. Incluye material radioactivo.;15;0;0;25;0;;C;
260104;Prueba de inhibición (test de Werner). Incluye ambas curvas de captación. Incluye material radioactivo.;18;0;0;35;0;;C;
260105;Pruebas de estimulación (test de Querido). Incluye ambas curvas de captación. No incluye costo de la tirotrofina. Incluye material reactivo.;18;0;0;35;0;;C;
260106;Vida media efectiva. Incluye material reactivo.;22,5;0;0;30;0;;C;
260107;Dosis terapéutica en tirotóxicosis. Incluye vida media y control del paciente durante tres meses. Excluye los gastos de radioyodo.;75;0;0;80;0;;C;
260108;Tratamiento de carcinoma de tiroides. Incluye estudio dosimétrico y control del paciente durante tres meses. Excluye los gastos de radioyodo.;90;0;0;140;0;;C;
260109;Detección de trombosis con fibrinógeno marcado.;75;0;0;20;0;;C;
260110;Detección de supuraciones abdominales con fibrinógeno marcado (no menos de dos estudios).;67,5;0;0;80;0;;C;
260111;Radiorrenograma isotópico simple.;18;0;0;60;0;;C;
260112;Radiorrenograma con clearence renal.;15;0;0;80;0;;C;
260113;Filtrado glomerular.;18;0;0;100;0;;C;
260114;Flujo plasmático renal efectivo.;18;0;0;100;0;;C;
260115;Flujo sanguineo total renal (no incluye cateterismo renal).;22,5;0;0;100;0;;C;
260116;Volumen minuto cardíaco.;30;0;0;60;0;;C;
260117;Clearence tisular y/o muscular con radioisótopos. Evaluación sanguinea en piel y tejido subcutaneo.;30;0;0;60;0;;C;
260118;Flujo cerebral.;12;0;0;100;0;;C;
260119;Determinación de agua corporal total.;30;0;0;80;0;;C;
260120;Determinación de agua extracelular.;30;0;0;30;0;;C;
260121;Determinación de sodio total intercambiable y espacio de sodio.;30;0;0;50;0;;C;
260122;Determinación de potasio total intercambiable.;30;0;0;50;0;;C;
260123;Determinación del volumen sanguineo total globular y plasmático con radioisótopos.;25,5;0;0;90;0;;C;
260124;Vida media de hematíes. relación hepato-esplénica.-;36;0;0;90;0;;C;
260125;Vida media de hematíes.;25,5;0;0;90;0;;C;
260126;Vida media de leucocitos y/o plaquetas.;36;0;0;120;0;;C;
260127;Tiempo medio plasmático del FE59.;12;0;0;90;0;;C;
260128;Curva de utilización del FE59.;25,5;0;0;90;0;;C;
260129;Tiempo medio plasmático y curva de utilización del FE59.;36;0;0;140;0;;C;
260130;Diagnóstico de anemia permiciósa con vitamina B12 CO60 (test de Xhilling).;12;0;0;90;0;;C;
260131;Dosis terapéutica para tratamiento de policitermiavera con P32.;52,5;0;0;80;0;;C;
260132;Estudio de absorción con grasas marcadas con radioisótopos.;15;0;0;80;0;;C;
260133;Estudio de absorción y excreción de grasas marcadas con radioisótopos.;52,5;0;0;160;0;;C;
260134;Relación perfución ventilación con XE133.;22,5;0;0;80;0;;C;
260135;Tratamiento intaarticular con P32 u AU198 coloidal (incluye artrocentesis).;52,5;0;0;80;0;;C;
260136;Tratamiento paliativo con P32 de metastasis óseas de cancer de mama.;75;0;0;150;0;;C;
260137;Tratamiento con P32 u AU198 por diseminación tumoral en cavidades serosas (pleura, peritoneo, pericardio). Incluye pericardio-pleuro y peritoneo centesis.;45;0;0;100;0;;C;
260201;Centellograma de cerebro (dos posiciones).;35;0;0;90;0;;C;
260202;Por cada posición subsiguiente.;5;0;0;15;0;;C;
260203;Centellografía de médula ósea.;15;0;0;50;0;;C;
260204;Mielografía isotópica. Excluído honorario del cirujano.;25;0;0;60;0;;C;
260205;Cisternografía isotópica. Excluído honorarios del cirujano.;45;0;0;130;0;;C;
260206;Fístulografía isotópica del L.C.R. excluído honorario del cirujano.;35;0;0;90;0;;C;
260207;Ventriculografía isotópica. Excluído honorario del cirujano.;45;0;0;130;0;;C;
260208;Centellograma óseo (un área).;25;0;0;60;0;En la centellografía ose;C;
260209;Areas subsiguientes.;10;0;0;20;0;;C;
260210;Centellografía de articulaciones. Incluye artrocentesis.;15;0;0;50;0;;C;
260211;Centellograma de tiroides.;12;0;0;30;0;;C;
260212;Centellograma de tiroides y mediastino.;20;0;0;50;0;;C;
260213;Barrido total (para carcinoma de tiroides).;85;0;0;130;0;;C;
260214;Centellograma de paratiroides.;12;0;0;30;0;;C;
260215;Centellograma de glándulas salivales.;15;0;0;50;0;;C;
260216;Centellograma de pulmón (dos posiciones como mínimo).;30;0;0;80;0;;C;
260217;Centellograma hepático (dos posiciones como mínimo).;30;0;0;80;0;;C;
260218;Centellografía del Pool vascular hepático.;30;0;0;90;0;;C;
260219;Centellograma de páncreas.;30;0;0;80;0;;C;
260220;Centellograma de bazo.;30;0;0;80;0;;C;
260221;Centellograma renal (bilateral).;30;0;0;60;0;;C;
260222;Centellografía de Pool vascular renal.;30;0;0;80;0;;C;
260223;Centellograma de placenta.;30;0;0;60;0;;C;
260224;Centellograma de vías linfáticas (abdominoinguinales axilares y/o mediastinales).;30;0;0;80;0;;C;
260225;Por posiciones adicionales.;5;0;0;15;0;;C;
260301;ACTH.;8;0;0;30;0;;C;
260302;Aldosterona.;9;0;0;40;0;;C;
260303;Alfafetoproteínas.;8;0;0;30;0;;C;
260304;Antiuerpos antinucleares plasmáticos.;10;0;0;70;0;;C;
260305;Angiotensina I o II.;8;0;0;30;0;;C;
260306;Antígeno de la hepatitis B.;10;0;0;70;0;;C;
260307;AMP-Cíclico.;8;0;0;30;0;;C;
260308;Calcitonina.;8;0;0;30;0;;C;
260309;CEA (carcioma embriogénico).;8;0;0;30;0;;C;
260310;Cortisol.;8;0;0;30;0;;C;
260311;Digitoxina.;8;0;0;30;0;;C;
260312;Digoxina.;8;0;0;30;0;;C;
260313;Estradiol.;8;0;0;30;0;;C;
260314;Estrógenos totales.;8;0;0;30;0;;C;
260315;Estriol plasmático.;8;0;0;30;0;;C;
260316;Estrona.;8;0;0;30;0;;C;
260317;Ferritina plasmática.;9;0;0;30;0;;C;
260318;FSH.;8;0;0;30;0;;C;
260319;Glucagón plasmático.;9;0;0;30;0;;C;
260320;Lactógeno placentario.;8;0;0;30;0;;C;
260321;LH.;8;0;0;30;0;;C;
260322;Inmunoglobulina.;8;0;0;30;0;;C;
260323;Insulina;8;0;0;30;0;;C;
260324;Parathormona.;9;0;0;35;0;;C;
260325;Polipéptido inhibidor gástrico (G.I.P.) plasmático.;8;0;0;30;0;;C;
260326;Polipeptido intestinal vasoactivo (V.I.P.) plasma.;8;0;0;30;0;;C;
260327;Polipéptido pancrático.;8;0;0;30;0;;C;
260328;Proinsulina.;8;0;0;30;0;;C;
260329;Progesterona.;8;0;0;30;0;;C;
260330;Prolactina.;8;0;0;30;0;;C;
260331;Prostoglandina E., o F., o P.G.A., o P.G.B., o P.G.FI.;9;0;0;35;0;;C;
260332;Renina.;8;0;0;30;0;;C;
260333;Somatotrofína (STH).;8;0;0;30;0;;C;
260334;Testosterona.;10;0;0;50;0;;C;
260335;Tiroxina plasmática total (T4).;6;0;0;25;0;;C;
260336;Tiroxina efctiva (ERT).;6;0;0;25;0;;C;
260337;TRI-Iodotironina (T3).;6;0;0;25;0;;C;
260338;Tirotrofina (TSH).;8;0;0;30;0;;C;
260401;Prueba de estímulo de la secreción de somatotrofina (con determinacion de STH).Excluye el costo del medicamento a administrar.Incluye 4 determinaciones de cada uno de los principios a determinar.;30;0;0;150;0;;C;
260402;Prueba de freno de la secreción de somatotrofina (con determinación de somatotrofina).Excluye el costo del medicamento a administrar.Incluye 4 determinaciones de cada uno de los principios a determinar.;30;0;0;150;0;;C;
260403;Prueba de estímulo hipotálamo hipofisiaria (con determinación de FSH).Excluye el costo del medicamento a administrar.Incluye 3 determinaciones de cada uno de los principios a determinar.;25;0;0;120;0;;C;
260404;Prueba de estímulo hipotálamo hipofisiaria (con determinación de LH).Excluye el costo del medicamento a administrar.Incluye 3 determinaciones de cada uno de los principios a determinar.;25;0;0;120;0;;C;
260405;Prueba de estímulo conadal con hormona gonatropa coriónica (HGG) (con determinación de estrógenos totales).Excluye el costo del medicamento a administrar.Incluye 2 determinaciones de cada uno de los principios a determinar.;15;0;0;80;0;;C;
260406;Prueba de estímulo gonadal con HGG, (con determinación de testosterona).Excluye el costo del medicamento a administrar.Incluye 2 determinaciones de cada uno de los principios a determinar.;20;0;0;100;0;;C;
260407;Prueba de estímulo con TRH (con determinación de TSH y tiroxina plasmática)(T4).Excluye el costo del medicamento a administrar.Incluye 3 determinaciones de cada uno de los principios a determinar.;40;0;0;160;0;;C;
260408;Prueba de estímulo con TRH (con determinación de TSH).Excluye el costo del medicamento a administrar.Incluye 3 determinaciones de cada uno de los principios a determinar.;25;0;0;120;0;;C;
260409;Estímulo hipotalámico-hipofisiario (con determinación de ACTH).Excluye el costo del medicamento a administrar.Incluye 3 determinaciones de cada uno de los principios a determinar.;25;0;0;120;0;;C;
260410;Inhibición hipotalámico-hipofisiaria (con determinación de ACTH).Excluye el costo del medicamento a administrar.Incluye 3 determinaciones de cada uno de los principios a determinar.;25;0;0;120;0;;C;
260411;Pruebas de inhibición de Muquet o similares con determinación de cortisol.Excluye el costo del medicamento a administrar.Incluye 2 determinaciones de cada uno de los principios a determinar.;15;0;0;80;0;;C;
260412;Estudio del ritmo ciarcadiano de cortisol.Excluye el costo del medicamento a administrar.Incluye 2 determinaciones de cada uno de los principios a determinar.;15;0;0;80;0;;C;
260413;Prueba estímulo hipotalámica-hipofisiaria con determinación de prolactina.Excluye el costo del medicamento a administrar.Incluye 3 determinaciones de cada uno de los principios a determinar.;25;0;0;120;0;;C;
260414;Prueba de inhibición hipotalamica-hipofisiaria con determinación de prolactina.Excluye el costo del medicamento a administrar.Incluye 3 determinaciones de cada uno de los principios a determinar.;25;0;0;120;0;;C;
260501;Centellograma de cerebro (dos posiciones).Estudio estático.;52,5;0;0;70;0;;D;
260502;Por cada posición subsiguiente.Estudio estático.;7,5;0;0;15;0;;D;
260503;Centellografía de médula ósea.Estudio estático.;22,5;0;0;70;0;;D;
260504;Mielografía isotópica. Excluído honorario del cirujano.Estudio estático.;37,5;0;0;70;0;;D;
260505;Cisternografía isotópica. Excluído honorario del cirujano.Estudio estático.;67,5;0;0;120;0;;D;
260506;Fistulografía isotópica del L.C.R. Excluído honorario del cirujano.Estudio estático.;52,5;0;0;70;0;;D;
260507;Ventriculografía isotópica. Excluído honorario del cirujano.Estudio estático.;67,5;0;0;120;0;;D;
260508;Centellograma óseo (un área).? (X);37,5;0;0;70;0;N.R.:? Para Definición;D;
260509;Areas subsiguientes.? (X);15;0;0;15;0;;D;
260510;Centellografía de articulaciones. Incluye artrocentesis.Estudio estático.;22,5;0;0;70;0;;D;
260511;Centellograma de tiroides.Estudio estático.;18;0;0;60;0;;D;
260512;Centellograma de tiroides y mediastino.Estudio estático.;30;0;0;70;0;;D;
260513;Barrido total (para carcinoma de tiroides).Estudio estático.;127,5;0;0;140;0;;D;
260514;Centellograma de paratiroides.Estudio estático.;18;0;0;60;0;;D;
260515;Centellograma de glándulas salivales.Estudio estático.;22,5;0;0;60;0;;D;
260516;Centellograma de pulmón (2 posiciones como mínimo).Estudio estático.;45;0;0;70;0;;D;
260517;Centellograma hepático (2 posiciones como mínimo).Estudio estático.;45;0;0;60;0;;D;
260518;Centellografía del Pool vascular hepático.Estudio estático.;45;0;0;70;0;;D;
260519;Centellograma de páncreas.Estudio estático.;45;0;0;70;0;;D;
260520;Centellograma de bazo.Estudio estático.;45;0;0;70;0;;D;
260521;Centelograma renal (bilateral).Estudio estático.;45;0;0;70;0;;D;
260522;Centellograma del Pool vascular renal.Estudio estático.;45;0;0;70;0;;D;
260523;Centellograma de placenta.Estudio estático.;45;0;0;70;0;;D;
260524;Centellograma de vías linfáticas (abdominoinguinales axilares y/o mediastinales).Estudio estático.;45;0;0;70;0;;D;
260525;Angiografía radioscópica por área. Se entiende por áreas..;30;0;0;95;0;En éste código en los;D;
260526;Estudio dinámico renal.;45;0;0;120;0;;D;
260527;Radiocardiograma.;60;0;0;140;0;La realización del radio;D;
260528;Perfusión sanguínea miocárdica con radioisótopos: A) En estado de reposo.;30;0;0;95;0;;D;
260528;Perfusión sanguínea miocárdica con radioisótopos: B) Reposo y prueba de esfuerzo.;60;0;0;140;0;;D;
260529;Flebografía radioisotópica por áreas safenas femoral ilíacas, por cada una.;30;0;0;95;0;;D;
260530;Por área adicional.;15;0;0;20;0;;D;
260531;Dinámica del tránsito esófago-gástrico.;30;0;0;95;0;;D;
260532;Dinámica tránsito intestinal.;30;0;0;95;0;;D;
270101;Hemodiálisis con riñón artificial en insufuciencia aguda. Por sesión.;40;0;0;440;0;En este código los líqui;C;
270102;Hemodiálisis con riñón artifcial en insufuciencia crónica. Por sesión.? (X);20;0;0;440;0;En este código los líqui;C;
270103;Diálisis peritoneal.;20;0;0;220;0;;C;
280101;Espirometría. Comprende: Capacidad vital forzada, flujo espiratorio forzado, flujo medio forzado.? (X);7,5;0;0;18;0;Dictámenes del I.N.O.S.;C;
280102;Espirometría antes y después? de uso de broncodilatadores (incluye broncodilatadores).? (X);12;0;0;18;0;Dictámenes del I.N.O.S.;C;
280103;Broncoespirometría.;15;0;0;45;0;;C;
280104;Traqueoscopía.;9;0;0;20;0;Los estudios endoscóp;C;
280105;Broncoscopía con instrumental rígido.;37,5;0;0;70;0;Los estudios endoscóp;C;
280106;Broncofibroscopía.? (X);45;0;0;342;0;Los estudios endoscóp;C;
280107;Curva de flujo volumen (con o sin espirometría).;7,5;0;0;10;0;;C;
280108;Determinación de volúmenes pulmonares (comprende capacidad vital, capacidad inspiratoria, volumen residual funcional, capacidad pulmonar total y volumen de reserva espiratoria).;12;0;0;20;0;;C;
280109;Estudio de mecánica pulmonar (comprende distensibilidad pulmonar estática y dinámica - compliance - resistencia de las vías aéreas, conductancia y coeficiente de retracción, coeficiente de retracción elástica).;18;0;0;20;0;;C;
280110;Análisis de gases en aire espirado y en sangre arteriovenosa (comprende relación VD/VT, diferencia arterial de oxigeno y cálculo de corto circuíto arteriovenoso pulmonar o Shunt. Incluye esta prestación determinación de oxigeno y CO2 en aire espirado y s;18;0;0;20;0;Este código no está in;C;
290101;Electroencefalografía con activación simple.? (X);15;0;0;50;0;;C;
290102;Electroencelografía con activación compleja.;30;0;0;40;0;;C;
290103;Nistagmografía. Electrorretinografía.;15;0;0;40;0;;C;
290104;Electromiografía de miembros superiores o inferiores o facial.? (X);12;0;0;60;0;Este código habla de;C;NO FACTURABLE CON OTROS CODIGOS
290105;Electromiografía de los cuatro miembros.;30;0;0;60;0;;C;
290106;Electromiografía con velocidad de conducción.;22,5;0;0;60;0;Cuando se realiza la el;C;NO FACTURABLE CON OTROS CODIGOS
290107;Reflexograma patelar y/o aquiliano.;4,5;0;0;10;0;;C;
290108;Cronaximetría.;4,5;0;0;15;0;;C;
290109;Electrodiagnóstico.;4,5;0;0;15;0;;C;
290110;Reografía cerebral, cardíaca o vascular periférica.;15;0;0;40;0;;C;
300101;Oftalmodinamometría.- (bilateral);7,5;0;0;5;0;Los aranceles de esta;C;
300102;Campo visual (campimetría y/o perimetría).- (bilateral);18;0;0;5;0;Los aranceles de esta;C;
300104;Fondo de ojo y/o esquiascopía (con dilatación pupilar).- (bilateral) - (Incluido en consulta);0;0;0;0;0;Los aranceles de esta;C;INCLUIDO EN CONSULTA
300105;Tonometría.- (bilateral) - (Incluido en consulta).? (X);0;0;0;0;0;Los aranceles de esta;C;INCLUIDO EN CONSULTA
300106;Tonometría en ni?os con anestesia general.- (bilateral);22,5;0;0;15;0;;C;
300107;Ejercicios ortópticos, por sesión.- (bilateral) - (Incluido en consulta);0;0;0;0;0;;C;INCLUIDO EN CONSULTA
300108;Gonioscopía.- (bilateral);7,5;0;0;5;0;;C;
300109;Curva tensional.- (bilateral);12;0;0;15;0;;C;
300110;Tonografía (con tonógrafo electrónico).- (bilateral);7,5;0;0;15;0;;C;
300111;Retinografía con tres placas.- (unilateral);9;0;0;50;0;Dictámenes del I.N.O.S.;C;UNICO CODIGO
300112;Retinografía con tres placas.- (bilateral);12;0;0;60;0;Dictámenes del I.N.O.S.;C;UNICO CODIGO
300113;Retinofluorescencia.- (unilateral);22,5;0;0;50;0;"Este código ""Retinofluo";C;UNICO CODIGO
300114;Exoftalmometría.- (bilateral) - (Incluido en consulta);0;0;0;0;0;;C;INCLUIDO EN CONSULTA
300115;Extracción de cuerpo extra?o conjuntival.- (bilateral) - (Incluido en consulta);0;0;0;0;0;;C;INCLUIDO EN CONSULTA
300116;Extracción de cuerpo extra?o en córnea.- (unilateral).? (X);4,5;0;0;3;0;;C;
300117;Depilación eléctrica del párpado (de todos los elementos afectados).- (unilateral);4,5;0;0;10;0;;C;
300118;Dilatación de conducto lacrimonasal con intubación.- (unilateral)? (X);27;0;0;5;0;;C;
300119;Oftalmoscopía indirecta binocular con equema de fondo de ojo.- (bilateral);7,5;0;0;5;0;;C;
300120;Estudio de fijación en el estrabismo (con visuscopio).- (bilateral);12;0;0;5;0;;C;
300121;Cateterización de conducto lacrimonasal.- (bilateral) - (Incluido en consulta);0;0;0;0;0;;C;INCLUIDO EN CONSULTA
300122;Exoftalmología (incluye prescripción de cristales, su control posterior, tonometría y fondo de ojo).- (bilateral)? (X);18;0;0;6;0;Este código incluye la;C;
310101;Examen funcional laberíntico.;4,5;0;0;10;0;;C;
310102;Audiometría.? (X);4,5;0;0;5;0;;C;
310103;Logoaudiometría.;6;0;0;5;0;;C;
310104;Pruebas supraliminares, cada una.;4,5;0;0;5;0;;C;
310105;Selección de otoamplífonos.;4,5;0;0;10;0;;C;
310107;Técnica de Proetz, hasta diez sesiones.;7,5;0;0;20;0;La técnica de Proetz n;C;
310108;Insufalción de las trompas de Eustaquio, (maximo cinco sesiones) por cada una.- (Incluido en consulta);0;0;0;0;0;;C;INCLUIDO EN CONSULTA
310109;Impedanciometría.;10,5;0;0;10;0;Este código no puede;C;
310110;Examen funcional de nariz (rinomanometría).;15;0;0;60;0;;C;
310111;Extracción de cuerpo extra?o en oído. Extracción de tapón de cerumen. (Uni o bilateral).? (X);4,5;0;0;5;0;;C;
310112;Taponamiento nasal anterior.;3;0;0;5;0;;C;
310113;Taponamiento nasal anteroposterior.;4,5;0;0;5;0;;C;
310114;Extracción de cuerpo extra?o en nariz.- (Incluido en consulta);0;0;0;0;0;;C;INCLUIDO EN CONSULTA
310115;Cauterización de nariz.? (X);4,5;0;0;5;0;;C;
310116;Lavaje de seno paranasal uni o bilateral.- (Incluido en consulta);0;0;0;0;0;;C;INCLUIDO EN CONSULTA
310117;Laringoscopía indirecta diagnóstica.- (Incluido en consulta);0;0;0;0;0;;C;INCLUIDO EN CONSULTA
310118;Laringoscopía directa.? (X);15;0;0;30;0;Los estudios endoscóp;C;
310119;Expresión de adenoides o? lavaje rinoadenoideo.- (Incluido en consulta);0;0;0;0;0;;C;INCLUIDO EN CONSULTA
310120;Extracción de cálculo salival, sin incisión cateterización, dilatación de conducto salival.;4,5;0;0;5;0;;C;
310121;Inyección de sustancia radiopaca para broncografía.;3;0;0;0;0;;C;
310122;Otomicroscopía.;4,5;0;0;10;0;;C;
320104;Atención del recíen nacido normal o patológico en sala de partos.? (X);87,75;0;0;0;0;La facturación de este;F;
330101;Psicoterapias individuales, ni?os o adultos, por sesión mínima de 40 minutos practicadas por especialistas (con o sin psicodiagnostico) debidamente autorizadas. Narcoterapia.;19,5;0;0;0;0;(X: Se recomienda hasta 24 sesiones por a?o en no más de 6 meses de tratamiento).;C;
330102;Psicoterapias grupales o colectivas, ni?os o adultos por sesión mínima de 60 minutos practicada por especialistas debidamente autorizados, por paciente.;3,75;0;0;0;0;;C;
330103;Psicoterapia de pareja o familia, por sesión mínima de 50 minutos.;19,5;0;0;0;0;;C;
330107;Goteo con psicofármacos en los enfermos no internados.;9,75;0;0;15;0;Dado que el nomenclad;C;
330109;Sue?o prolongado. Por día. Incluye las visitas durante ese período.;6;0;0;0;0;Dado que el nomenclad;C;
330110;Reflejos condicionados (hasta 15 sesiones). Por sesión.;6;0;0;0;0;;C;
330111;Prueba psicométricas (batería de un mínimo de cuatro tests).;29,25;0;0;0;0;(X:? Se recomienda sólo en ni?os, una por a?o).;C;
330112;Pruebas proyectivas. Perfil de personalidad (batería de un mínimo de 4 tests).;58,5;0;0;0;0;Las pruebas proyectiva;C;
340101;Radioscopía simple (como único estudio).A;5,25;0;0;20;0;;D;
340102;Radioscopía con intensificador de imágenes(agregar al código correspondiente).D;5,25;0;0;60;0;;D;
340103;Radioscopía con circuito cerrado de televisión (agregar al código correspondiente).D.? (X);5,25;0;0;60;0;;D;
340201;Radiografía del cráneo, cara, senos paranasales o cavún, primera exposición.B;6,75;0;0;25;0;;D;
340202;Por exposición subsiguiente.B;2,25;0;0;20;0;;D;
340203;Hueso temporal o agujeros ópticos, comparativos, por incidencia y por par.B;9,75;0;0;30;0;;D;
340204;Articulación témporomandibular, tres posiciones, comparativas.B;9,75;0;0;30;0;;D;
340205;Ortopantomografía (radiografía panorámica de craneo o cara) primera exposición.I;9,75;0;0;60;0;;D;
340206;Por exposición subsiguiente.I;5,25;0;0;60;0;;D;
340207;Telerradiografía de cráneo y/o perfil facial con cefalostato: primera exposición.G;5,25;0;0;60;0;;D;
340208;Por exposición subsiguiente.G;2,25;0;0;50;0;;D;
340209;Radiografía de raquis (columna) primera exposición.B;6,75;0;0;30;0;En el caso de facturaci;D;
340210;Por exposición subsiguiente.B;2,25;0;0;25;0;;D;
340211;Radiografía de hombro, húmero, pelvis, cadera y fémur primera exposición.A? (X);6,75;0;0;30;0;;D;
340212;Por exposición subsiguiente.A;2,25;0;0;25;0;;D;
340213;Radiografía de codo, antebrazo, mu?eca, mano, dedos, rodilla, pierna, tobillo y pie: 2 por placa.A? (X);6,75;0;0;30;0;;D;
340214;Medición comparativa de miembros inferiores (ortorradiografía) por estudio.B;7,5;0;0;40;0;;D;
340215;Radiografía ampliada o macrorradiografía. A;5,25;0;0;30;0;;D;
340216;Artrografía (sin honorario de especialista) primera exposición.A (+ 12.08.01).;5,25;0;0;25;0;;D;
340217;Por exposición subsuiguiente.A;2,25;0;0;20;0;En los estudios artográ;D;
340218;Una placa (apical).A;2,25;0;0;6;0;;D;
340219;Una placa(ocusal).A;5,25;0;0;15;0;;D;
340220;Semiseriada hasta 7 (siete) placas.A;7,5;0;0;25;0;;D;
340221;Seriada de 7(siete) a 14 (catorce) placas.A;12;0;0;45;0;;D;
340301;Radiografía o telerradiografía de torax: con o sin trazado de diámetros cardíacos, con o sin relleno esofágico de primera exposición.A? (X);6,75;0;0;25;0;;D;
340302;Por exposición subsiguiente.A;2,25;0;0;21;0;;D;
340303;Broncografía (sin endoscopía, sin anestesia general) cada pulmón, mínimo 4 exposiciones por estudio.B;12;0;0;65;0;;D;
340304;Neumomedistino: frente y perfíl (sin honorario de especialista).B;7,5;0;0;45;0;;D;
340401;Sialografía por glándula y por lado:por estudio con un mínimo de tres placas.B;7,5;0;0;50;0;;D;
340402;Esófago, estudio radiológico seriado (como mínimo 2 placas 4 expocsiciones) como único estudio.C @? (X);7,5;0;0;50;0;;D;
340403;Estómago y duodeno, estudio seriado (mínimo 10 exposiciones) por estudio.C @? (X);15;0;0;100;0;;D;
340404;Estómago y duodeno con técnica de doble contraste (mínimo 12 exposiciones).C @;24,75;0;0;120;0;;D;
340405;Estudio seriado esofagogastroduodenal (mínimo 12 exposiciones)? por estudio. C @? (X);24,75;0;0;130;0;Cuando se requiera est;D;
340406;Duodenografía hipotónica (mínimo 4 placas) por estudio (incluye sondaje duodenal).C @;24,75;0;0;60;0;;D;
340407;Tránsito de intestino delgado o de colon (mínimo 3 placas) por estudio.C @;7,5;0;0;70;0;;D;
340408;Estudio radiológico seriado ileocecoapendicular (mínimo 2 placas) por estudio.C @;7,5;0;0;25;0;;D;
340409;Colon por enema y evacuado (mínimo 3 placas) por estudio.A @;5,25;0;0;60;0;;D;
340410;Colon por enema y evacuado (mínimo 5 placas) por estudio.C @? (X);24,75;0;0;60;0;;D;
340411;Colon por enema, evacuado e insuflado, técnica de Fisher (mínimo 6 placas) por estudio.C @;24,75;0;0;100;0;;D;
340412;Colon por enema, evacuado y doble contraste (mínimo 8 placas) técnica de Malmo, por estudio.C @? (X);36,75;0;0;150;0;;D;
340413;Colecistografía oral, incluye prueba de evacuación (mínimo 3 placas) por estudio.B @;9,75;0;0;60;0;;D;
340414;Colecistografía endovenosa, incluye prueba de evacuación (mínimo cinco placas) por estudio. B;12;0;0;150;0;;D;
340415;Colangiografía endovenosa (mínimo cinco placas) por estudio. B;12;0;0;140;0;;D;
340416;Colangiografía operatoria (primera placa). A*? (X);9,75;0;0;40;0;;D;
340417;Colangiografía operatoria, por cada placa subsiguiente. A*? (X);2,25;0;0;20;0;;D;
340418;Fistulocolangiografía, colangiografía postoperatoria, (mínimo tres placas) por estudio. A* @? (X);9,75;0;0;60;0;;D;
340419;Colangiografía retrógrada por fibroscopía (mínimo tres placas) por estudio (sin honorario del especialista). D @? .(+ 20.01.23);9,75;0;0;60;0;;D;
340420;Neumoperitoneografía, retroneumoperitoneografía, uni o bilateral, (mínimo tres placas) por estudio (sin honorario del especialista). B? .(+ 22.01.07);9,75;0;0;60;0;;D;
340421;Radiografía simple de abdomen, primera exposición. A*;5,25;0;0;25;0;;D;
340422;Por exposición subsiguiente. A*;2,25;0;0;20;0;;D;
340501;Radiografía simple de arbol urinario. B? (X);5,25;0;0;25;0;;D;
340502;Urograma excretor pielografía descendente, (mínimo simple y tres placas) por estudio. B? (X);9,75;0;0;100;0;;D;
340503;Urograma excretor con estudio vesical, pre y post miccional (mínimo simple y cinco placas) por estudio. B? (X);12;0;0;120;0;;D;
340504;Urograma minutado o por goteo, pielografía por perfusión (mínimo simple y cinco placas) por estudio. B;12;0;0;150;0;;D;
340505;Pielografía ascendente (sin honorario del especialista) primera placa. B? .(+ 36.01.02);5,25;0;0;25;0;;D;
340506;Por exposición subsiguiente. B;2,25;0;0;20;0;;D;
340507;Cistouretrografía miccional. Cistouretrografía ascendente (mínimo dos placas) por estudio. B;5,25;0;0;50;0;;D;
340508;Cistouretrografía por estudio de incontinencia para detectar reflujo, etc. (Mínimo cuatro placas) por estudio. B;7,5;0;0;70;0;;D;
340601;Mamografía (senografía): Unicamente con mamógrafo original de fábrica con tubo de molibdeno y película de grano fino, por lado, cráneo-podal y perfil H.? (X);5,25;0;0;60;0;;D;
340602;Mamografía, proyección axiar (únicamente con mamógrafo original de fábrica con tubo de molibdeno y película de grano fino) por lado. H? (X);5,25;0;0;40;0;;D;
340603;Galactografía (con o sin mamógrafo) por lado, dos exposiciones por estudio. B;5,25;0;0;40;0;;D;
340604;Histerosalpingografía con prueba de Cotte (sin honorarios del especialista) (mínimo tres placas) por estudio. C#? .(+ 22.01.07);7,5;0;0;60;0;;D;
340605;Pelvineumografía, (sin honorarios del especialista) (mínimo tres placas) por estudio. B? .(+ 22.01.07);7,5;0;0;60;0;;D;
340606;Ginecografía (sin honorarios del especialista) (mínimo seis placas) por estudio. C? .(+ 22.01.07);15;0;0;120;0;;D;
340607;Pelvimetría radiológica (mínimo dos placas) por estudio. B;5,25;0;0;50;0;;D;
340608;Radiografía del embarazo (directa de abdomen). C;5,25;0;0;25;0;;D;
340701;Sinusografía, por cateterismo (mínimo seis placas) por estudio. D;9,75;0;0;120;0;;D;
340702;Ventriculografía por inyección de medio contrastante líquido o gaseoso (mínimo seis placas) por estudio. B? .(+ 01.07.01);9,75;0;0;120;0;;D;
340703;Arteriografía cerabral por cateterísmo (mínimo seis placas) por estudio. D? .(+ 01.07.02);12;0;0;120;0;;D;
340704;Arteriografía carotídea o vertebral (por punción directa) mínimo cuatro placas por estudio. B??? (X)? (+01.07.03);12;0;0;100;0;;D;
340705;Neumoencefaloventriculografía fraccionada, cisternografía, (mínimo ocho placas) por estudio .B? .(+ 01.07.04);12;0;0;120;0;;D;
340706;Mielografía ascendente o descendente. Cisternomielografía, radiculografía (mínimo cuatro placas) por estudio. D? (X)? (+01.07.05);15;0;0;80;0;;D;
340707;Discografía. Neurografía. Epidurografía (mínimo dos placas) por estudio. D? .(+ 01.07.06);12;0;0;40;0;;D;
340801;Control radioscópico para colocación de marcapaso transitorio con electrodo endocavitario. D? (X);7,5;0;0;50;0;;D;
340802;Control radioscópico para colocación de marcapaso definitivo con electrodo endocavitario. D? (X);7,5;0;0;50;0;;D;
340803;Control radioscópico por cateterismo derecho y/o izquierdo sin angiocardiografía. D (+07.07.01);7,5;0;0;50;0;;D;
340804;Cardiografía o angiocardiografía (mínimo seis placas o quince metros de películas) por estudio. D @? (X)? (+07.07.02);24,75;0;0;180;0;Este código ó el 34.08.;D;NO FACTURABLE CON OTROS CODIGOS
340805;Coronariografía, incluye ventriculografía (mínimo cuaretaycinco metros de película)por estudio. D @? (X)?? (+07.07.03);36,75;0;0;250;0;;D;NO FACTURABLE CON OTROS CODIGOS
340806;Investigación de fístulas vasculares pulmonares, comprende aortografía torácica selectiva de arterias y angioneumografía (mínimo doce placas o treinta metros de película) por estudio. D @? .(+07.07.07);24,75;0;0;180;0;;D;
340807;Panarteriografía del cayado aórtico y vasos del cuello, por cateterismo, (mínimo seis placas o quince metros de película) por estudio. D @? .(+ 07.07.06);12;0;0;140;0;;D;
340808;Aortografía por punción lumbar, primera exposición. B? .(+07.07.04);9,75;0;0;40;0;;D;
340809;Aortografía por punción lumbar, por cada exposición subsiguiente y hasta cuatro exposiciones. B;5,25;0;0;30;0;;D;
340810;Arteriografía de arterias medulares y/o intercostales (por estudio completo cualquiera fuere el número de placas y/o sesiones). D? .(+ 07.07.12);36,75;0;0;250;0;;D;
340811;Arteriografía selectiva de las ramas de la aorta abdominal (mínimo seis placas o quince metros de película). D @? (X)?? (+07.07.05);24,75;0;0;140;0;;D;
340812;Arteriografías periféricas de los miembros por punción. Primera exposición .B? .(+07.07.14);9,75;0;0;35;0;;D;
340813;Arteriografías periféricas de los miembros (por punción) por cada exposición subsiguiente y hasta cuatro exposiciones. B? .(+ 07.07.14);5,25;0;0;25;0;;D;
340814;Cavografía (primera exposición).? .(+ 07.07.09);7,5;0;0;35;0;;D;
340815;Cavografía por cada exposición subsiguiente y hasta cuatro exposiciónes. B;5,25;0;0;25;0;;D;
340816;Esplenoportografía por punción esplénica.? .(+ 08.09.02);7,5;0;0;35;0;;D;
340817;Esplenoportografía por cada exposición subsiguiente y hasta cuatro exposiciones. B;5,25;0;0;30;0;;D;
340818;Flebografía selectiva de afluentes abdominales o torácico de la vena cava (cavografía selectiva por cateterismo) primera exposición. D @? .(+ 07.07.13);7,5;0;0;35;0;;D;
340819;Flebografía selectiva de afluentes abdominales o torácico de la vena cava, por exposición subsiguiente y hasta cuatro exposiciones. D;5,25;0;0;25;0;;D;
340820;Flebografía de miembro superior o inferior. primera exposición. B? .(+ 07.07.16);7,5;0;0;35;0;;D;
340821;Flebografía de miembro superior o inferior. Por cada exposición subsiguiente y hasta cuatro exposiciones. B;5,25;0;0;25;0;El código 34.08.21 se;D;
340822;Linfografía por exposición. B? .(+ 09.01.08);5,25;0;0;25;0;;D;
340901;Tomografía lineal, cualquiera sea la zona o sistema (mínimo cinco placas) por estudio. E;15;0;0;150;0;;D;
340902;Tomografía hipocicloidal, politomografía, por estudio. E? (X);15;0;0;150;0;;D;
340903;Fistulografía, estudio completo (mínimo dos placas) o estudio. A;5,25;0;0;50;0;;D;
340904;Dacriocistografía (mínimo tres placas) por estudio, sin honorarios de especialista. B;7,5;0;0;60;0;;D;
340905;Radiografía en quirófano o habitación: Cualquiera fuera el estudio efectuado, excluído colangiografía operatoria, primera exposición. A, sin honorarios si no está presente el médico radiólogo.;9,75;0;0;50;0;Esta práctica, es para;D;
340906;radiografía en quirófano o habitación, exposiciones subsiguientes, cada una. A;5,25;0;0;30;0;;D;
340907;Radioscopía en quirófano con amplificadores de imágenes y TV: Por estudio cualquiera fuere el efectuado. D;7,5;0;0;60;0;;D;
340908;Radiografía a domicilio, en radio urbano, cualquiera fuere el estudio efectuado, primera exposición. A;7,5;0;0;80;0;;D;
340909;Radiografía a domicilio, en radio urbano,? exposición subsiguiente, por cada una. A;5,25;0;0;30;0;;D;
341001;T.A.C. Cerebral . I;48,75;0;0;600;0;;D;
341002;T.A.C. Cerebral reforzada. I? (X);60,75;0;0;750;0;La topografía axial refor;D;
341003;T.A.C. cerebral de control. I;24,75;0;0;300;0;La topografía axial refor;D;
341004;T.A.C. Oftalmológica. I;24,75;0;0;300;0;;D;
341005;T.A.C. Tiroidea. I;24,75;0;0;300;0;;D;
341006;T.A.C. Mamaria. I;36,75;0;0;500;0;;D;
341007;T.A.C. Ginecológica. I;48,75;0;0;600;0;El presente código y el;D;
341008;T.A.C. Completa de abdomen. I;73,5;0;0;1000;0;Este código se podrá f;D;
341009;T.A.C. Epatobiliar, esplénica, pancreática, suprarrenal, renal. I;60,75;0;0;750;0;;D;
341010;T.A.C. Torácica.;60,75;0;0;700;0;;D;
341011;T.A.C. Vejiga y próstata.;48,75;0;0;600;0;Este código se podrá f;D;
341012;T.A.C. De otros órganos o regiones.;36,75;0;0;500;0;En el presente código;D;
341013;T.A.C. De columna.;52,5;0;0;700;0;Este código está reserv;D;
350101;;;0;0;20;0;Este código debe ente;D;
350102;;;0;0;30;0;Este código debe ente;D;
350201;;;0;0;0;0;El arancel de este códi;D;
350202;;;0;0;0;0;El arancel de este códi;D;
350203;;;0;0;250;0;El arancel de este códi;D;
360101;Uretrocistoscopía con instrumental rígido.? (X);15;0;0;40;0;Los estudios endoscóp;C;
360102;Uretrocistofibroscopía. (Ver norma idem cod. 36.01.01)? (X);22,5;0;0;342;0;;C;
360103;Sondaje vesical-evacuador, para instilación terapéutiva. (Incluido en consulta)? (X);0;0;0;0;0;;C;INCLUIDO EN CONSULTA
360104;Sondaje vesical (para cistografía de replesión, uretrocistografía). (Incluido en consulta);0;0;0;0;0;;C;INCLUIDO EN CONSULTA
360105;Cistotonomanometría.? (X);15;0;0;35;0;;C;
360106;Dilatación uretral. (Inclido en consulta);0;0;0;0;0;;C;INCLUIDO EN CONSULTA
360107;Uretroscopía. (Ver norma idem código 36.01.01)? (X);7,5;0;0;30;0;;C;
370101;Insuficiencia respiratoria aguda grave sindrome laríngeo, neumotorax hipertensivo.;20;0;0;0;0;;F;
370102;Insuficiencia circulatoria aguda grave (edema aguda de pulmón, embolia de pulmón, arritmia aguda grave, shock.).;20;0;0;0;0;;F;
370103;Insuficiencia suprarrenal aguda.;20;0;0;0;0;;F;
370104;Sindrome psiquiátrico agudo grave (delirium tremends, esquizofrenia aguda, crisis epiléptica sub intrantes).;20;0;0;0;0;;F;
370105;Envenenamientos agudos graves.;20;0;0;0;0;;F;
370106;Pancreatitis aguda hemorragia digestiva;20;0;0;0;0;;F;
400101;Arancel global por cada veinticuatro horas de atención.? (X);39,75;0;0;196;0;Cuando un paciente se;G;NO FACTURABLE CON OTROS CODIGOS
400102;Control de presión, por cateterismo cardíaco, en arteria y capilar pulmonar y/o medición de volumen minuto por termodilución (primera determinación).;8;0;0;88;0;Cuando se realiza cont;C;
400103;Por determianción subsiguiente y hasta un máximo de seis por veinticuatro horas.;5;0;0;22;0;;C;
400104;Determinación de consumo de oxígeno por métodos directos.;8;0;0;44;0;Este código no esta in;C;
410101;Arancel global por cada veinticuatro horas de atención.? (X);8,5;0;0;90;0;;G;
420101;Consulta médica.? (X);10;0;0;0;0;En los establecimiento;F;
420103;Consulta médica en horario nocturno y/o días feriados.? (X);11;0;0;0;0;No podrá facturarse par;F;
420201;Visita médica.? (X);12;0;0;0;0;;F;
420202;Arancel por cada diez kilómetros. Recorridos fuera del radio urbano, se adicionará.;3;0;0;0;0;Este código se aplica e;F;
420203;Visita médica en horario nocturno y/o días feriados.? (X);13;0;0;0;0;;F;
420301;Atención médica en internación clínica, por día de internación.? (X);10;0;0;0;0;;F;
420303;Interconsulta especializada en internación.? (X);12;0;0;0;0;;F;
430101;Una cama en habitación de dos con ba?o privado.;0;0;0;57;0;INCLUYE: Uso de cam;G;
430102;Una cama en habitación de dos con ba?o intermedio.;0;0;0;43;0;;G;
430103;Una cama en habitación de tres con ba?o incluído.;0;0;0;38;0;;G;
430104;Una cama en habitación de más de tres con ba?o incluído.;0;0;0;34;0;;G;
430105;Atención del recién nacido en la habitación de la madre (arnshm y/o nursery).;0;0;0;23;0;#¿NOMBRE?;G;
430106;Una cama para acompa?ante en habitación de dos coamas con ba?o privado.;0;0;0;68;0;INCLUYE: uso de cam;G;
430107;Una cama para acompa?ante en habitación de dos camas con ba?o intermedio.;0;0;0;47;0;INCLUYE: uso de cam;G;
430108;Una cama para acompa?ante en habitación de tres camas con ba?o incluido.;0;0;0;41;0;INCLUYE: uso de cam;G;
430201;Curaciones.;0;0;0;8,5;0;El nomenclador estable;C;
430202;Curaciones quemados.;0;0;0;25;0;;C;
430301;En consultorio externo, cada aplicación.;0;0;0;2;0;;C;
430401;Nebulización con nebulizador (incluido oxígeno).;0;0;0;5;0;;C;
430402;Nebulización con respirador o nebulizador ultrasónico (incluido oxígeno).;0;0;0;10;0;Esta práctica no perten;C;
430501;Incubadoras tipo isolette o similar, por día.;0;0;0;26;0;Cuando el paciente est;G;
430601;Por día.;0;0;0;19;0;Este gasto se podrá fa;C;
430901;Por día.;0;0;0;20;0;Este código será de ap;G;
431001;Uso de material descartable (jeringas, agujas, guantes) en internación general. Por día de internación.;0;0;0;5;0;;G;
431002;Uso de material descartable (jeringas, agujas, guantes) en terapia intensiva y cuidados especiales. Por día de internación en la unidad.;0;0;0;12;0;;G;
431101;Intervención quirúrgica con anestecia general. Por acto quirúrgico.;0;0;0;8;0;;G;
431102;Intervención quirúrgca con circulación extracorpórea. Por acto quirúrgico.;0;0;0;42;0;;G;
431103;Asistencia respiratoria en terapia intensiva. Por día de internación.;0;0;0;64;0;;G;
431104;Asistencia respiratoria en cuidados especiales. Por día de internación.;0;0;0;32;0;;G;
431105;Asistencia respiratoria en terapia intensiva neonatológica. Por día de internación.;0;0;0;128;0;;G;
440101;Por hora su utilización.;6;0;0;88;0;;C;
