codigo_c;PRESTACIONES ;valor;codigo;Nomenclador;Clasificación;Coseguro
660001;ACTO BIOQUIMICO;5484;660001;NBU;BAJA;10000
660002;ACETONURIA;914;660002;NBU;BAJA;10000
660004;ACIDIMETRIA GASTRICA , CURVA DE;2742;660004;NBU;BAJA;10000
660005;ACIDO BASE, ESTADO ACIDO BASE (EAB);18280;660005;NBU;BAJA;10000
660006;ACTH - HORMONA ADRENOCORTICOTROFINA;10968;660006;NBU;BAJA;10000
660007;ADDIS, RECUENTO DE;1828;660007;NBU;BAJA;10000
660009;ADRENALINA, PLASMATICA (CATECOLAMINA PLASMATICA);22850;660009;NBU;BAJA;10000
660010;ADRENALINA, URINARIA  (CATECOLAMINA URINARIA);22850;660010;NBU;BAJA;10000
660014;AGLUTININAS DEL SISTEMAS ABO;2742;660014;NBU;BAJA;10000
660015;ALBUMINA - SERICA;1371;660015;NBU;BAJA;10000
660016;ALCOHOL DEHIDROGENASA, ADH;9140;660016;NBU;BAJA;10000
660017;ALCOHOL ETILICO - SANGRE (ALCOHOLEMIA);9140;660017;NBU;BAJA;10000
660018;ALDOLASA (ALD);5484;660018;NBU;BAJA;10000
660019;ALDOSTERONA;13710;660019;NBU;BAJA;10000
660020;ALFA FETO PROTEINA (AFP);9140;660020;NBU;BAJA;10000
660022;AMILASA - SERICA;3656;660022;NBU;BAJA;10000
660023;AMILASA - URINARIA;3656;660023;NBU;BAJA;10000
660025;AMINOACIDOS FRACCIONADOS (CROMATOGRAFIA - POR FRACCION) -CUALITATIVO;11425;660025;NBU;BAJA;10000
660027;AMINOACIDURIA FRACCIONADA (CROMATOGRAFIA - POR FRACCION) -CUALITATIVO;11425;660027;NBU;BAJA;10000
660028;AMNIOTICO, LIQUIDO CELULAS NARANJAS;914;660028;NBU;BAJA;10000
660029;AMNIOTICO, LIQUIDO (ESPECTROFOTOMETRIA - TEST DE LISLEY);4570;660029;NBU;BAJA;10000
660030;AMNIOTICO, LIQUIDO LECITINA - ESFINGOMIELINA;4570;660030;NBU;BAJA;10000
660031;AMONEMIA;18280;660031;NBU;BAJA;10000
660033;ANGIOTENSINA I;27420;660033;NBU;BAJA;10000
660035;ANTIBIOGRAMA (ATBG);8226;660035;NBU;BAJA;10000
660036;ANTIBIOGRAMA BACILO DE KOCH (7) SIETE ANTIBIOTICOS;54840;660036;NBU;BAJA;10000
660040;ANTICUERPOS ANTIGLOMERULAR , (IFI);5484;660040;NBU;BAJA;10000
660041;ANTICUERPOS ANTIMEMBRANA BASAL, (IFI);14624;660041;NBU;BAJA;10000
660042;ANTICUERPO ANTIMUSCULO LISO (ASMA), (IFI);9140;660042;NBU;BAJA;10000
660046;ANTICUERPOS ANTITIROGLOBULINA (ATG);9140;660046;NBU;BAJA;10000
660049;ANTIDESIXIRRIBONUCLEASA - ADNEASA – ANTI-DNA;13710;660049;NBU;BAJA;10000
660051;"ANTIESTREPTOLISINAS ""O"" (ASO / ASTO / AELO),
CUANTITATIVA";5484;660051;NBU;BAJA;10000
660053;ANTIFUNGICOS - PRUEBA DE SENSIBILIDAD;13710;660053;NBU;BAJA;10000
660055;ANTIMITOCONDRIALES , ANTICUERPOS (AMA);9140;660055;NBU;BAJA;10000
660056;ANTINUCLEARES ANTICUERPOS (FAN / ANA / AAN);10054;660056;NBU;BAJA;10000
660057;ANTITRIPSINA, ALFA 1 (?1 AT) - LIQ. PLEURAL O MAT. FECAL O SERICA - C/U - (POR I.D.-CUANTITATIVA);9140;660057;NBU;BAJA;10000
660058;ANTITROMBINA III - CON CALIBRACION DE TRES (3) PUNTOS;27420;660058;NBU;BAJA;10000
660059;ARSENICO (AS) - SERICO O URINARIO;18280;660059;NBU;BAJA;10000
660060;ASCORBICO, ACIDO - SERICO;27420;660060;NBU;BAJA;10000
660063;ANTICUERPOS ANTI- HIV (ELISA);10054;660063;NBU;BAJA;10000
660101;BACILOSCOPIA DIRECTA - ZIEHL NEELSEN (POR MUESTRA);3656;660101;NBU;BAJA;10000
660102;BACILOSCOPIA, DIRECTA Y CULTIVO (POR MUESTRA);13710;660102;NBU;BAJA;10000
660103;BACILOSCOPIA, (IFI - POR MUESTRA);9140;660103;NBU;BAJA;10000
660104;BACTERIOLOGIA, DIRECTA (COLORACION DE GRAM);2742;660104;NBU;BAJA;10000
660105;BACTERIOLOGICO, DIRECTO-CULTIVO E IDENTIFICACION DEL GERMEN;8226;660105;NBU;BAJA;10000
660107;BARBITURICOS - URINARIOS;15995;660107;NBU;BAJA;10000
660108;BENCE- JONES, PROTEINAS DE (HPLC / IMF);274200;660108;NBU;BAJA;10000
660109;BICARBONATO;0;660109;NBU;BAJA;10000
660110;BILIRRUBINEMIA TOTAL, DIRECTA E INDIRECTA;1828;660110;NBU;BAJA;10000
660111;BILIRRUBINURIA;1828;660111;NBU;BAJA;10000
660120;C3 - COMPLEMENTO;4570;660120;NBU;BAJA;10000
660121;C4 - COMPLEMENTO;4570;660121;NBU;BAJA;10000
660130;CADENA LIVIANA KAPPA Y LAMBDA - SERICO (IMF);36560;660130;NBU;BAJA;10000
660131;CADENA LIVIANA KAPPA Y LAMBDA - URINARIO (IMF);36560;660131;NBU;BAJA;10000
660132;CADMIO (CD) - URINARIO;18280;660132;NBU;BAJA;10000
660133;CALCEMIA TOTAL (CA);1371;660133;NBU;BAJA;10000
660134;CALCIO IONICO;3656;660134;NBU;BAJA;10000
660136;CALCIO - URINARIO;1828;660136;NBU;BAJA;10000
660137;CALCITONINA - SERICA;14624;660137;NBU;BAJA;10000
660138;CALCULO - URINARIO;10968;660138;NBU;BAJA;10000
660139;CARBONICO, ANDHIDRICO - (PCO2);0;660139;NBU;BAJA;10000
660140;CARIOTIPO, MAPA CROMOSOMICO;97798;660140;NBU;BAJA;10000
660141;CAROTENO BETA - SERICO;20108;660141;NBU;BAJA;10000
660144;CEA - ANTIGENO CARCINOEMBRIOGENICO;11425;660144;NBU;BAJA;10000
660148;CELULAS NEOPLASICAS - LIQUIDOS, EXUDADOS, TRASUDADOS;8226;660148;NBU;BAJA;10000
660150;CEREBROSIDOS (CROMATOGRAFICO);0;660150;NBU;BAJA;10000
660151;CERULOPLASMINA;7312;660151;NBU;BAJA;10000
660152;CETOGENOESTEROIDES - URINARIOS;4570;660152;NBU;BAJA;10000
660154;CETONEMIA;1371;660154;NBU;BAJA;10000
660164;"CITOLOGIA EXFOLIATIVA - VAGINAL HORMONAL (POR
CADA MUESTRA)";4570;660164;NBU;BAJA;10000
660167;CITRICO, ACIDO - LIQUIDO SEMINAL (ESTUDIO DEL SEMEN);9140;660167;NBU;BAJA;10000
660168;CLORO (CL) - SERICO;1828;660168;NBU;BAJA;10000
660169;COAGULACION, TIEMPO DE;914;660169;NBU;BAJA;10000
660170;COAGULO, RETRACCION DEL -COAGULOGRAMA BASICO.  ;5484;660170;NBU;BAJA;10000
660171;COAGULOGRAMA;7312;660171;NBU;BAJA;10000
660172;COBRE (CU) - SERICO;18280;660172;NBU;BAJA;10000
660173;COCAINA (INMUNOCROMATOGRAFIA/CROMATOGRAFICO);15995;660173;NBU;BAJA;10000
660174;COLESTEROL TOTAL;1371;660174;NBU;BAJA;10000
660176;COLONIAS, RECUENTO DE;1828;660176;NBU;BAJA;10000
660177;COMPATIBILIDAD - SANGRE MATERNA;5484;660177;NBU;BAJA;10000
660178;"COMPATIBILIDAD MATRIMONIAL - SANGUINEA EN
CONYUGES";4570;660178;NBU;BAJA;10000
660179;COMPLEMENTO, ACTIVIDAD TOTAL.- COMPLEMENTO 50% LISIS (CH-50);45700;660179;NBU;BAJA;10000
660181;CONCENTRACION DE LIQUIDOS BIOLOGICOS;25592;660181;NBU;BAJA;10000
660183;COOMBS DIRECTA MONOESPECIFICA, PRUEBA DE (C/U);1828;660183;NBU;BAJA;10000
660184;COOMBS DIRECTA POLIESPECIFICA, PRUEBA DE;1828;660184;NBU;BAJA;10000
660186;COOMBS INDIRECTA;10968;660186;NBU;BAJA;10000
660187;COPROCULTIVO;9140;660187;NBU;BAJA;10000
660188;COPROPORFIRINAS O PORFIRINAS - MATERIA FECAL;13710;660188;NBU;BAJA;10000
660189;CORTISOL;9140;660189;NBU;BAJA;10000
660190;CREATINQUINASA - CPK;2742;660190;NBU;BAJA;10000
660191;CREATININA - EN ORINA;2742;660191;NBU;BAJA;10000
660192;CREATININA - EN SANGRE;2742;660192;NBU;BAJA;10000
660193;CREATININA, CLEARENCE DE DEPURACION;4570;660193;NBU;BAJA;10000
660194;CRIOAGLUTININA;914;660194;NBU;BAJA;10000
660195;CRIOGLOBULINAS;914;660195;NBU;BAJA;10000
660241;CHAGAS (AD);2742;660241;NBU;BAJA;10000
660242;CHAGAS (HAI);2742;660242;NBU;BAJA;10000
660243;CHAGAS, AC. TOTALES / IGG (IFI / ELISA / QL);7312;660243;NBU;BAJA;10000
660244;CHAGAS, PARASITEMIA;5484;660244;NBU;BAJA;10000
660245;CHAGAS, SEROLOGIA - CONFIRMATORIO;10054;660245;NBU;BAJA;10000
660262;DEHIDROEPIANDROSTERONA, SULFATO - DHEA-S;10054;660262;NBU;BAJA;10000
660264;DESCARTABLE, MATERIAL COMPLEMENTARIO (DMC);1828;660264;NBU;BAJA;10000
660265;DESCARTABLE, MATERIAL DE BIOSEGURIDAD. ;2742;660265;NBU;BAJA;10000
660268;DIGOXIN (DIGOXINA);13710;660268;NBU;BAJA;10000
660269;DISACARIDASAS;0;660269;NBU;BAJA;10000
660272;DOMICILIO EN RADIO URBANO - HASTA DOS (2) KMS;9140;660272;NBU;BAJA;10000
660273;"DOMICILIO A MAS DE DOS (2) KMS. - ADICIONAL POR
C/KM";2742;660273;NBU;BAJA;10000
660293;EMBARAZO, REACCION INMUNOLOGICA PARA;3199;660293;NBU;BAJA;10000
660295;EOSINOFILOS, RECUENTO DE (EN MOCO NASAL);914;660295;NBU;BAJA;10000
660297;ERITROSEDIMENTACION;1828;660297;NBU;BAJA;10000
660298;ESPERMOGRAMA BASICO (EIVE);25592;660298;NBU;BAJA;10000
660299;ESTRICNINA - LIQUIDOS BIOLOGICOS;0;660299;NBU;BAJA;10000
660300;ESTRADIOL (E2) - SERICO;9140;660300;NBU;BAJA;10000
660301;ESTRIOL - URINARIO;11882;660301;NBU;BAJA;10000
660302;ESTRIOL - SERICO;11882;660302;NBU;BAJA;10000
660305;ESTRONA - SERICA;13710;660305;NBU;BAJA;10000
660307;ETANOL, ALCOHOL ETILICO - URINARIO. (ALCOLURIA);9140;660307;NBU;BAJA;10000
660308;EUGLOBULINAS, TEST DE;4570;660308;NBU;BAJA;10000
660309;EXUDADO NASOFARINGEO, CULTIVO;4570;660309;NBU;BAJA;10000
660331;FACTOR DE COAGULACION V;22850;660331;NBU;BAJA;10000
660332;FACTOR DE COAGULACION VII;22850;660332;NBU;BAJA;10000
660333;FACTOR DE COAGULACION VIII;27420;660333;NBU;BAJA;10000
660334;FACTOR DE COAGULACION IX;27420;660334;NBU;BAJA;10000
660335;FACTOR DE COAGULACION X;22850;660335;NBU;BAJA;10000
660336;FACTOR DE MIGRACION LINFOCITARIA - MIF;0;660336;NBU;BAJA;10000
660337;FENILALANINA CONFIRMATORIO (HPLC);27420;660337;NBU;BAJA;10000
660338;FENILALANINA, NEONATAL (PKU);6398;660338;NBU;BAJA;10000
660340;FENILPIRUVICO, ACIDO - URINARIO (CUALITATIVO);9140;660340;NBU;BAJA;10000
660342;FENOTIAZINAS;13710;660342;NBU;BAJA;10000
660343;FERREMIA (FE);1828;660343;NBU;BAJA;10000
660344;"FIBRINOGENO, PRODUCTOS DE DEGRADACION - PDF -
PLASMATICO";31990;660344;NBU;BAJA;10000
660345;FIBRINOGENO - SANGRE;10968;660345;NBU;BAJA;10000
660349;FISICO QUIMICO - EXAMEN DE EXUDADOS, TRASUDADOS;9140;660349;NBU;BAJA;10000
660350;FLUOREMIA (F);9140;660350;NBU;BAJA;10000
660351;FLUORURIA;9140;660351;NBU;BAJA;10000
660352;FOLICO, ACIDO;10054;660352;NBU;BAJA;10000
660353;FONDO OSCURO;3656;660353;NBU;BAJA;10000
660354;FORMULA LEUCOCITARIA;1371;660354;NBU;BAJA;10000
660355;FOSFATASA ACIDA PROSTATICA (EFM);4570;660355;NBU;BAJA;10000
660356;FOSFATASA ACIDA TOTAL (EFM);2742;660356;NBU;BAJA;10000
660357;FOSFATASA ALCALINA (FAL);1371;660357;NBU;BAJA;10000
660360;FOSFATASA ALCALINA TERMOESTABLE;13710;660360;NBU;BAJA;10000
660361;FOSFATASA ALCALINA - ISOENZIMAS;13710;660361;NBU;BAJA;10000
660362;FOSFATEMIA (P);1371;660362;NBU;BAJA;10000
660363;FOSFATURIA (P);1371;660363;NBU;BAJA;10000
660366;FOSFORO CLEARENCE DEPURACION;2742;660366;NBU;BAJA;10000
660370;FSH - HORMONA FOLICULO ESTIMULANTE;9140;660370;NBU;BAJA;10000
660371;FTA/ ABS (IFI - ELISA) SIFILIS Y TPHA;7312;660371;NBU;BAJA;10000
660373;FUNCIONAL, EXAMEN DE MATERIA FECAL - BASICO;27420;660373;NBU;BAJA;10000
660402;GALACTOSEMIA;7312;660402;NBU;BAJA;10000
660404;GASES EN SANGRE, PCO2 Y PO2;9140;660404;NBU;BAJA;10000
660405;GASTRINA, SERICA;13710;660405;NBU;BAJA;10000
660408;"GLOBULOS BLANCOS, RECUENTO Y FORMULA -
MATERIA FECAL";2742;660408;NBU;BAJA;10000
660409;GLOBULOS BLANCOS, RECUENTO DE;914;660409;NBU;BAJA;10000
660410;GLOBULOS ROJOS, RECUENTO DE;914;660410;NBU;BAJA;10000
660411;GLUCAGON;0;660411;NBU;BAJA;10000
660412;GLUCEMIA (C/U);1371;660412;NBU;BAJA;10000
660413;"GLUCEMIA, PRUEBA DE SOBRECARGA (X 2 - DOS
DETERMINACIONES)";4113;660413;NBU;BAJA;10000
660416;GLUCOPROTEINOGRAMA;0;660416;NBU;BAJA;10000
660417;GLUCOSA EN ORINA (C/U);1371;660417;NBU;BAJA;10000
660418;GLUCOSA 6-FOSFATO ISOMERASA;11882;660418;NBU;BAJA;10000
660420;GLUTAMIL TRANSPEPTIDASA. GAMMA-;2285;660420;NBU;BAJA;10000
660430;GRAHAM, TEST DE;2742;660430;NBU;BAJA;10000
660432;GRASAS, CUANTITATIVO (VAN DE KAMER) - MATERIA FECAL;13710;660432;NBU;BAJA;10000
660433;GRUPO SANGUINEO Y FACTOR RHO - DU / Dµ;4570;660433;NBU;BAJA;10000
660463;HAPTOGLOBINA;8226;660463;NBU;BAJA;10000
660464;HEINZ, CUERPOS DE (TINCION);2742;660464;NBU;BAJA;10000
660465;HEMATIES, RESISTENCIA GLOBULAR OSMOTICA (CURVA DE FRAGILIDAD OSMOTICA DE ERITROCITOS);9140;660465;NBU;BAJA;10000
660466;HEMATOCRITO;914;660466;NBU;BAJA;10000
660468;HEMOCULTIVO AEROBIOS (C/U);18280;660468;NBU;BAJA;10000
660470;HEMOGLOBINA, DOSAJE DE (HB);914;660470;NBU;BAJA;10000
660471;HEMOGLOBINA, ELECTROFORESIS;10054;660471;NBU;BAJA;10000
660472;HEMOGLOBINA - PLASMATICA;3656;660472;NBU;BAJA;10000
660475;HEMOGRAMA;4570;660475;NBU;BAJA;10000
660479;HEMOSIDERINA - URINARIA;8226;660479;NBU;BAJA;10000
660480;HEPARINA, RESISTENCIA A LA (IN VITRO);13710;660480;NBU;BAJA;10000
660481;HEPATOGRAMA;5484;660481;NBU;BAJA;10000
660483;HIDATIDOSIS (HAI);11882;660483;NBU;BAJA;10000
660484;HIDATIDOSIS, AC. IGG O TOTALES ANTI- (IFI);13710;660484;NBU;BAJA;10000
660487;HIDROXINDOLACETICO, ACIDO;9140;660487;NBU;BAJA;10000
660488;HIDROXIPROLINA - URINARIA;10968;660488;NBU;BAJA;10000
660489;HIPERHEPARINEMIA;0;660489;NBU;BAJA;10000
660494;HUDDLESSON, REACCION DE (ROSA DE BENGALA - BRUCELOSIS);1828;660494;NBU;BAJA;10000
660531;MYCOBACTERIUM, IDENTIFICACION;18280;660531;NBU;BAJA;10000
660532;IDENTIFICACION SEROLOGICA DE GERMENES;9140;660532;NBU;BAJA;10000
660535;INMUNOELECTROFORESIS;9140;660535;NBU;BAJA;10000
660536;INMUNOELECTROFORESIS LIQUIDOS BIOLOGICOS;148068;660536;NBU;BAJA;10000
660537;INMUNOGLOBULINA A (IGA);4570;660537;NBU;BAJA;10000
660538;INMUNOGLOBULINA D (IGD);159950;660538;NBU;BAJA;10000
660539;INMUNOGLOBULINA E (IGE);9140;660539;NBU;BAJA;10000
660540;INMUNOGLOBULINA G (IGG);4570;660540;NBU;BAJA;10000
660541;INMUNOGLOBULINA M (IGM);4570;660541;NBU;BAJA;10000
660543;INSULINA;10054;660543;NBU;BAJA;10000
660546;IONOGRAMA - SERICO;3199;660546;NBU;BAJA;10000
660547;IONOGRAMA - URINARIO;3199;660547;NBU;BAJA;10000
660548;ISOCITRICO DEHIDROGENASA;0;660548;NBU;BAJA;10000
660591;LACTAMINICO, ACIDO;0;660591;NBU;BAJA;10000
660592;LACTICO, ACIDO ENZIMATICO;9140;660592;NBU;BAJA;10000
660593;LACTICO, ACIDO - MATERIA FECAL;9140;660593;NBU;BAJA;10000
660594;LACTICO DEHIDROGENASA - LDH;2742;660594;NBU;BAJA;10000
660596;"LACTICO DEHIDROGENASA ISOENZIMAS - LDH
ISOENZIMAS";5484;660596;NBU;BAJA;10000
660597;LACTOGENO PLACENTARIO / SOMATOMAMOTROFINA;18280;660597;NBU;BAJA;10000
660598;FACTOR REUMATOIDEO - ARTRITIS REUMATOIDE;5484;660598;NBU;BAJA;10000
660600;LEPTOSPIRAS, INVESTIGACION DE (FONDO OSCURO O COLORACIONES) - URINARIA;10968;660600;NBU;BAJA;10000
660602;TRICHINOSIS, INVESTIGACION DE;27420;660602;NBU;BAJA;10000
660603;LAZO, PRUEBA DEL;914;660603;NBU;BAJA;10000
660606;LEUCINAMINOPEPTIDASA (LAP);9140;660606;NBU;BAJA;10000
660610;LEVULINICO, ACIDO DELTA-AMINO;9140;660610;NBU;BAJA;10000
660611;LEVULINICO, DELTA DEHIDRATASA;9140;660611;NBU;BAJA;10000
660612;LH - HORMONA LUTEINIZANTE;9140;660612;NBU;BAJA;10000
660613;LIPASA, SERICA;10968;660613;NBU;BAJA;10000
660615;LIPIDOGRAMA (ELECTROFORETICO);11882;660615;NBU;BAJA;10000
660619;LIQUIDO CEFALORRAQUIDEO, FCO-QCO - CITOLOGICO;13710;660619;NBU;BAJA;10000
660620;LIQUIDO DE PUNCION, EXAMEN FCO-QCO - CITOLOGICO;13710;660620;NBU;BAJA;10000
660622;LISTERIAS, AC. ANTI - (IFI - ELISA);8226;660622;NBU;BAJA;10000
660623;LITIO (LI) (ISE - ION SELECTIVO - FOTOMETRIA DE LLAMA O FOTOMETRIA DE EMISION);5484;660623;NBU;BAJA;10000
660624;LITIO (LI) (POR ABSORCION ATOMICA - A.A.);18280;660624;NBU;BAJA;10000
660653;MAGNESIO (MG) - SERICO;2285;660653;NBU;BAJA;10000
660654;MAGNESIO (MG) - URINARIO;2285;660654;NBU;BAJA;10000
660656;MANTOUX, INTRADERMO-REACCION DE (PPD);18280;660656;NBU;BAJA;10000
660657;MEDULOGRAMA;8226;660657;NBU;BAJA;10000
660660;MERCURIO (HG) - SERICO O URINARIO;13710;660660;NBU;BAJA;10000
660662;METANEFRINAS FRACCIONADAS URINARIAS;45700;660662;NBU;BAJA;10000
660663;METANOL - URINARIO;13710;660663;NBU;BAJA;10000
660664;MICOLOGIA (DIRECTO - COLORACION);3656;660664;NBU;BAJA;10000
660665;MICOLOGIA (CULTIVO E IDENTIFICACION);12796;660665;NBU;BAJA;10000
660667;MOCO CERVICAL, CRISTALIZACION;1828;660667;NBU;BAJA;10000
660668;MOCO NASAL, PH - CITOLOGICO;1828;660668;NBU;BAJA;10000
660669;MONONUCLEOSIS (AGLUTINACION - TEST DE LATEX O MONOTEST);2742;660669;NBU;BAJA;10000
660670;"MONONUCLEOSIS HEMOAGLUTINACION (PAUL
BUNNELL)";2742;660670;NBU;BAJA;10000
660671;MONONUCLEOSIS;2742;660671;NBU;BAJA;10000
660672;MONOXIDO DE CARBONO;4570;660672;NBU;BAJA;10000
660673;MORFINA OPIACEOS, DERIVADOS - LIQUIDOS BIOLOGICOS;10968;660673;NBU;BAJA;10000
660684;MULTIRRESISTENCIA, VIGILANCIA DE BACTERIAS RESISTENTES;23764;660684;NBU;BAJA;10000
660695;NORADRENALINA, SERICA - CATECOLAMINA;22850;660695;NBU;BAJA;10000
660696;NORADRENALINA, URINARIA  - CATECOLAMINA;22850;660696;NBU;BAJA;10000
660702;NUCLEOTIDASA - 5' N;7312;660702;NBU;BAJA;10000
660711;ORINA COMPLETA;4570;660711;NBU;BAJA;10000
660714;OSMOLARIDAD - CLEARENCE (SANGRE - ORINA);4570;660714;NBU;BAJA;10000
660715;OSMOLARIDAD - SUERO;2285;660715;NBU;BAJA;10000
660716;OXIGENO, PO2 - SANGRE ARTERIAL;0;660716;NBU;BAJA;10000
660732;PAPANICOLAOU ENDOCERVICAL;8226;660732;NBU;BAJA;10000
660734;PAPANICOLAOU EXOCERVICAL;8226;660734;NBU;BAJA;10000
660736;PARASITOLOGICO EN MATERIA FECAL;3656;660736;NBU;BAJA;10000
660737;PARASITOS HEMATICOS;5484;660737;NBU;BAJA;10000
660738;PARASITOS SUPERIORES;3656;660738;NBU;BAJA;10000
660739;PARATHORMONA - PTH;12339;660739;NBU;BAJA;10000
660740;PEROXIDASAS, TINCION;4570;660740;NBU;BAJA;10000
660741;PH - LIQUIDOS BIOLOGICOS;1828;660741;NBU;BAJA;10000
660742;PH - SANGUINEO;0;660742;NBU;BAJA;10000
660743;PIRUVATO- QUINASA;0;660743;NBU;BAJA;10000
660744;PIRUVICO, ACIDO ENZIMATICO;0;660744;NBU;BAJA;10000
660745;PLAQUETARIOS, FACTORES;9140;660745;NBU;BAJA;10000
660746;PLAQUETAS, RECUENTO DE;1828;660746;NBU;BAJA;10000
660747;PLASMA RECALCIFICADO, TIEMPO DE;914;660747;NBU;BAJA;10000
660748;PLASMINOGENO (IDR);34732;660748;NBU;BAJA;10000
660749;PLOMO (PB) - SERICO O URINARIO;18280;660749;NBU;BAJA;10000
660751;PORFIRINAS O UROPORFIRINAS - URINARIAS;13710;660751;NBU;BAJA;10000
660752;PORFOBILINOGENO (CUALITATIVO) - URINARIO;10968;660752;NBU;BAJA;10000
660753;POTASEMIA;0;660753;NBU;BAJA;10000
660754;POTASURIA;0;660754;NBU;BAJA;10000
660758;PROGESTERONA - PG;10054;660758;NBU;BAJA;10000
660759;PROLACTINA (PRL);9140;660759;NBU;BAJA;10000
660761;PROTEINA C REACTIVA - PCR;4570;660761;NBU;BAJA;10000
660763;PROTEINA TOTALES;1371;660763;NBU;BAJA;10000
660764;PROTEINOGRAMA ELECTROFORETICO, EN SUERO;10968;660764;NBU;BAJA;10000
660765;PROTEINOGRAMA ELECTROFORETICO - LCR;18280;660765;NBU;BAJA;10000
660766;PROTEINOGRAMA - LIQUIDOS BIOLOGICOS;18280;660766;NBU;BAJA;10000
660767;PROTEINURIA;1371;660767;NBU;BAJA;10000
660768;PROTOPORFIRINAS - ERITROCITARIA;10968;660768;NBU;BAJA;10000
660769;PROTROMBINA, CONSUMO DE;1828;660769;NBU;BAJA;10000
660770;PROTROMBINA, RIN;3656;660770;NBU;BAJA;10000
660771;PROTROMBINA, TIEMPO DE (TP);2742;660771;NBU;BAJA;10000
660772;PSEUDOCOLINESTERASA (CHE) O BUTIRILCOLINESTERASA;3656;660772;NBU;BAJA;10000
660801;QUIMIOTRIPSINA;27420;660801;NBU;BAJA;10000
660812;RENINA - ANGIOTESINA;16452;660812;NBU;BAJA;10000
660813;RHO FACTOR - GRUPO SANGUINEO;0;660813;NBU;BAJA;10000
660814;RHO FACTOR C GRANDE;1828;660814;NBU;BAJA;10000
660815;RHO FACTOR C CHICA;1828;660815;NBU;BAJA;10000
660816;RHO FACTOR E GRANDE;1828;660816;NBU;BAJA;10000
660817;RHO FACTOR E CHICA;1828;660817;NBU;BAJA;10000
660818;RETICULOCITOS, RECUENTO DE;1828;660818;NBU;BAJA;10000
660820;ROSSE RAGAN, PRUEBA DE (RR);2285;660820;NBU;BAJA;10000
660831;SALICILATOS;11425;660831;NBU;BAJA;10000
660832;SALMONELLA, ANTICUERPOS (IFI - ELISA);5484;660832;NBU;BAJA;10000
660833;SANGRE OCULTA - MATERIA FECAL (SOMF) - INMUNOLOGICO;9140;660833;NBU;BAJA;10000
660835;SEROTONINA - SERICA;21936;660835;NBU;BAJA;10000
660837;SIDEROFILINA, CAPACIDAD DE SATURACION;8226;660837;NBU;BAJA;10000
660838;SIMS - HUHNER, TEST DE;18280;660838;NBU;BAJA;10000
660839;SODIO - SERICO O URINARIO;0;660839;NBU;BAJA;10000
660841;SOMATOTROFINA (STH);10968;660841;NBU;BAJA;10000
660846;"SUBTIPO HEMOGLOBINA A2, DETERMINACION DE
(ELECTROFORESIS)";10054;660846;NBU;BAJA;10000
660847;SUDOR, TEST DE;27420;660847;NBU;BAJA;10000
660862;TALIO (TL) - URINARIO;18280;660862;NBU;BAJA;10000
660863;TESTOSTERONA - TO;10054;660863;NBU;BAJA;10000
660864;THORN, PRUEBA DE;0;660864;NBU;BAJA;10000
660865;TIROTROFINA - TSH;8226;660865;NBU;BAJA;10000
660866;TIROXINA TOTAL - T4;8226;660866;NBU;BAJA;10000
660867;TIROXINA EFECTIVA - LIBRE (FT4 / T4L);8226;660867;NBU;BAJA;10000
660870;TOXOPLASMOSIS (HA);3656;660870;NBU;BAJA;10000
660871;TOXOPLASMOSIS (IFI);5484;660871;NBU;BAJA;10000
660873;TRANSAMINASA, GLUTAMICO OXALACETICA (GOT / AST);1371;660873;NBU;BAJA;10000
660874;TRANSAMINASA, GLUTAMICO PIRUVICA (GPT / AGT);1371;660874;NBU;BAJA;10000
660875;TRANSFERRINA;5484;660875;NBU;BAJA;10000
660876;TRIGLICERIDOS (TG);2285;660876;NBU;BAJA;10000
660878;TRIIODOTIRONINA TOTAL - T3;8226;660878;NBU;BAJA;10000
660879;TROMBINA, PRUEBA DE GENERACION DE LA;2742;660879;NBU;BAJA;10000
660880;TROMBINA, TIEMPO DE;4570;660880;NBU;BAJA;10000
660887;TROMBOPLASTINA, TIEMPO DE (KPTT / TTPC / KT);2742;660887;NBU;BAJA;10000
660901;UREA, CLEARENCE DE;2742;660901;NBU;BAJA;10000
660902;UREA, SERICA;1371;660902;NBU;BAJA;10000
660903;URETRAL, EXUDADO (DIRECTO Y CULTIVO);10054;660903;NBU;BAJA;10000
660904;URICO, ACIDO - SERICO;1371;660904;NBU;BAJA;10000
660905;URICO, ACIDO - URINARIO;1371;660905;NBU;BAJA;10000
660907;UROCITOGRAMA;3656;660907;NBU;BAJA;10000
660911;UROCULTIVO (MODULO);18280;660911;NBU;BAJA;10000
660923;UROPROTEINOGRAMA;54840;660923;NBU;BAJA;10000
660931;VAGINAL, EXUDADO O FLUJO (DIRECTO Y CULTIVO);14624;660931;NBU;BAJA;10000
660932;VAINILLIN MANDELICO, ACIDO - URINARIO (AVM) (HPLC);13710;660932;NBU;BAJA;10000
660933;V D R L / USR;3656;660933;NBU;BAJA;10000
660935;VARIANTE BACTERIANA;0;660935;NBU;BAJA;10000
660936;VERONAL, PRUEBA DEL;0;660936;NBU;BAJA;10000
660937;VITAMINA A;33818;660937;NBU;BAJA;10000
660938;VITAMINA B12;13710;660938;NBU;BAJA;10000
660939;VITAMINA E;33818;660939;NBU;BAJA;10000
660940;VOLEMIA RADIOQUIMICO;0;660940;NBU;BAJA;10000
660953;WIDAL, REACCION DE;3656;660953;NBU;BAJA;10000
660981;ZINC ERITROCITARIO - PROTOPORFIRINA;18280;660981;NBU;BAJA;10000
660982;ZINC (ZN) - SERICO;13710;660982;NBU;BAJA;10000
661000;ANTIGENO PROSTATICO ESPECIFICO TOTAL - PSA-T;16452;661000;NBU;BAJA;10000
661001;ACTO BIOQUIMICO DE INTERNACION - (ABI);8226;661001;NBU;BAJA;10000
661011;"CD4 - SUB POBLACION LINFOCITARIA POR CITOM. DE
FLUJO";31990;661011;NBU;BAJA;10000
661015;"CD8 - SUB POBLACION LINFOCITARIA POR CITOM. DE
FLUJO";31990;661015;NBU;BAJA;10000
661020;CHLAMYDIAS PNEUMONIAE, AC. ANTI- IGG;16452;661020;NBU;BAJA;10000
661025;CITOMEGALOVIRUS, AC. IGG ANTI- (CMV-IGG);13710;661025;NBU;BAJA;10000
661030;CITOMEGALOVIRUS, AC. IGM ANTI- (CMV-IGM);18280;661030;NBU;BAJA;10000
661035;COLESTEROL HDL (HDL-C);2742;661035;NBU;BAJA;10000
661040;COLESTEROL LDL (LDL-C);4113;661040;NBU;BAJA;10000
661045;CREATINFOSFOQUINASA, ISOENZIMA MB (CKMB / CPKMB);9140;661045;NBU;BAJA;10000
661050;DROGAS DE ABUSO SCREENING (C/U);15995;661050;NBU;BAJA;10000
661055;EPSTEIN BARR, AC. IGG/TOTALES ANTI- (VEB / VCA IGG);13710;661055;NBU;BAJA;10000
661060;EPSTEIN BARR, AC. IGM ANTI- (VEB / VCA IGM);18280;661060;NBU;BAJA;10000
661065;FRUCTOSAMINA;13710;661065;NBU;BAJA;10000
661070;HEMOGLOBINA GLICOSILADA (HB A1C);13710;661070;NBU;BAJA;10000
661075;HEPATITIS A, AC. IGM ANTI- (HAV IGM);13710;661075;NBU;BAJA;10000
661080;SUPEROXIDO DISMUTASA ;13710;661080;NBU;BAJA;10000
661085;HEPATITIS B, ANTIGENO E (AG.HBE);13710;661085;NBU;BAJA;10000
661086;HEPATITIS B, ANTIGENO DE SUPERFICIE (AG.HBS );10968;661086;NBU;BAJA;10000
661090;HEPATITIS B, AC. DE SUPERFICIE ANTI- (HBSAC);18280;661090;NBU;BAJA;10000
661095;HEPATITIS C, AC. IGG ANTI- (HCV AC IGG);18280;661095;NBU;BAJA;10000
661100;HIDATIDOSIS, AC. IGG O TOTALES ANTI- (IFI);20108;661100;NBU;BAJA;10000
661105;HIV, CARGA VIRAL;146240;661105;NBU;BAJA;10000
661110;HIV, WESTERN- BLOT;91400;661110;NBU;BAJA;10000
661115;MARCADOR TUMORAL DE OVARIO (CA 125);18280;661115;NBU;BAJA;10000
661120;MARCADOR TUMORAL DE MAMA (CA 15. 3);18280;661120;NBU;BAJA;10000
661125;MARCADOR TUMORAL DE COLON (CA 19. 9);18280;661125;NBU;BAJA;10000
661130;MICROALBUMINURIA / ALBUMINA URINARIA;11425;661130;NBU;BAJA;10000
661135;"MONITOREO DE FARMACOS PARA ENF. CRONICAS I
(ANTICONVULSIVANTES I)";13710;661135;NBU;BAJA;10000
661136;"MONITOREO DE FARMACOS PARA ENF. CRONICAS II
(ANTICONVULSIVANTES II)";21936;661136;NBU;BAJA;10000
661137;"MONITOREO DE FARMACOS PARA ENF. CRONICAS III
(ANTICONVULSIVANTES III)";54840;661137;NBU;BAJA;10000
661140;MYCOPLASMA PNEUMONIAE AC ANTI-IGG;16452;661140;NBU;BAJA;10000
661142;PREPARACION DE SANGRE A TRANSFUNDIR (MODULO TRANSFUSIONAL);107852;661142;NBU;BAJA;10000
661145;RUBEOLA, AC. IGG ANTI-;13710;661145;NBU;BAJA;10000
661150;RUBEOLA, AC. IGM ANTI-;13710;661150;NBU;BAJA;10000
661160;TORCH (TOXOPLASMOSIS , RUBEOLA, CITOMEGALOVIRUS Y HERPES 1 Y 2 );45700;661160;NBU;BAJA;10000
661170;"SUBUNIDAD BETA DE GONADOTROFINA CORIONICA
(CUALITATIVA) - HCG O ?-HCG - SUB ?";7312;661170;NBU;BAJA;10000
661175;"SUBUNIDAD BETA DE GONADOTROFINA CORIONICA
(CUANTITATIVA) -  HCG O ?-HCG - SUB ?";12796;661175;NBU;BAJA;10000
661180;"TEST RAPIDO EN FAUCES PARA STREPTOCOCCUS ?- HEMOLITICO GRUPO ""A""";13710;661180;NBU;BAJA;10000
661185;TESTOSTERONA BIODISPONIBLE;22850;661185;NBU;BAJA;10000
661196;"SCREENING NEONATAL X 6 (TSH, FENIL ALANINA Y TIR - BIOTINIDASA, GALACTOSEMIA Y 17-HO-
PROGESTERONA - NEONATALES)";56668;661196;NBU;BAJA;10000
661200;URGENCIAS.-;2742;661200;NBU;BAJA;10000
661530;IGA CUANTITATIVA EN LCR (INMUNOTURBIDIMETRIA);27420;661530;NBU;BAJA;10000
662001;ABC - ACTO BIOQUIMICO COMPLEMENTARIO;5484;662001;NBU;BAJA;10000
662008;ACANTHAMOEBA SPP;13710;662008;NBU;BAJA;10000
662009;ACANTHAMOEBA - PCR;82260;662009;NBU;BAJA;10000
662011;ACAROS Y ARTROPODOS, INVESTIGACION DE VECTORES;9140;662011;NBU;BAJA;10000
662017;ACETILCOLINA;22850;662017;NBU;BAJA;10000
662025;ACETILCOLINA, AC. ANTI- RECEPTORES (ACRA);91400;662025;NBU;BAJA;10000
662034;ACETILCOLINESTERASA ERITROCITARIA (ACHE);10968;662034;NBU;BAJA;10000
662051;ACETONA CUANTITATIVA - SERICA;17366;662051;NBU;BAJA;10000
662059;ACETONA CUANTITATIVA - URINARIA;17366;662059;NBU;BAJA;10000
662068;ACIDO 3 METIL-INDOL;31990;662068;NBU;BAJA;10000
662085;ACIDO 5 HIDROX-INDOL ACETICO (HPLC);21022;662085;NBU;BAJA;10000
662093;ACIDO ACETOACETICO;15538;662093;NBU;BAJA;10000
662102;ACIDO ALFA CETONICO;10968;662102;NBU;BAJA;10000
662111;ACIDO BETA HIDROXIBUTIRICO;17366;662111;NBU;BAJA;10000
662119;ACIDO CITRICO - PLASMATICO;13710;662119;NBU;BAJA;10000
662120;ACIDO CITRICO - URINARIO;13710;662120;NBU;BAJA;10000
662128;ACIDO FENIL ACETICO (AFA);17366;662128;NBU;BAJA;10000
662136;ACIDO FENIL GLIOXILICO;14624;662136;NBU;BAJA;10000
662153;ACIDO FOLICO - INTRAERITROCITARIO;12796;662153;NBU;BAJA;10000
662162;ACIDO FORMICO;14624;662162;NBU;BAJA;10000
662170;ACIDO FOSFATIDICO, AC. IGG ANTI-;27420;662170;NBU;BAJA;10000
662179;ACIDO FOSFATIDICO, AC. IGM ANTI-;27420;662179;NBU;BAJA;10000
662181;ACIDO FUROICO;14624;662181;NBU;BAJA;10000
662182;ACIDO GAMMA-AMINOBUTIRICO (GABA);182800;662182;NBU;BAJA;10000
662183;ACIDO GLUTAMICO;27420;662183;NBU;BAJA;10000
662184;ACIDO GUANIDINACETICO;100540;662184;NBU;BAJA;10000
662187;ACIDO HIPURICO - URINARIO;13710;662187;NBU;BAJA;10000
662205;ACIDO HOMOVANILICO - HVA;18280;662205;NBU;BAJA;10000
662222;ACIDO INDOLACETICO, 5 HIDROXI -3-METIL;17366;662222;NBU;BAJA;10000
662236;ACIDO LACTICO - LCR;17366;662236;NBU;BAJA;10000
662239;ACIDO LACTICO - URINARIO;17366;662239;NBU;BAJA;10000
662247;ACIDO LISERGICO (LSD);17366;662247;NBU;BAJA;10000
662252;ACIDO MALICO;54840;662252;NBU;BAJA;10000
662256;ACIDO MANDELICO;17366;662256;NBU;BAJA;10000
662264;ACIDO METIL HIPURICO;17366;662264;NBU;BAJA;10000
662273;ACIDO METIL MALONICO;17366;662273;NBU;BAJA;10000
662277;ACIDO MUCONICO;17366;662277;NBU;BAJA;10000
662281;ACIDO OROTICO;95056;662281;NBU;BAJA;10000
662296;ACIDO OXALICO - SERICO;20108;662296;NBU;BAJA;10000
662299;ACIDO OXALICO - URINARIO (2/ 12 / 24 HS. - C/U);13710;662299;NBU;BAJA;10000
662307;ACIDO PERCLORICO;0;662307;NBU;BAJA;10000
662316;ACIDO PIRUVICO - SERICO;11882;662316;NBU;BAJA;10000
662328;ACIDO SALICILICO - SERICO;10968;662328;NBU;BAJA;10000
662330;ACIDO SALICILICO - URINARIO;10968;662330;NBU;BAJA;10000
662341;ACIDO SIALICO;17366;662341;NBU;BAJA;10000
662346;ACIDO SUCCINICO;54840;662346;NBU;BAJA;10000
662350;ACIDO TIOGLICOLICO;17366;662350;NBU;BAJA;10000
662358;ACIDO TRICLOROACETICO;16452;662358;NBU;BAJA;10000
662367;ACIDOS BILIARES - SERICOS;27420;662367;NBU;BAJA;10000
662375;ACIDOS GRASOS DE CADENA MUY LARGA;111508;662375;NBU;BAJA;10000
662379;ACIDOS GRASOS NO ESTERIFICADOS (NEFA);9140;662379;NBU;BAJA;10000
662393;ACIDOS ORGANICOS - URINARIOS;111508;662393;NBU;BAJA;10000
662401;ACIL CARNITINAS - PLASMATICOS;109680;662401;NBU;BAJA;10000
662405;ACTINA AC (AAC) - IFI;0;662405;NBU;BAJA;10000
662410;ACUAPORINA 4 - NEUROMIELITIS OPTICA–AC. IGG (NMO- AC. IGG);91400;662410;NBU;BAJA;10000
662417;ADENOSIN DEAMINASA - LCR;21936;662417;NBU;BAJA;10000
662418;ADENOSIN DEAMINASA - LIQUIDO PLEURAL;21936;662418;NBU;BAJA;10000
662427;ADENOVIRUS, AC. IGG O TOTALES, ANTI-;16452;662427;NBU;BAJA;10000
662435;ADENOVIRUS, AC. IGM, ANTI-;16452;662435;NBU;BAJA;10000
662444;ADENOVIRUS, AG;21936;662444;NBU;BAJA;10000
662446;ADENOVIRUS - PCR;82260;662446;NBU;BAJA;10000
662448;ADENOVIRUS - CARGA VIRAL;137100;662448;NBU;BAJA;10000
662452;ADRENAL, AC. TOTALES ANTI-;59410;662452;NBU;BAJA;10000
662461;ALDOSTERONA - URINARIA;13710;662461;NBU;BAJA;10000
662469;ALDRIN;54840;662469;NBU;BAJA;10000
662495;"ALFA 1 ANTITRIPSINA, CLEARENCE DE (?1 AT - CLEARENCE)
- M.F. / SERICA";18280;662495;NBU;BAJA;10000
662508;ALFA 1 GLUCOPROTEINA ACIDA (OROSOMUCOIDE);0;662508;NBU;BAJA;10000
662521;ALFA 2 ANTIPLASMINA;36560;662521;NBU;BAJA;10000
662538;ALFA-BHC (?-HCH) - ALFA-HEXACLORURO DE BENCENO - ALFA-HEXACLORAN - ALFA-LINDANO - ?-1,2,3,4,5,6- HEXACLOROCICLOHEXANO;54840;662538;NBU;BAJA;10000
662547;ALFA GALACTOSIDASA (FABRY);118820;662547;NBU;BAJA;10000
662555;ALFA GLUCOSIDASA NEUTRA - SEMEN;22850;662555;NBU;BAJA;10000
662559;ALFA L IDURONIDASA;100540;662559;NBU;BAJA;10000
662561;ALFA MANOSIDASA;0;662561;NBU;BAJA;10000
662563;ALFA NITROSO BETA NAFTOL, PRUEBA DE;8226;662563;NBU;BAJA;10000
662572;ALPRAZOLAM;22850;662572;NBU;BAJA;10000
662587;ALUMINIO - PELO;27420;662587;NBU;BAJA;10000
662589;ALUMINIO - SERICO;20108;662589;NBU;BAJA;10000
662591;ALUMINIO - URINARIO;20108;662591;NBU;BAJA;10000
662598;AMETRYN;54840;662598;NBU;BAJA;10000
662606;AMIKACINA;20108;662606;NBU;BAJA;10000
662620;AMINOACIDOS - LCR (CROMATOGRAFIA CUANTITATIVA);137100;662620;NBU;BAJA;10000
662623;AMINOACIDOS - SERICO (CROMATOGRAFIA CUANTITATIVA);137100;662623;NBU;BAJA;10000
662624;AMINOACIDOS - SANGRE SECA EN PAPEL DE FILTRO - SSPF (CUANTITATIVO);137100;662624;NBU;BAJA;10000
662627;AMINOACIDOS - URINARIOS (CROMATOGRAFIA CUANTITATIVA);137100;662627;NBU;BAJA;10000
662630;AMINOACIDOS - URINARIOS (CUALITATIVO);20108;662630;NBU;BAJA;10000
662649;AMONIO - URINARIO;18280;662649;NBU;BAJA;10000
662657;ANAEROBIOS (CULTIVO);27420;662657;NBU;BAJA;10000
662666;ANDROSTENEDIOL GLUCURONIDO (ALFA DIOL GLUCURONIDO);22850;662666;NBU;BAJA;10000
662675;ANDROSTENEDIONA, DELTA 4- (?4);10968;662675;NBU;BAJA;10000
662688;ANFETAMINAS / METANFETAMINAS, CONFIRMATORIO;109680;662688;NBU;BAJA;10000
662700;ANGELMAN, SINDROME DE;301620;662700;NBU;BAJA;10000
662704;ANION GAP;914;662704;NBU;BAJA;10000
662706;ANTIBIOGRAMA - AUTOMATIZADO;45700;662706;NBU;BAJA;10000
662709;ANTICOAGULANTE LUPICO;27420;662709;NBU;BAJA;10000
662712;ANTIDIURETICA, HORMONA (HAD) -VASOPRESINA;73120;662712;NBU;BAJA;10000
662713;"ANTIDIURETICA, HORMONA - URINARIA (HAD U) -
VASOPRESINA URINARIA";73120;662713;NBU;BAJA;10000
662717;ANTIGENOS BACTERIANOS, SCREENING (HAEMOF..INFL, NEIS. MENING., STREPT. PNEUM.);73120;662717;NBU;BAJA;10000
662730;ANTIGENO PROSTATICO ESPECIFICO, COMPLEJADO (PSA C);22850;662730;NBU;BAJA;10000
662734;ANTIGENO PROSTATICO ESPECIFICO, LIBRE+TOTAL (PSA- L+T);32904;662734;NBU;BAJA;10000
662739;"ANTIGENOS - PANEL GINECOLOGICO - PCR (CHAMYDIA
TRACHOMATIS / MYCOPLASMA  HOMINIS / MYCOPLASMA GENITALIUM / UREAPLASMA UREALYTICUM / NEISSERIA GONORRHOEAE)";137100;662739;NBU;BAJA;10000
662743;ANTIGENOS VIRALES - PANEL DE DIARREICOS - PCR;137100;662743;NBU;BAJA;10000
662745;ANTIGENOS VIRALES - PANEL DE RESPIRATORIOS - BASICO;82260;662745;NBU;BAJA;10000
662749;ANTIGENOS VIRALES - PANEL DE RESPIRATORIOS  - PCR BASICO;164520;662749;NBU;BAJA;10000
662751;ANTIGENOS VIRALES - PANEL DE RESPIRATORIOS  - PCR EXTENDIDO;210220;662751;NBU;BAJA;10000
662769;ANTIMICOGRAMA LEVADURAS, SCREENING;27420;662769;NBU;BAJA;10000
662780;ANTIMONIO - SERICO;16452;662780;NBU;BAJA;10000
662782;ANTIMONIO - URINARIO;16452;662782;NBU;BAJA;10000
662790;ANTIMULLERIANA, HORMONA (HAM);68550;662790;NBU;BAJA;10000
662803;ANTITROMBINA III FUNCIONAL;22850;662803;NBU;BAJA;10000
662810;APOLIPOPROTEINA A (APOA);10054;662810;NBU;BAJA;10000
662811;APOLIPOPROTEINA B (APOB);10054;662811;NBU;BAJA;10000
662815;APOLIPOPROTEINA E, GENOTIPO (APO E);160864;662815;NBU;BAJA;10000
662820;ARILSULTASA A - EN LEUCOCITOS;137100;662820;NBU;BAJA;10000
662822;ARILSULTASA A - SERICA;137100;662822;NBU;BAJA;10000
662834;ARSENICO - PELO;27420;662834;NBU;BAJA;10000
662837;ARSENICO - UÑA;27420;662837;NBU;BAJA;10000
662846;ASPERGILLIUS, AC. ANTI-;21936;662846;NBU;BAJA;10000
662850;ATRAZINA;54840;662850;NBU;BAJA;10000
662852;AUTOHEMOLISIS, PRUEBA DE;3656;662852;NBU;BAJA;10000
662854;BACILUS ANTHRACIS, CULTIVO Y TIPIFICACION;18280;662854;NBU;BAJA;10000
662858;"BACTERIAS RESISTENTES A CARBAPENEMES - PCR O
SIMILAR";86830;662858;NBU;BAJA;10000
662863;BANDAS OLIGOCLONALES, EN L.C.R. / SUERO;388450;662863;NBU;BAJA;10000
662888;BARBITURATOS, CONFIRMATORIO;109680;662888;NBU;BAJA;10000
662896;BARIO - SERICO;20108;662896;NBU;BAJA;10000
662897;BARIO - URINARIO;20108;662897;NBU;BAJA;10000
662912;BARTONELLA HENSELAE, AC. IGG ANTI-;45700;662912;NBU;BAJA;10000
662914;BARTONELLA HENSELAE, AC. IGM ANTI-;45700;662914;NBU;BAJA;10000
662931;BENCENO-ETILBENCENO-TOLUENO-XILENO (BETX);54840;662931;NBU;BAJA;10000
662945;BENZODIAZEPINAS, CONFIRMATORIO;109680;662945;NBU;BAJA;10000
662963;BERILIO - SERICO;20108;662963;NBU;BAJA;10000
662965;BERILIO - URINARIO;20108;662965;NBU;BAJA;10000
662980;BETA 2 GLICOPROTEINA, AC. IGA ANTI-;27420;662980;NBU;BAJA;10000
662982;BETA 2 GLICOPROTEINA, AC. IGG ANTI-;27420;662982;NBU;BAJA;10000
662984;BETA 2 GLICOPROTEINA, AC. IGM ANTI-;27420;662984;NBU;BAJA;10000
663016;BETA-BHC (?-HCH) - BETA-HEXACLORURO DE BENCENO - BETA-HEXACLORAN - BETA-LINDANO - BETA-1,2,3,4,5,6- HEXACLOROCICLOHEXANO;54840;663016;NBU;BAJA;10000
663025;BETA CROSS LAPS - CTX-C - TELOPEPTIDO DE COLAGENO TIPO I;29248;663025;NBU;BAJA;10000
663034;BETA GALACTOSIDASA;118820;663034;NBU;BAJA;10000
663042;BETA GLUCOCEREBROSIDASA;118820;663042;NBU;BAJA;10000
663051;BETA LACTAMASA;9140;663051;NBU;BAJA;10000
663056;BETA LIBRE HCG;34732;663056;NBU;BAJA;10000
663062;BETA MANOSIDASA;0;663062;NBU;BAJA;10000
663065;BICARBONATO, EN ORINA;9140;663065;NBU;BAJA;10000
663067;BIOTINA;274200;663067;NBU;BAJA;10000
663068;BIOTINIDAZA, CONFIRMATORIO;109680;663068;NBU;BAJA;10000
663076;BLADER TEST ANTIGENO - NMP22 (B.T.A.);0;663076;NBU;BAJA;10000
663085;BLASTOMYCES DERMATITIDIS, AC (FASE LEV);31990;663085;NBU;BAJA;10000
663093;BNP (FACTOR NATRIURETICO);86830;663093;NBU;BAJA;10000
663102;BORDETELLA PERTUSIS, AC. IGG ANTI-;31990;663102;NBU;BAJA;10000
663110;BORDETELLA PERTUSIS, AC. IGM ANTI-;33818;663110;NBU;BAJA;10000
663119;BORDETELLA PERTUSIS, AG;36560;663119;NBU;BAJA;10000
663120;BORDETELLA PERTUSIS -  PCR;82260;663120;NBU;BAJA;10000
663128;BORRELLIA BUGDORFERI, AC. IGG ANTI-;31990;663128;NBU;BAJA;10000
663136;BORRELLIA BUGDORFERI, AC. IGM ANTI-;33818;663136;NBU;BAJA;10000
663141;BRCA 1 BRCA 2, GRANDES DELECCIONES Y DUPLICACIONES (MLPA);914000;663141;NBU;BAJA;10000
663143;BRCA 1 BRCA 2, SECUENCIACION COMPLETA;1828000;663143;NBU;BAJA;10000
663145;BRCA 1-2, PANEL ASHKENAZI;342750;663145;NBU;BAJA;10000
663147;BRCA 1-2, PANEL ASHKENAZI - SEFARADI;411300;663147;NBU;BAJA;10000
663153;BROMURO - SERICO;18280;663153;NBU;BAJA;10000
663158;BRUCELLAS, TEST DE WRIGHT;9140;663158;NBU;BAJA;10000
663159;BRUCELLAS, TEST DE WRIGHT, CON 2-MERCAPTOETANOL (W-2ME);10968;663159;NBU;BAJA;10000
663162;BRUCELOSIS (IFI);10968;663162;NBU;BAJA;10000
663170;BRUCELOSIS (FIJACION DE COMPLEMENTO);4570;663170;NBU;BAJA;10000
663179;BRUCELOSIS, AC. IGG O TOTALES ANTI-;10968;663179;NBU;BAJA;10000
663187;BRUCELOSIS, AC. IGM ANTI-;10968;663187;NBU;BAJA;10000
663190;BRUCELOSIS, AC. INCOMPLETOS ANTI-;13710;663190;NBU;BAJA;10000
663230;ACTIVIDAD ANTI-XA DEL RIVAROXABAN;164520;663230;NBU;BAJA;10000
663239;CA 21-1 (MARCADOR TUMORAL DE PULMON) - CYFRA 21-1;54840;663239;NBU;BAJA;10000
663247;CA 72-4 (MARCADOR TUMORAL GASTRICO);45700;663247;NBU;BAJA;10000
663254;CADENA LIVIANA KAPPA, LIBRE (NEFELOMETRIA);118820;663254;NBU;BAJA;10000
663257;CADENA LIVIANA LAMBDA, LIBRE (NEFELOMETRIA);118820;663257;NBU;BAJA;10000
663259;CADENAS PESADAS EN SANGRE Y ORINA C/U;36560;663259;NBU;BAJA;10000
663262;CADMIO (CD) - PELO;22850;663262;NBU;BAJA;10000
663264;CADMIO (CD) - SANGUINEO;20108;663264;NBU;BAJA;10000
663273;CALCIDIOIDEMICOSIS - INMUNODIF;0;663273;NBU;BAJA;10000
663290;CALCIO (CA) - PELO;22850;663290;NBU;BAJA;10000
663292;CALCIO (CA) - SALIVA;22850;663292;NBU;BAJA;10000
663307;CALCULO - BILIAR, SALIVAL, URINARIO - ESTUDIO CRISTALOGRAFICO (C/U);18280;663307;NBU;BAJA;10000
663310;CALPROTECTINA (CPMF);91400;663310;NBU;BAJA;10000
663316;CAMPYLOBACTER SPP, CULTIVO;0;663316;NBU;BAJA;10000
663318;CAMPYLOBACTER SPP, DIRECTO (ELISA);18280;663318;NBU;BAJA;10000
663320;CAMPYLOBACTER SPP, DIRECTO (MICROSCOPIA);10968;663320;NBU;BAJA;10000
663324;CANDIDA ALBICANS, AC. TOTALES;13710;663324;NBU;BAJA;10000
663333;CANDIDA, ELECTROFORESIS DE CAMP;0;663333;NBU;BAJA;10000
663350;CANNABINOIDES, CONFIRMATORIO (MARIHUANA - CONFIRMATORIO - GC-MS);109680;663350;NBU;BAJA;10000
663375;CARBOXIHEMOGLOBINA;13710;663375;NBU;BAJA;10000
663384;CARDIOLIPINAS, AC. IGA ANTI-;18280;663384;NBU;BAJA;10000
663392;CARDIOLIPINAS, AC. IGG ANTI-;16452;663392;NBU;BAJA;10000
663401;CARDIOLIPINAS, AC. IGM ANTI-;16452;663401;NBU;BAJA;10000
663427;CARIOTIPO CON BANDEO - ALTA RESOLUCION (ALTA SENSIBILIDAD);210220;663427;NBU;BAJA;10000
663430;CARIOTIPO, CON BANDEO;127960;663430;NBU;BAJA;10000
663435;CARIOTIPO - LIQUIDO ANMIOTICO;319900;663435;NBU;BAJA;10000
663440;CARIOTIPO - MATERIAL DE ABORTO;182800;663440;NBU;BAJA;10000
663443;CARIOTIPO - MEDULA OSEA (CITOGENETICO DE MO);127960;663443;NBU;BAJA;10000
663446;CARIOTIPO - VELLOSIDADES CORIONICAS;319900;663446;NBU;BAJA;10000
663461;CARNITINA, LIBRE Y TOTAL - SUERO;146240;663461;NBU;BAJA;10000
663463;CARNITINA, LIBRE Y TOTAL - URINARIO;146240;663463;NBU;BAJA;10000
663478;CATECOLAMINAS - LCR;22850;663478;NBU;BAJA;10000
663495;CD34 POSITIVAS - CITOMETRIA DE FLUJO;31990;663495;NBU;BAJA;10000
663504;CD10/CD19 - CITOM. DE FLUJO;31990;663504;NBU;BAJA;10000
663512;"CD3/CD16+56, CELULAS NATURAL KILLER (NK) - CITOM.
DE FLUJO";31990;663512;NBU;BAJA;10000
663521;"CD25 RECEPTOR SOLUBLE DE INTERLUKINA 2 - CITOM.
DE FLUJO";31990;663521;NBU;BAJA;10000
663529;CD69/CD56;31990;663529;NBU;BAJA;10000
663538;"CD, SUBPOBLACION LINFOCITARIA - CITOMETRIA DE
FLUJO (C/U)";31990;663538;NBU;BAJA;10000
663543;CELULARIDAD EN LAGRIMAS;9140;663543;NBU;BAJA;10000
663546;CELULAS LE;6398;663546;NBU;BAJA;10000
663563;CENTROMERO, AC. ANTI-;20108;663563;NBU;BAJA;10000
663571;CHAGAS, AC. IGM ANTI- (ELISA);12796;663571;NBU;BAJA;10000
663572;CHAGAS, AC. IGM ANTI- (IFI);12796;663572;NBU;BAJA;10000
663576;CHAGAS, (PCR);82260;663576;NBU;BAJA;10000
663582;CHIKUNGUNYA , VIRUS (PCR);82260;663582;NBU;BAJA;10000
663585;CHITOTRIOSIDASA - SANGUINEA;100540;663585;NBU;BAJA;10000
663586;CHITOTRIOSIDASA - SANGUINEA/SOPORTE-PAPEL (FLUOROMETRICO);100540;663586;NBU;BAJA;10000
663589;CHLAMYDIA PNEUMONIAE, AC. IGM ANTI-;18280;663589;NBU;BAJA;10000
663591;CHLAMYDIA PNEUMONIAE - PCR;82260;663591;NBU;BAJA;10000
663598;CHLAMYDIA PSITACCI, AC. IGG ANTI-;16452;663598;NBU;BAJA;10000
663606;CHLAMYDIA PSITACCI, AC. IGM ANTI-;18280;663606;NBU;BAJA;10000
663609;CHLAMYDIA PSITACCI - PCR;82260;663609;NBU;BAJA;10000
663623;CHLAMYDIA TRACHOMATIS, AC. IGG ANTI-;16452;663623;NBU;BAJA;10000
663632;CHLAMYDIA TRACHOMATIS, AC. IGM ANTI-;18280;663632;NBU;BAJA;10000
663640;CHLAMYDIA TRACHOMATIS, AG;18280;663640;NBU;BAJA;10000
663649;CHLAMYDIA TRACHOMATIS, AG. PCR;82260;663649;NBU;BAJA;10000
663650;CHLAMYDIA TRACHOMATIS, CULTIVO CELULAR;86830;663650;NBU;BAJA;10000
663651;CHLAMYDIA TRACHOMATIS - LCR;0;663651;NBU;BAJA;10000
663657;CHOLERAE VIBRIO, CULTIVO;0;663657;NBU;BAJA;10000
663666;CIANUROS;20108;663666;NBU;BAJA;10000
663674;CICLOSPORINA A - SERICA;27420;663674;NBU;BAJA;10000
663683;CISTINA;13710;663683;NBU;BAJA;10000
663717;WHIPPLE, ENFERMEDAD DE (PCR PARA TROPHERYMA WHIPPELII);41130;663717;NBU;BAJA;10000
663720;CITOMEGALOVIRUS, DETECCION CUANTITATIVA - PCR;137100;663720;NBU;BAJA;10000
663722;CITOMEGALOVIRUS, DETECCION CUALITATIVA - PCR;63980;663722;NBU;BAJA;10000
663734;"CITOPLASMA DE NEUTROFILO, AC. ANTI- C/U (ANCA C, P
- C/U)";42958;663734;NBU;BAJA;10000
663751;CLEMENTS, PRUEBA DE;10968;663751;NBU;BAJA;10000
663756;TOXOPLASMA GONDII - PCR EN LCR;54840;663756;NBU;BAJA;10000
663760;CLOSTRIDIUM DIFFICILE, TOXINA A - MATERIA FECAL;73120;663760;NBU;BAJA;10000
663762;CLOSTRIDIUM DIFFICILE, TOXINAS (A + B) - MATERIA FECAL (INMUNOCROMATOGRAFIA);91400;663762;NBU;BAJA;10000
663786;COBALTO - PLASMATICO;18280;663786;NBU;BAJA;10000
663788;COBALTO - URINARIO;18280;663788;NBU;BAJA;10000
663814;COBRE - ERITROCITARIO;18280;663814;NBU;BAJA;10000
663820;COBRE - URINARIO;18280;663820;NBU;BAJA;10000
663828;COCAINA, GC-MS - CONFIRMATORIO;109680;663828;NBU;BAJA;10000
663837;COCCIDIOIDES INMITIS, AC. ANTI- BANDA F;0;663837;NBU;BAJA;10000
663845;COCCIDIOIDES INMITIS, AC. ANTI- BANDA TP;0;663845;NBU;BAJA;10000
663854;COCCIDIOIDES INMITIS, AC. ANTI- CIE;0;663854;NBU;BAJA;10000
663860;COCCIDIOIDES INMITIS, AC. IG TOTALES ANTI-;36560;663860;NBU;BAJA;10000
663862;COCCIDIOIDES INMITIS, AC. IGG ANTI-;25592;663862;NBU;BAJA;10000
663871;COCCIDIOIDES INMITIS, AC. IGM ANTI-;25592;663871;NBU;BAJA;10000
663880;COCLEARES, AC. ANTI- (ANTI- P68 KDA) (WESTERN BLOT);137100;663880;NBU;BAJA;10000
663888;CODEINA - SERICA;45700;663888;NBU;BAJA;10000
663890;CODEINA - URINARIA;45700;663890;NBU;BAJA;10000
663905;COFACTOR DE RISTOCETINA;54840;663905;NBU;BAJA;10000
663910;COLESTEROL NO HDL;5027;663910;NBU;BAJA;10000
663922;COMPLEMENTO C1Q (PROTEINA 11S);25592;663922;NBU;BAJA;10000
663926;COMPLEMENTO C2;0;663926;NBU;BAJA;10000
663939;CONCENTRACION BACTERICIDA MINIMA (CBM);25592;663939;NBU;BAJA;10000
663948;CONCENTRACION INHIBITORIA MINIMA (CIM);25592;663948;NBU;BAJA;10000
663953;"CONEXINA 26 -  MUTACIONES 35DELG (GJB2) O CX26 -
PCR PARA SORDERA HEREDITARIA NO SINDROMICA";70378;663953;NBU;BAJA;10000
663955;CONEXINA 26 - SECUENCIACION - PCR;105110;663955;NBU;BAJA;10000
663960;COPROPORFIRINAS - ERITROCITARIAS;13710;663960;NBU;BAJA;10000
663964;COREA DE HUNTINGTON - PCR;457000;663964;NBU;BAJA;10000
663969;CORONAVIRUS (COVID-19) - SARS-COV-2 - AC. ANTI- IGA;36560;663969;NBU;BAJA;10000
663970;CORONAVIRUS (COVID-19) - SARS-COV-2 - AC. ANTI- IGG;36560;663970;NBU;BAJA;10000
663971;CORONAVIRUS (COVID-19) - SARS-COV-2 - AC. ANTI- IGM;36560;663971;NBU;BAJA;10000
663972;CORONAVIRUS (COVID-19) - SARS-COV-2 - AC. TOTALES;36560;663972;NBU;BAJA;10000
663978;CORONAVIRUS (COVID-19) - SARS-COV-2 – RT-PCR;137100;663978;NBU;BAJA;10000
663982;CORPUSCULOS METACROMATICOS - URINARIO;9140;663982;NBU;BAJA;10000
663994;CORRECCION C/PLASMA NORMAL - APTT;22850;663994;NBU;BAJA;10000
663996;CORRECCION C/PLASMA NORMAL - TP;22850;663996;NBU;BAJA;10000
664002;CORTEX ADRENAL, AC. ANTI- (A.A.C.A);0;664002;NBU;BAJA;10000
664008;CORTISOL LIBRE - URINARIO (CLU);10968;664008;NBU;BAJA;10000
664012;CORTISOL - SALIVAL;10968;664012;NBU;BAJA;10000
664033;COTININA - SERICA;22850;664033;NBU;BAJA;10000
664035;COTININA - URINARIA;22850;664035;NBU;BAJA;10000
664050;ACIDO AMINOLEVULINICO-DH  (ALADH);27420;664050;NBU;BAJA;10000
664059;COXIELLA BURNETTI, AC. IGM ANTI-;27420;664059;NBU;BAJA;10000
664068;COXSACKIE VIRUS A, 2-7-9, AC. ANTI- (C/U);17366;664068;NBU;BAJA;10000
664076;COXSACKIE VIRUS B, 1-2-3-4-5-6, AG. (C/U);17366;664076;NBU;BAJA;10000
664085;COXSACKIE VIRUS B, 1-2-3-4-5-6, AC. ANTI- (POOL);17366;664085;NBU;BAJA;10000
664093;COXSACKIE VIRUS B, 1-2-3-4-5-6, AC. ANTI- (C/U);17366;664093;NBU;BAJA;10000
664102;COXSACKIE VIRUS B, 1-2-3-4-5-6, AC. IGM ANTI- (C/U);21022;664102;NBU;BAJA;10000
664105;CREATINA - SERICA;9140;664105;NBU;BAJA;10000
664106;CREATINA - URINARIA;9140;664106;NBU;BAJA;10000
664110;CRIOCRITO;9140;664110;NBU;BAJA;10000
664119;CRIOFIBRINOGENO;9140;664119;NBU;BAJA;10000
664125;CRISTALIZACION EN LAGRIMAS;6398;664125;NBU;BAJA;10000
664132;CROMO (CR)- PELO;20108;664132;NBU;BAJA;10000
664134;CROMO (CR) - SERICO;18280;664134;NBU;BAJA;10000
664136;CROMO (CR) - URINARIO;18280;664136;NBU;BAJA;10000
664141;CROMOGRANINA A;137100;664141;NBU;BAJA;10000
664143;CROMOSOMA, ALTERACIONES DEL (C/U) DELECCION CROMOSOMA 13 (FISH);374740;664143;NBU;BAJA;10000
664144;CROMOSOMA, ALTERACIONES DEL (C/U) - DELECCION 17 P53 - (FISH);374740;664144;NBU;BAJA;10000
664145;CROMOSOMA, ALTERACIONES DEL (C/U) DELECCION CROMOSOMA 6 MYB (FISH);374740;664145;NBU;BAJA;10000
664146;CROMOSOMA, ALTERACIONES DEL (C/U) DELECCION C11 ATM-5Q-7Q - GEN ATM (FISH);374740;664146;NBU;BAJA;10000
664147;CROMOSOMA, ALTERACIONES DEL (C/U) TRISOMIA 12 - CENTROMERO 12 (FISH);374740;664147;NBU;BAJA;10000
664150;CROMOSOMA FILADELFIA - PCR - LMC -;201080;664150;NBU;BAJA;10000
664155;CROMOSOMA X, FRAGILIDAD - PCR;228500;664155;NBU;BAJA;10000
664160;CROMOSOMA X, FISH;228500;664160;NBU;BAJA;10000
664165;CROMOSOMA Y, DELECCIONES DEL;251350;664165;NBU;BAJA;10000
664187;CROSS MATCH, AUTOLOGO - CITOM. DE FLUJO;191940;664187;NBU;BAJA;10000
664190;CROSS MATCH, AUTOLOGO - LINFOTOXICIDAD;50270;664190;NBU;BAJA;10000
664196;CROSS MATCH, CONTRA PANEL;376568;664196;NBU;BAJA;10000
664204;CROSS MATCH, DONANTE - CITOM. DE FLUJO;210220;664204;NBU;BAJA;10000
664213;CROSS MATCH, DONANTE - LINFOTOXICIDAD;59410;664213;NBU;BAJA;10000
664221;CROSS MATCH, DTT;59410;664221;NBU;BAJA;10000
664230;CROSS MATCH, MATRIMONIAL - CITOMETRIA DE FLUJO;274200;664230;NBU;BAJA;10000
664240;CROSS MATCH, PACIENTE HIPERSENSIBILIZADO;100540;664240;NBU;BAJA;10000
664256;CRYPTOSPORIDIUM SP,;13710;664256;NBU;BAJA;10000
664264;FOSFOLIPIDICOS, AC IGM;36560;664264;NBU;BAJA;10000
664266;"CRYPTOCOCCUS NEOFORMANS, AG. (MICROSCOPIA -
TINTA CHINA)";7312;664266;NBU;BAJA;10000
664290;CUERPOS REDUCTORES;6398;664290;NBU;BAJA;10000
664307;4,4' -DDD (P,P' -DDD) - 4,4'- DICLORODIFENILDICLOROETANO;54840;664307;NBU;BAJA;10000
664315;4,4' -DDE (P,P' - DDE) - 4,4'- DICLORODIFENILDICLOROETILENO;54840;664315;NBU;BAJA;10000
664324;4,4' -DDT (P,P' -DDT) - 4,4'- DICLORODIFENILTRICLOROETANO;54840;664324;NBU;BAJA;10000
664333;DEGRANULACION DE BASOFILOS - TEST DE ACTIVACION DE BASOFILOS;438720;664333;NBU;BAJA;10000
664340;DEHIDROEPIANDROSTERONA;18280;664340;NBU;BAJA;10000
664350;"DELTA-BHC (?-HCH) - DELTA-HEXACLORURO DE BENCENO
- DELTA-HEXACLORAN - DELTA-LINDANO - DELTA- 1,2,3,4,5,6-HEXACLOROCICLOHEXANO";54840;664350;NBU;BAJA;10000
664361;DENGUE, AC. ANTI- IGG;31990;664361;NBU;BAJA;10000
664363;DENGUE, AC. ANTI- IGM;31990;664363;NBU;BAJA;10000
664365;DENGUE, ACS. ANTI- IGG E IGM (CUALITATIVO);31990;664365;NBU;BAJA;10000
664367;DENGUE, AG. - ELISA;31990;664367;NBU;BAJA;10000
664369;DENGUE - PCR;100540;664369;NBU;BAJA;10000
664370;DENGUE - SEROTIPIFICACION;118820;664370;NBU;BAJA;10000
664375;DEOXIPIRIDINOLINAS (DPD);25592;664375;NBU;BAJA;10000
664384;DESIPRAMINA;21936;664384;NBU;BAJA;10000
664387;DESMOGLEINA, AC. ANTI- AG. 1 Y 3 IGG;100540;664387;NBU;BAJA;10000
664388;DIAZINON;54840;664388;NBU;BAJA;10000
664392;DIELDRIN;54840;664392;NBU;BAJA;10000
664418;DIMERO-D;31990;664418;NBU;BAJA;10000
664435;DIMETOATO;54840;664435;NBU;BAJA;10000
664444;DIMETOXIFENILETILAMINA, 3,4- (DMFA);17366;664444;NBU;BAJA;10000
664452;DISULFOTON;54840;664452;NBU;BAJA;10000
664461;DNA, SS - CADENA SIMPLE (DNASS);31990;664461;NBU;BAJA;10000
664469;DNA, DESNATURALIZADO, AC. ANTI -;36560;664469;NBU;BAJA;10000
664478;DNA, MUESTRA FORENSE;1279600;664478;NBU;BAJA;10000
664503;DOPAMINA, TOTAL - SERICA;18280;664503;NBU;BAJA;10000
664512;DOPAMINA LIBRE - URINARIA;18280;664512;NBU;BAJA;10000
664521;DOXEPINA;22850;664521;NBU;BAJA;10000
664546;ECHINOCOCCUS GRANULOSOS, AC. IGG ANTI-;21022;664546;NBU;BAJA;10000
664549;ECHINOCOCCUS GRANULOSOS, AC. IGM ANTI-;22850;664549;NBU;BAJA;10000
664563;ECHO COXSACKIE, 1-6 AC. IGG ANTI-;21936;664563;NBU;BAJA;10000
664566;ECHO COXSACKIE, 1-6 IGM;25592;664566;NBU;BAJA;10000
664580;ECHOVIRUS, AC. IGG ANTI-;27420;664580;NBU;BAJA;10000
664583;ECHOVIRUS, AC. IGM ANTI-;27420;664583;NBU;BAJA;10000
664590;ECTOPARASITOS, BUSQUEDA E IDENTIFICACION;22850;664590;NBU;BAJA;10000
664600;ELASTASA PANCREATICA;109680;664600;NBU;BAJA;10000
664615;EMBRIOTOXICIDAD, BIOENSAYO;0;664615;NBU;BAJA;10000
664623;ENA, AC. ANTI- (ANTIGENOS NUCLEARES EXTRAIDOS, AC. ANTI- ) - (SSA, SSB, SM, RNP O U1RNP);45700;664623;NBU;BAJA;10000
664632;ENDOMISIO, AC. IGA ANTI- (EMA IGA);22850;664632;NBU;BAJA;10000
664640;ENDOMISIO, AC. IGG ANTI- (EMA IGG);22850;664640;NBU;BAJA;10000
664648;ENDOSULFAN I;54840;664648;NBU;BAJA;10000
664649;ENDOSULFAN II;54840;664649;NBU;BAJA;10000
664652;ENDOSULFAN SULFATO;54840;664652;NBU;BAJA;10000
664666;ENDRIN;54840;664666;NBU;BAJA;10000
664668;ENDRIN ALDEHIDO;0;664668;NBU;BAJA;10000
664674;ENTAMOEBA HISTOLYTICA, AC. IGG ANTI-;36560;664674;NBU;BAJA;10000
664677;ENTAMOEBA HISTOLYTICA, AC. IGM ANTI-;36560;664677;NBU;BAJA;10000
664682;ENTEROCOCOS VANCOMICINA RESISTENTE - PCR;86830;664682;NBU;BAJA;10000
664691;ENTEROVIRUS - PCR;82260;664691;NBU;BAJA;10000
664700;ENZIMA CONVERTIDORA DE ANGIOTENSINA (ECA);36560;664700;NBU;BAJA;10000
664709;EPSTEIN BARR, ANTI- EBNA (EPSTEIN BARR NUCLEAR ASSOCIATED ANTIGEN);36560;664709;NBU;BAJA;10000
664717;EPSTEIN BARR, DETECCION CUANTITATIVA - PCR;137100;664717;NBU;BAJA;10000
664726;EPSTEIN BARR, EARLY ANTIG. AC;27420;664726;NBU;BAJA;10000
664728;EPSTEIN BARR, DETECCION CUALITATIVA - PCR;82260;664728;NBU;BAJA;10000
664734;ERITROPOYETINA (EPO);41130;664734;NBU;BAJA;10000
664738;ESCHERICHIA COLI - ENTEROPATOGENA - PCR;86830;664738;NBU;BAJA;10000
664749;ESPERMA, AC. ANTI- ESPERMATOZOIDES (DIRECTO);13710;664749;NBU;BAJA;10000
664755;ESPERMA, AC. ANTI- ESPERMATOZOIDES (INDIRECTO);13710;664755;NBU;BAJA;10000
664775;ESPERMA, CELULAS REDONDAS CON DIFERENCIACION DE PEROXIDASAS;9140;664775;NBU;BAJA;10000
664778;ESPERMA, CELULAS REDONDAS TOTALES EN SEMEN;4570;664778;NBU;BAJA;10000
664793;"ESPERMA, CONDENSACION NUCLEAR DE LA
CROMATINA (AZUL ANILINA, TINCION)";22850;664793;NBU;BAJA;10000
664811;ESPERMA, DIGESTION EN GELATINA ACROSOMICA;18280;664811;NBU;BAJA;10000
664823;ESPERMA, ESPERMATOZOIDES EN ORINA, ESTUDIO DE RETROEYACULACION;9140;664823;NBU;BAJA;10000
664825;ESPERMA, ESPERMATOZOIDES DE ORINA, RECUPERACION PARA SELECCION  DIAGNOSTICA;54840;664825;NBU;BAJA;10000
664827;ESPERMA, ESPERMATOZOIDES DE ORINA, RECUPERACION PARA SELECCION  EN INSEMINACION;109680;664827;NBU;BAJA;10000
664838;ESPERMA, HETEROGENEIDAD CROMATINICA (NARANJA DE ACRIDINA);18280;664838;NBU;BAJA;10000
664846;ESPERMA, INDICE DE TERATOZOOSPERMIA;18280;664846;NBU;BAJA;10000
664858;ESPERMA - MODULO I (ESPERMOGRAMA COMPLETO);44786;664858;NBU;BAJA;10000
664860;ESPERMA - MODULO II;97798;664860;NBU;BAJA;10000
664868;ESPERMA, MORFOLOGIA CRITERIO ESTRICTO (OMS 2010 - MORFOLOGIA KRUGER);9140;664868;NBU;BAJA;10000
664878;ESPERMA, PRUEBA DE SOBREVIDA ESPERMATICA;9140;664878;NBU;BAJA;10000
664889;ESPERMA, RECUENTO DE ESPERMATOZOIDES;5484;664889;NBU;BAJA;10000
664923;ESPERMA, SELECCION DE GRADIENTES (DIAGNOSTICO);54840;664923;NBU;BAJA;10000
664930;ESPERMA, SELECCION DE GRADIENTES (INSEMINACION);91400;664930;NBU;BAJA;10000
664941;ESPERMA, SWIM UP (DIAGNOSTICO);54840;664941;NBU;BAJA;10000
664949;ESPERMA, SWIM UP (INSEMINACION);91400;664949;NBU;BAJA;10000
664964;ESPERMA, TEST DE FRAGMENTACION DE ADN ESPERMATICO;100540;664964;NBU;BAJA;10000
664971;ESPERMA, TEST DE HIPERACTIVACION;20108;664971;NBU;BAJA;10000
664978;ESPERMA, TEST DE MOST;68550;664978;NBU;BAJA;10000
664985;ESPERMA, TEST HIPOSMOTICO;7312;664985;NBU;BAJA;10000
664999;ESTEATOCRITO (GRASAS - MATERIA FECAL);8226;664999;NBU;BAJA;10000
665008;ESTIRENO;14624;665008;NBU;BAJA;10000
665016;ESTRADIOL BIODISPONIBLE (E2 BIODISPONIBLE);22850;665016;NBU;BAJA;10000
665033;ESTRIOL LIBRE - SERICO;31990;665033;NBU;BAJA;10000
665043;ETION;54840;665043;NBU;BAJA;10000
665050;EUGLOBULINAS, LISIS DE (PRE Y POST-ISQUEMIA);13710;665050;NBU;BAJA;10000
665053;EVEROLIMUS;82260;665053;NBU;BAJA;10000
665055;EXTASIS - MDMA (INMUNOENSAYO);41130;665055;NBU;BAJA;10000
665059;FACTOR DE COAGULACION II;31990;665059;NBU;BAJA;10000
665067;FACTOR DE COAGULACION XI;31990;665067;NBU;BAJA;10000
665076;FACTOR DE COAGULACION XII;31990;665076;NBU;BAJA;10000
665077;FACTOR DE COAGULACION XIII;31990;665077;NBU;BAJA;10000
665085;FACTOR INTRINSECO, AC. ANTI-;50270;665085;NBU;BAJA;10000
665093;FACTOR REUMATOIDEO (NEFELOMETRIA);14624;665093;NBU;BAJA;10000
665102;FACTOR V LEIDEN - PCR;86830;665102;NBU;BAJA;10000
665116;FACTOR VON WILLEBRAND, FUNCIONAL;63980;665116;NBU;BAJA;10000
665119;FACTOR VON WILLEBRAND (INMUNOLOGICO);54840;665119;NBU;BAJA;10000
665127;FAMPHUR (FAMFUR);54840;665127;NBU;BAJA;10000
665132;FELBAMATO;0;665132;NBU;BAJA;10000
665136;FENCICLIDINA - FENILCICLOHEXILPIPERIDINA -PCP (IFP);18280;665136;NBU;BAJA;10000
665144;FENETILAMINA - F.E.A;22850;665144;NBU;BAJA;10000
665204;FENITOTRION;54840;665204;NBU;BAJA;10000
665213;FENOLES - URINARIOS;17366;665213;NBU;BAJA;10000
665222;FENTANILO - URINARIO;45700;665222;NBU;BAJA;10000
665230;FERRITINA;13710;665230;NBU;BAJA;10000
665238;"FIBRINOGENO, PRODUCTOS DE DEGRADACION
(P.D.F.) - URINARIO";27420;665238;NBU;BAJA;10000
665247;FIBROSIS QUISTICA, 19 MUTACIONES - PCR;283340;665247;NBU;BAJA;10000
665255;FIBROSIS QUISTICA, 29 MUTACIONES - PCR;411300;665255;NBU;BAJA;10000
665258;FIBROSIS QUISTICA, 32 MUTACIONES - PCR;425010;665258;NBU;BAJA;10000
665265;FIBROSIS QUISTICA, DF508;91400;665265;NBU;BAJA;10000
665273;"FILIACION ESTUDIO DNA EXTRA (POR CADA UNO
AGREGADO)";251350;665273;NBU;BAJA;10000
665281;FILIACION ESTUDIO DNA HASTA 3;731200;665281;NBU;BAJA;10000
665290;FISH WILLIAMS;374740;665290;NBU;BAJA;10000
665298;FK - 506 - TACROLIMUS;54840;665298;NBU;BAJA;10000
665300;FLAVIVIRUS;82260;665300;NBU;BAJA;10000
665307;FORATO;54840;665307;NBU;BAJA;10000
665319;FOSFATASA ACIDA LEUCOCITARIA;13710;665319;NBU;BAJA;10000
665324;FOSFATASA ACIDA PROSTATICA (RIA);17366;665324;NBU;BAJA;10000
665332;FOSFATASA ACIDA TARTRATO RESISTENTE;7312;665332;NBU;BAJA;10000
665335;FOSFATASA ACIDA TARTRATO RESISTENTE LEUC;10968;665335;NBU;BAJA;10000
665349;FOSFATASA ALCALINA OSEA (RIA);22850;665349;NBU;BAJA;10000
665375;FOSFATIDIL COLINA, AC. IGG ANTI-;16452;665375;NBU;BAJA;10000
665378;FOSFATIDIL COLINA, AC. IGM ANTI-;16452;665378;NBU;BAJA;10000
665392;FOSFATIDIL GLICEROL, AC. IGG ANTI-;18280;665392;NBU;BAJA;10000
665409;FOSFATIDIL INOSITOL, AC. IGG ANTI-;16452;665409;NBU;BAJA;10000
665412;FOSFATIDIL INOSITOL, AC. IGM ANTI-;16452;665412;NBU;BAJA;10000
665424;FOSFATIDIL SERINA, AC. IGA ANTI-;31990;665424;NBU;BAJA;10000
665426;FOSFATIDIL SERINA, AC. IGG O AC. TOTALES ANTI-;22850;665426;NBU;BAJA;10000
665428;FOSFATIDIL SERINA, AC. IGM ANTI-;22850;665428;NBU;BAJA;10000
665443;FOSFOHEXOSA ISOMERASA, SERICA - PHI;5484;665443;NBU;BAJA;10000
665452;FOSFOLIPIDOS, AC. IGG ANTI-;18280;665452;NBU;BAJA;10000
665461;FOSFOLIPIDOS, AC. IGM ANTI-;18280;665461;NBU;BAJA;10000
665465;FOSFOLIPIDOS, AC. TOTALES ANTI- (IGA, IGG, IGM);22850;665465;NBU;BAJA;10000
665469;FREE ANDROGEN INDEX-FAI;27420;665469;NBU;BAJA;10000
665472;FRIEDRICH, ATAXIA DE;411300;665472;NBU;BAJA;10000
665478;FRUCTOSA, LIQUIDO SEMINAL O SERICA O URINARIA;9140;665478;NBU;BAJA;10000
665486;"FSH, URINARIA (HORMONA FOLICULO ESTIMULANTE -
URINARIA)";0;665486;NBU;BAJA;10000
665494;GABAPENTINA;0;665494;NBU;BAJA;10000
665503;GAD, AC. ANTI- GLUTAMICO ACID DECARBOXILASE (ACIDO GLUTAMICO DESCARBOXILASA, AC. ANTI-);54840;665503;NBU;BAJA;10000
665508;GALACTOMANANO DE ASPERGILLUS, AG;91400;665508;NBU;BAJA;10000
665512;GALACTOSA 1-URIDIL FOSFOTRANSFERASA;68550;665512;NBU;BAJA;10000
665520;GAMMA-BHC (?-HCH) - GAMMA-HEXACLORURO DE BENCENO - GAMMA-HEXACLORAN - GAMMA-LINDANO - GAMMA-1,2,3,4,5,6-HEXACLOROCICLOHEXANO;54840;665520;NBU;BAJA;10000
665529;GANGLIOSIDO ASIALO GM1, AC. ANTI-;182800;665529;NBU;BAJA;10000
665533;GANGLIOSIDO GD 1B, AC. ANTI-;137100;665533;NBU;BAJA;10000
665537;GANGLIOSIDO GM1, AC. (IGG + IGM) ANTI-;137100;665537;NBU;BAJA;10000
665541;GANGLIOSIDO QUADROSIALO, GQ1B AC. IGG;182800;665541;NBU;BAJA;10000
665546;GANGLIOSIDOS PANEL, AC. (IGG + IGM) GM1 ASIALO, GM2, GD1A, GD1B, GQ1B;822600;665546;NBU;BAJA;10000
665555;GENOTIPO DE RHO (C/U);13710;665555;NBU;BAJA;10000
665563;GENTAMICINA;22850;665563;NBU;BAJA;10000
665576;GLUCOSA POST PRANDIAL ;21936;665576;NBU;BAJA;10000
665583;GLIADINA, AC. IGG ANTI- PEPTIDO DEAMIDADO DE (DGP-IGG ANTI-);21936;665583;NBU;BAJA;10000
665589;JAK2-MUTACIONES EXON12;0;665589;NBU;BAJA;10000
665597;GLICINA (HPLC);0;665597;NBU;BAJA;10000
665606;GLICOFORINA, CITOMETRIA DE FLUJO;27420;665606;NBU;BAJA;10000
665621;GLICOSAMINOGLICANOS, CUANTITATIVO;63980;665621;NBU;BAJA;10000
665632;GLOBULINA LIGADORA DE ANDROGENOS Y ESTROGENOS (GLAE / SHBG);20108;665632;NBU;BAJA;10000
665640;GLOBULINA LIGADORA DE CORTICOIDES (CBG);0;665640;NBU;BAJA;10000
665644;GLOBULINA TRANSPORTADORA DE TIROXINA (TBG);38388;665644;NBU;BAJA;10000
665649;GLUCOCEREBROSIDASA;127960;665649;NBU;BAJA;10000
665666;GLUTATION PEROXIDASA (GPO);22850;665666;NBU;BAJA;10000
665685;HAEMOPHILUS INFLUENZA, AC. IGG ANTI-;36560;665685;NBU;BAJA;10000
665687;HAEMOPHILUS INFLUENZA, AC. IGM ANTI-;36560;665687;NBU;BAJA;10000
665691;HAEMOPHILUS INFLUENZAE B, AG. - PLASMATICO;22850;665691;NBU;BAJA;10000
665694;HAEMOPHILUS INFLUENZAE B, AG. - URINARIO;22850;665694;NBU;BAJA;10000
665708;HALOPERIDOL;27420;665708;NBU;BAJA;10000
665715;HAM, PRUEBA DE;9140;665715;NBU;BAJA;10000
665724;HANTAVIRUS, AC. IGG ANTI-;54840;665724;NBU;BAJA;10000
665726;HANTAVIRUS, AC. IGM ANTI-;54840;665726;NBU;BAJA;10000
665743;HELICOBACTER PYLORI, AC. IGA ANTI-;20108;665743;NBU;BAJA;10000
665751;HELICOBACTER PYLORI, AC. IGG ANTI-;14624;665751;NBU;BAJA;10000
665760;HELICOBACTER PYLORI, AC. IGM ANTI-;14624;665760;NBU;BAJA;10000
665768;HELICOBACTER PYLORI, AIRE ESPIRADO;0;665768;NBU;BAJA;10000
665777;HELICOBACTER PYLORI (CULTIVO - TIPIFICACION);25592;665777;NBU;BAJA;10000
665780;HEMATIES, PRUEBA ELUSION ACIDA DE;7312;665780;NBU;BAJA;10000
665785;"HEMOCROMATOSIS, GEN HH - PCR
(HEMOCROMATOSIS HEREDITARIA HH - GEN HFE- CROMOSOMA 6)";301620;665785;NBU;BAJA;10000
665787;HEMOCROMATOSIS, MUTACION GEN C282Y - PCR;100540;665787;NBU;BAJA;10000
665789;HEMOCROMATOSIS, MUTACION GEN H63D - PCR;100540;665789;NBU;BAJA;10000
665791;HEMOCROMATOSIS, MUTACION GEN S65C - PCR;100540;665791;NBU;BAJA;10000
665797;HEMOCULTIVO AEROBIOS AUTOMATIZADO (C/U);27420;665797;NBU;BAJA;10000
665802;HEMOGLOBINA A1 (HB-A1) ELECTROFORESIS;10968;665802;NBU;BAJA;10000
665811;HEMOGLOBINA A2 (HBA2) (CROMATOGRAFIA/INTERCAMBIO IONICO);18280;665811;NBU;BAJA;10000
665820;HEMOGLOBINA FETAL;9140;665820;NBU;BAJA;10000
665828;HEMOGLOBINA S;8226;665828;NBU;BAJA;10000
665837;"HEMOGLOBINURIA PAROXISTICA NOCTURNA,
DETECCION DE -  POR CITOMETRIA DE FLUJO";159950;665837;NBU;BAJA;10000
665845;HEMOPEXINA;0;665845;NBU;BAJA;10000
665854;HEMOSIDERINURIA;8226;665854;NBU;BAJA;10000
665868;HEPARINA, AC. ANTI- (PFA4);0;665868;NBU;BAJA;10000
665871;HEPARINA, ACTIVIDAD ANTI XA DE LA (LMWH) - HEPARINA DE BAJO PESO MOLECULAR (HBPM);36560;665871;NBU;BAJA;10000
665879;HEPATICOS, AUTOANTICUERPOS (PANEL);0;665879;NBU;BAJA;10000
665888;HEPATITIS A, AC. ANTI- IGG (HVA IGG) O AC. TOTALES (RIA O ELISA);13710;665888;NBU;BAJA;10000
665896;"HEPATITIS B, AC. ANTI- ""E"" (HBE AC)";13710;665896;NBU;BAJA;10000
665905;"HEPATITIS B, AC. ANTI- ""CORE"" IGM (HBCM) - (RIA O ELISA)";16452;665905;NBU;BAJA;10000
665914;HEPATITIS B, CARGA VIRAL;169090;665914;NBU;BAJA;10000
665931;HEPATITIS B, DNA VIRAL (HBV-DNA) (PCR - CUALITATIVO);73120;665931;NBU;BAJA;10000
665939;HEPATITIS C, AC. ANTI- IGM;54840;665939;NBU;BAJA;10000
665945;HEPATITIS C, ANTIGENO;54840;665945;NBU;BAJA;10000
665956;HEPATITIS C, CARGA VIRAL (PCR);169090;665956;NBU;BAJA;10000
665965;HEPATITIS C, GENOTIPIFICACION (PCR);123390;665965;NBU;BAJA;10000
665973;HEPATITIS C, LIA;137100;665973;NBU;BAJA;10000
665982;HEPATITIS C, RNA CUALITATIVO - PCR;109680;665982;NBU;BAJA;10000
665990;HEPATITIS DELTA, AC. IGG O TOTALES ANTI-;43872;665990;NBU;BAJA;10000
665993;HEPATITIS DELTA, AC. IGM ANTI-;45700;665993;NBU;BAJA;10000
666008;HEPATITIS E, AC. IGG ANTI-;27420;666008;NBU;BAJA;10000
666011;HEPATITIS E - PCR;114250;666011;NBU;BAJA;10000
666016;HEPTACLORO;54840;666016;NBU;BAJA;10000
666019;HEPTACLORO HEPOXIDE;54840;666019;NBU;BAJA;10000
666028;HER 2 / NEU - ERBB2;457000;666028;NBU;BAJA;10000
666034;HERPES SIMPLEX, 1 / 2 - ANTIC. TOTALES (IFI);27420;666034;NBU;BAJA;10000
666037;HERPES SIMPLEX, 1 / 2 - PCR;82260;666037;NBU;BAJA;10000
666038;HERPES SIMPLEX, 1 / 2 - TIPIFICACION - PCR;118820;666038;NBU;BAJA;10000
666040;HERPES SIMPLEX 1, AC. IGA ANTI-;20108;666040;NBU;BAJA;10000
666042;HERPES SIMPLEX 1, AC. IGG O TOTALES ANTI-;17366;666042;NBU;BAJA;10000
666050;HERPES SIMPLEX 1, AC. IGM ANTI-;17366;666050;NBU;BAJA;10000
666059;HERPES SIMPLEX 2, AC. IGA ANTI-;20108;666059;NBU;BAJA;10000
666067;HERPES SIMPLEX 2, AC. IGG O TOTALES ANTI-;17366;666067;NBU;BAJA;10000
666076;HERPES SIMPLEX 2, AC. IGM ANTI-;17366;666076;NBU;BAJA;10000
666084;HERPES SIMPLEX, AG;22850;666084;NBU;BAJA;10000
666093;HERPES VIRUS 6 HUMAN, AC. IGG (HHV6-IGG) ANTI-;33818;666093;NBU;BAJA;10000
666096;HERPES VIRUS 6 HUMAN, AC. IGM (HHV6-IGM) ANTI-;33818;666096;NBU;BAJA;10000
666098;HERPES VIRUS 6 HUMAN - PCR;82260;666098;NBU;BAJA;10000
666100;HERPES VIRUS 6 HUMAN - CARGA VIRAL;137100;666100;NBU;BAJA;10000
666110;HERPES VIRUS 7, AC. IGG ANTI- HHV;41130;666110;NBU;BAJA;10000
666113;HERPES VIRUS 7, AC. IGM ANTI- HHV;41130;666113;NBU;BAJA;10000
666117;HERPES VIRUS 8 - AC. IGG ANTI- HHV;54840;666117;NBU;BAJA;10000
666118;HERPES VIRUS 8 - AC. IGM ANTI- HHV;54840;666118;NBU;BAJA;10000
666120;HERPES VIRUS 8 - PCR;82260;666120;NBU;BAJA;10000
666136;HEXANO;14624;666136;NBU;BAJA;10000
666144;HEXANODIONA, (2,5-);18280;666144;NBU;BAJA;10000
666153;HEXOSAMINIDASA TOTAL, A Y B;274200;666153;NBU;BAJA;10000
666170;HIDATIDOSIS, AC. IGM ANTI- (ELISA);22850;666170;NBU;BAJA;10000
666173;HIDATIDOSIS, AC. IGM ANTI- (IFI);18280;666173;NBU;BAJA;10000
666183;HIDROCARBUROS ALIFATICOS;14624;666183;NBU;BAJA;10000
666187;HIDROCARBUROS AROMATICOS;14624;666187;NBU;BAJA;10000
666196;INMUNOGAMAGLOBULINA G SUBCLASE 3;0;666196;NBU;BAJA;10000
666204;HIDROXIPIRENO;18280;666204;NBU;BAJA;10000
666209;HIERRO, MEDULA OSEA (MO) - TINCION DE PERLS;10968;666209;NBU;BAJA;10000
666211;HIERRO, TINCION DE;7312;666211;NBU;BAJA;10000
666213;HIERRO - URINARIO;3656;666213;NBU;BAJA;10000
666222;HISTAMINA - PLASMATICA;34732;666222;NBU;BAJA;10000
666225;HISTAMINA - URINARIA;34732;666225;NBU;BAJA;10000
666238;HISTONA, AC. ANTI-;27420;666238;NBU;BAJA;10000
666247;HISTOPLASMA CAPSULATUM, AC. IGG ANTI-;21936;666247;NBU;BAJA;10000
666255;HISTOPLASMA CAPSULATUM, AC. IGM ANTI-;21936;666255;NBU;BAJA;10000
666264;HIV - PCR CUALITATIVO;73120;666264;NBU;BAJA;10000
666272;HIV 1 ANTI-P-24 (CORE);31076;666272;NBU;BAJA;10000
666275;HIV - P-24 (ANTIGENEMIA);22850;666275;NBU;BAJA;10000
666278;HIV - P-24 - HIV 1 Y 2 (COMBO);18280;666278;NBU;BAJA;10000
666281;HIV - RESISTENCIA A ANTIRETROVIRALES;365600;666281;NBU;BAJA;10000
666284;HIV - RESISTENCIA A  INHIBIDORES DE INTEGRASA;137100;666284;NBU;BAJA;10000
666300;HLA A, MOLECULAR;137100;666300;NBU;BAJA;10000
666303;HLA B, MOLECULAR;137100;666303;NBU;BAJA;10000
666332;HLA B 27 MOLECULAR;73120;666332;NBU;BAJA;10000
666337;"HLA-B 5701 GENOTIPO, ABACAVIR HIPERSENSIBILIDAD,
SANGRE";182800;666337;NBU;BAJA;10000
666341;HLA C MOLECULAR;127960;666341;NBU;BAJA;10000
666401;HLA DQ MOLECULAR;146240;666401;NBU;BAJA;10000
666409;HLA DR CITOMETRIA FLUJO;91400;666409;NBU;BAJA;10000
666426;HLA DR MOLECULAR;137100;666426;NBU;BAJA;10000
666443;HLA DQA1, DQB1 (DIABETES) PCR;146240;666443;NBU;BAJA;10000
666445;HLA DQ2-DQ8 (CELIAQUIA) PCR;146240;666445;NBU;BAJA;10000
666452;HOMOCISTEINA;27420;666452;NBU;BAJA;10000
666455;HOMOCISTINA, ORINA;13710;666455;NBU;BAJA;10000
666486;HOWELL, TEST (PLASMA RECALCIFICADO, TIEMPO DE-);4570;666486;NBU;BAJA;10000
666529;TACROLIMUS (FK 506) ;22850;666529;NBU;BAJA;10000
666533;HTLV-1 PCR;91400;666533;NBU;BAJA;10000
666537;HTLV-I/II (PARTICULAS O ELISA);21022;666537;NBU;BAJA;10000
666540;HTLV, CONFIRMATORIO (WESTERN BLOT);91400;666540;NBU;BAJA;10000
666554;HU (ANNA-1) AC. ANTI-;91400;666554;NBU;BAJA;10000
666560;IA 2, AC. ANTI- (AC. ANTI- TIROSINFOSFATASA 2);91400;666560;NBU;BAJA;10000
666570;IDENTIFICACION MICROBIOLOGICA AUTOMATIZADA;45700;666570;NBU;BAJA;10000
666572;IDENTIFICACION MICROBIOLOGICA POR PCR;45700;666572;NBU;BAJA;10000
666585;IGA BC - LAGRIMA - INMUNOGLOBULINA A BAJA CONCENTRACION EN LAGRIMA;18280;666585;NBU;BAJA;10000
666587;"IGA BC - LCR - INMUNOGLOBULINA A BAJA
CONCENTRACION EN LIQUIDO CEFALO RAQUIDEO";7312;666587;NBU;BAJA;10000
666589;IGA BC - SALIVA - INMUNOGLOBULINA A BAJA CONCENTRACION EN SALIVA;7312;666589;NBU;BAJA;10000
666597;IGE BC - INMUNOGLOBULINA E BAJA CONCENTRACION;10968;666597;NBU;BAJA;10000
666600;IGE BC - LAGRIMAS - INMUNOGLOBULINA E BAJA CONCENTRACION EN LAGRIMA;18280;666600;NBU;BAJA;10000
666602;"IGE BC - LCR - INMUNOGLOBULINA E BAJA
CONCENTRACION EN LIQUIDO CEFALO RAQUIDEO";10968;666602;NBU;BAJA;10000
666606;IGE ESPECIFICA - INMUNOGLOBULINA E ESPECIFICA;11882;666606;NBU;BAJA;10000
666614;IGE RAST - INMUNOGLOBULINA E - PARA ANTIBIOTICOS (INCLUYE PENICILINAS);18280;666614;NBU;BAJA;10000
666634;IGG - INMUNOGLOBULINA G, ASOCIADA A PLAQUETAS;0;666634;NBU;BAJA;10000
666640;IGG - INMUNOGLOBULINA G, INDICE DE (LCR/SERICA);25592;666640;NBU;BAJA;10000
666648;IGG - LCR - INMUNOGLOBULINA G EN LIQUIDO CEFALO RAQUIDEO;18280;666648;NBU;BAJA;10000
666652;IGG - INMUNOGLUBULINA G, INTOLERANCIA ALIMENTICIA (C/U);9140;666652;NBU;BAJA;10000
666657;IGG - INMUNOGLOBULINA G, SUBCLASES (MODULO 4 SUBCLASES);251350;666657;NBU;BAJA;10000
666666;IGM - INMUNOGLOBULINA M, ASOCIADA A PLAQUETAS;0;666666;NBU;BAJA;10000
666674;IGM, LCR - INMUNOGLOBULINA M, EN LIQUIDO CEFALO RAQUIDEO;10968;666674;NBU;BAJA;10000
666676;IGM - INMUNOGLOBULINA M BAJA CONCENTRACION, EN SALIVA;10968;666676;NBU;BAJA;10000
666691;IL2-R - CD25 RECEPTOR SOLUBLE;0;666691;NBU;BAJA;10000
666700;INDICAN;4570;666700;NBU;BAJA;10000
666708;INDICE DE INSULINO RESISTENCIA;12339;666708;NBU;BAJA;10000
666711;INDICE DE FUNCION RENAL;2742;666711;NBU;BAJA;10000
666713;"INDICE DE LESION RENAL (ABUMINA / CREATININA) -
URINARIO";14167;666713;NBU;BAJA;10000
666714;"INDICE DE LESION RENAL (PROTEINAS / CREATININA) -
URINARIO";4113;666714;NBU;BAJA;10000
666717;INDICE DE PRODUCCION RETICULOCITARIA;4570;666717;NBU;BAJA;10000
666720;INDICE DE RESORCION OSEA;4570;666720;NBU;BAJA;10000
666722;INDICE DE RIESGO CARDIOVACULAR;1828;666722;NBU;BAJA;10000
666725;INFLUENZA A, ANTIGENO (AG.);18280;666725;NBU;BAJA;10000
666728;INFLUENZA A, ANTIGENOS (AGS.) - MATERIAL: HISOPADO NASAL / FARINGEO / ASPIRADOS - PCR;86830;666728;NBU;BAJA;10000
666730;"INFLUENZA A, ANTIGENOS (AGS.) SUPTIPO H1N1 -
MATERIAL: HISOPADO NASAL / FARINGEO / ASPIRADOS";18280;666730;NBU;BAJA;10000
666732;"INFLUENZA A, ANTIGENOS (AGS.) SUPTIPO H1N1 -
MATERIAL: HISOPADO NASAL / FARINGEO / ASPIRADOS - PCR";86830;666732;NBU;BAJA;10000
666734;INFLUENZA A, AC. IGG ANTI-;14624;666734;NBU;BAJA;10000
666742;INFLUENZA A, AC. IGM ANTI-;16452;666742;NBU;BAJA;10000
666751;INFLUENZA B, AC. IGG ANTI-;14624;666751;NBU;BAJA;10000
666760;INFLUENZA B, AC. IGM ANTI-;16452;666760;NBU;BAJA;10000
666768;INFLUENZA B, ANTIGENO (AG.);18280;666768;NBU;BAJA;10000
666788;INHIBINA B - SERICA;91400;666788;NBU;BAJA;10000
666819;INMUNOCOMPLEJOS CIRCULANTES (CIC);27420;666819;NBU;BAJA;10000
666848;INMUNOFIJACION - LCR;148068;666848;NBU;BAJA;10000
666850;INMUNOFIJACION - SERICA;148068;666850;NBU;BAJA;10000
666852;INMUNOFIJACION - URINARIA;148068;666852;NBU;BAJA;10000
666856;INMUNOMARCACION EN SANGRE PERIFERICA;0;666856;NBU;BAJA;10000
666862;INSULINA, AC. ANTI- (AC. ANTI- IAA);42044;666862;NBU;BAJA;10000
666871;INTERFERON GAMMA;91400;666871;NBU;BAJA;10000
666879;INTERLEUQUINA (C/U);91400;666879;NBU;BAJA;10000
666888;IODO-AZIDA PRUEBA DE;8226;666888;NBU;BAJA;10000
666896;IONOGRAMA - MATERIA FECAL;6398;666896;NBU;BAJA;10000
666898;IRREGULARES ANTICUERPOS, IDENTIFICACION;13710;666898;NBU;BAJA;10000
666905;ISLOTE LANGERHANS PANCREATICOS, AC. ANTI- (ICA);56668;666905;NBU;BAJA;10000
666912;JO-1, AC. ANTI-;22850;666912;NBU;BAJA;10000
666919;KETAMINA - URINARIA;45700;666919;NBU;BAJA;10000
666925;KREMER, TEST DE;22850;666925;NBU;BAJA;10000
666930;LA, AC. ANTI- (LA/SSB);13710;666930;NBU;BAJA;10000
666932;LACTOCRITO;7312;666932;NBU;BAJA;10000
666936;LACTOFERRINA;12796;666936;NBU;BAJA;10000
666939;LACTOSA, TOLERANCIA A LA;6855;666939;NBU;BAJA;10000
666947;LC-1, AC. ANTI-;18280;666947;NBU;BAJA;10000
666956;LEGIONELLA PNEUMOPHILA, AC. IGG ANTI-;18280;666956;NBU;BAJA;10000
666958;LEGIONELLA PNEUMOPHILA, AC. IGM ANTI-;18280;666958;NBU;BAJA;10000
666970;LEGIONELLA PNEUMOPHILA, AG;0;666970;NBU;BAJA;10000
666975;LEISHMANIA, AC. ANTI-;22850;666975;NBU;BAJA;10000
666978;LEISHMANIA - PCR;86830;666978;NBU;BAJA;10000
666982;LEPTINA;45700;666982;NBU;BAJA;10000
666990;LEPTOSPIRA, AC. ANTI- (ELISA / IFI);17366;666990;NBU;BAJA;10000
666999;LEPTOSPIRA, AC. ANTI- (HAI / MACROAGLUTINACION);18280;666999;NBU;BAJA;10000
667007;LEPTOSPIRA, AC. IGM ANTI-;27420;667007;NBU;BAJA;10000
667010;LEPTOSPIRA (CONFIRMATORIO - MICROAGLUTINACION);25592;667010;NBU;BAJA;10000
667013;LEPTOSPIRA (CULTIVO);18280;667013;NBU;BAJA;10000
667027;LEUCINA - SERICA (AA) (INCLUIDA EN EL PERFIL DE AA EN DIFERENTES MATRICES - CROMATOGRAFIA DE AA);0;667027;NBU;BAJA;10000
667059;LEVADURAS SENSIBILIDAD - SCREENING;0;667059;NBU;BAJA;10000
667064;LEVADURAS TIPIFICACION;27420;667064;NBU;BAJA;10000
667076;LEVODOPA - SERICA;25592;667076;NBU;BAJA;10000
667079;LEVODOPA - URINARIA;25592;667079;NBU;BAJA;10000
667093;LEVULOSA - SEMEN;0;667093;NBU;BAJA;10000
667096;LEVULOSA - SERICA;0;667096;NBU;BAJA;10000
667099;LEVULOSA - URINARIA;0;667099;NBU;BAJA;10000
667119;LINDANE;54840;667119;NBU;BAJA;10000
667127;LINFOCITARIO, CULTIVO MIXTO;0;667127;NBU;BAJA;10000
667153;"LINFOCITOS PERIFERICOS ""SRY""";0;667153;NBU;BAJA;10000
667170;LIPASA - URINARIA (LIPASURIA);10968;667170;NBU;BAJA;10000
667187;LIPOPROTEINA A - LP(A);18280;667187;NBU;BAJA;10000
667210;LISOZIMA;18280;667210;NBU;BAJA;10000
667230;LISTERIA, CULTIVO;10968;667230;NBU;BAJA;10000
667240;LISTERIA, AC. IGM ANTI-;10968;667240;NBU;BAJA;10000
667242;LISTERIA - PCR;73120;667242;NBU;BAJA;10000
667260;LIXITOL;54840;667260;NBU;BAJA;10000
667262;LKM, AC. ANTI-;18280;667262;NBU;BAJA;10000
667270;LYNCH, SINDROME DE - GEN MLH1 (MYH);2102200;667270;NBU;BAJA;10000
667271;LYNCH, SINDROME DE - GEN MSH2 SECUENCIACION COMPLETA (M2Y);1462400;667271;NBU;BAJA;10000
667273;LYNCH, SINDROME DE - GEN MSH6 (M6Y);1645200;667273;NBU;BAJA;10000
667274;LYNCH, SINDROME DE - GEN PMS2 (M3Y);1690900;667274;NBU;BAJA;10000
667275;LYNCH, SINDROME DE - GEN (MLH1, MSH2, MSH6, PMS2);5209800;667275;NBU;BAJA;10000
667278;MACROAMILASA;22850;667278;NBU;BAJA;10000
667284;MACRO CK;12796;667284;NBU;BAJA;10000
667289;MACROPROLACTINEMIA;27420;667289;NBU;BAJA;10000
667300;MAGNESIO - ERITROCITARIO;18280;667300;NBU;BAJA;10000
667304;MAGNESIO - PELO;27420;667304;NBU;BAJA;10000
667315;MAG-SGPG, AC. IGM;109680;667315;NBU;BAJA;10000
667319;MALATION;54840;667319;NBU;BAJA;10000
667324;MALON DIALDEHIDO - TBARS;17366;667324;NBU;BAJA;10000
667338;MANGANESO - PELO;27420;667338;NBU;BAJA;10000
667341;MANGANESO - SERICO;18280;667341;NBU;BAJA;10000
667343;MANGANESO - URINARIO;18280;667343;NBU;BAJA;10000
667349;MAO PLAQUETARIO;54840;667349;NBU;BAJA;10000
667353;MARCADORES PRONOSTICOS DE LLC (CITOMETRIA DE FLUJO);140756;667353;NBU;BAJA;10000
667366;MEMBRANA BASAL, AC. ANTI-;7312;667366;NBU;BAJA;10000
667375;MERCURIO - PELO (HG-PELO);31990;667375;NBU;BAJA;10000
667392;METACUALONA;21936;667392;NBU;BAJA;10000
667401;METADONA (FPIA);20108;667401;NBU;BAJA;10000
667409;METAHEMOGLOBINA;9140;667409;NBU;BAJA;10000
667426;METANEFRINAS LIBRES - PLASMATICAS;22850;667426;NBU;BAJA;10000
667435;METANOL - SANGRE;22850;667435;NBU;BAJA;10000
667439;METAPNEUMOVIRUS HUMANO, AG. (HMPV);36560;667439;NBU;BAJA;10000
667440;METAPNEUMOVIRUS HUMANO, AG. (HMPV) - PCR;86830;667440;NBU;BAJA;10000
667443;METIL ETIL CETONA;22850;667443;NBU;BAJA;10000
667449;METIL PARATHION;54840;667449;NBU;BAJA;10000
667454;METIL-TRITION;54840;667454;NBU;BAJA;10000
667460;METILENTETRAHIDROFOLATO REDUCTASA (MTHRT)- PCR;118820;667460;NBU;BAJA;10000
667469;METILNICOTINAMIDA;0;667469;NBU;BAJA;10000
667477;"METIONINA - PRUEBA DE SOBRECARGA (DOS
DETERMINACIONES)";36560;667477;NBU;BAJA;10000
667486;METOTREXATO;36560;667486;NBU;BAJA;10000
667489;MICOLOGIA, CULTIVO DE HONGOS PRODUCTORES DE MICOSIS PROFUNDAS O SISTEMICAS;13710;667489;NBU;BAJA;10000
667490;MICOLOGIA, IDENTIFICACION DE HONGOS PRODUCTORES DE MICOSIS PROFUNDAS O SISTEMICAS;13710;667490;NBU;BAJA;10000
667491;MICOLOGIA, PRUEBA DE SENSIBILIDAD A ANTIFUNGICOS;13710;667491;NBU;BAJA;10000
667495;MICROAGREGADO PLAQUETARIOS;0;667495;NBU;BAJA;10000
667499;MICROARRAYS - ESTUDIO GENETICO;0;667499;NBU;BAJA;10000
667503;MICROGLOBULINA BETA 2;16452;667503;NBU;BAJA;10000
667520;MICROSPORIDIA INVESTIGACION;13710;667520;NBU;BAJA;10000
667527;MIELOPEROXIDASA, AC. ANT- (INMUNOLOGICA);63980;667527;NBU;BAJA;10000
667529;MIELOPEROXIDASA, (CITOQUIMICA);13710;667529;NBU;BAJA;10000
667537;MIOCARDIO, AC. ANTI-;7312;667537;NBU;BAJA;10000
667546;MIOGLOBINA - SERICA;11882;667546;NBU;BAJA;10000
667550;MIOGLOBINA - URINARIA;13710;667550;NBU;BAJA;10000
667571;MITOCONDRIAL M2, AC. ANTI- (AMA M2);24678;667571;NBU;BAJA;10000
667580;MONOSACARIDOS (CROMATOGRAFIA);22850;667580;NBU;BAJA;10000
667597;MOPEG (3-METOXI, 4-HIDROXI- FENIL ETIL GLICOL);18280;667597;NBU;BAJA;10000
667606;MUCOPOLISACARIDOS - URINARIOS (CUANTITATIVO);59410;667606;NBU;BAJA;10000
667614;MUCOSA GASTRICA, AC. ANTI- (CELULAS PARIETALES AC. ANTI- (IFI);17366;667614;NBU;BAJA;10000
667621;MUCOSEMEN CRUZADO (METODO MICROSCOPICO);23764;667621;NBU;BAJA;10000
667631;MUSCULO ESTRIADO, AC. ANTI-;10968;667631;NBU;BAJA;10000
667636;MUSK, AC. ANTI-;201080;667636;NBU;BAJA;10000
667640;MUTACIONES EN EL DOMINIO TK DEL TRANSCRIPTO BCR-AB;457000;667640;NBU;BAJA;10000
667648;MYCOAVIUM COMPLEX - PCR;0;667648;NBU;BAJA;10000
667657;MYCOBACTERIA SP, HEMOCULTIVO;15538;667657;NBU;BAJA;10000
667660;MYCOBACTERIA ATIPICA - PCR;82260;667660;NBU;BAJA;10000
667669;MYCOBACTERIUM TUBERCULOSIS, DNA - PCR;63980;667669;NBU;BAJA;10000
667674;MYCOBACTERIUM TUBERCULOSIS, EN LCR;0;667674;NBU;BAJA;10000
667691;MYCOPLASMA - UREAPLASMA, AC. ANTI-;31990;667691;NBU;BAJA;10000
667700;MYCOPLASMA - UREAPLASMA, CULTIVO;22850;667700;NBU;BAJA;10000
667708;MYCOPLASMA HOMINIS, CULTIVO - AISLAMIENTO;22850;667708;NBU;BAJA;10000
667717;MYCOPLASMA PNEUMONIAE, AC. IGM ANTI-;16452;667717;NBU;BAJA;10000
667725;MYCOPLASMA PNEUMONIAE, ANTIGENO (AG);18280;667725;NBU;BAJA;10000
667734;MYCOPLASMA PNEUMONIAE, CULTIVO;0;667734;NBU;BAJA;10000
667736;MYCOPLASMA PNEUMONIAE - PCR;82260;667736;NBU;BAJA;10000
667742;N,N-DIMETILTRIPTAMINA;21936;667742;NBU;BAJA;10000
667751;"NEONATAL, 17-HIDROXIPROGESTERONA (17-HO-PG-
NEO)";8226;667751;NBU;BAJA;10000
667759;NEONATAL, BIOTINIDASA;6398;667759;NBU;BAJA;10000
667768;NEONATAL, GALACTOSEMIA;6398;667768;NBU;BAJA;10000
667773;NEONATAL, LEUCINA;10968;667773;NBU;BAJA;10000
667775;NEONATAL SCREENENG AMPLIADO POR ESPECTROMETRIA DE MASA EN TANDEM;0;667775;NBU;BAJA;10000
667777;NEONATAL, T.I.R. (TRIPSINA INMUNOREATIVA);7312;667777;NBU;BAJA;10000
667785;NEONATAL, T.S.H;6398;667785;NBU;BAJA;10000
667794;NEUMOCOCO, AC. ANTI-;91400;667794;NBU;BAJA;10000
667802;NEURON SPECIFIC ENOLASE - NSE;35646;667802;NBU;BAJA;10000
667810;NEUTROFILOS, ACTIVIDAD FAGOCITARIA;0;667810;NBU;BAJA;10000
667828;NIQUEL URINARIO (NI URINARIO);18280;667828;NBU;BAJA;10000
667836;NITROGENO NO PROTEICO;2742;667836;NBU;BAJA;10000
667840;NMDA, AC.  IGG ANTI- RECEPTOR - LCR;73120;667840;NBU;BAJA;10000
667841;NMDA, AC.  IGG ANTI- RECEPTOR - SANGRE;73120;667841;NBU;BAJA;10000
667845;NORMETANEFRINA - URINARIA;22850;667845;NBU;BAJA;10000
667849;NOROVIRUS;101454;667849;NBU;BAJA;10000
667853;NORTRIPTILINA - SERICA;17366;667853;NBU;BAJA;10000
667862;N TELOPEPTIDOS - COLAGENO TIPO I (NTX);27420;667862;NBU;BAJA;10000
667871;NUCLEOLO, AC. ANTI-;13710;667871;NBU;BAJA;10000
667882;OPIACEOS - CONFIRMATORIO;109680;667882;NBU;BAJA;10000
667905;ORTO CRESOL (2-METILFENOL);18280;667905;NBU;BAJA;10000
667913;ORTO METIL BUFOTENINA;21936;667913;NBU;BAJA;10000
667919;ORTO,O,O - TIETILFOSFOROTOATO;54840;667919;NBU;BAJA;10000
667926;OSMOLALIDAD - URINARIA;4570;667926;NBU;BAJA;10000
667939;OSTEOCALCINA;22850;667939;NBU;BAJA;10000
667947;OVARIO, AC. ANTI-;73120;667947;NBU;BAJA;10000
667964;OXICODON A - URINARIA;36560;667964;NBU;BAJA;10000
667973;P53 AC;0;667973;NBU;BAJA;10000
667982;P53 MUTANTE;0;667982;NBU;BAJA;10000
667999;PANEL HEPATICO INMUNOLOGICO;182800;667999;NBU;BAJA;10000
668009;PAPILOMA VIRUS HUMANO - HPV (CARGA VIRAL);146240;668009;NBU;BAJA;10000
668011;PAPILOMA VIRUS HUMANO - HPV (GENOTIPIFICACION - PCR + HIBRIDIZACION);100540;668011;NBU;BAJA;10000
668018;PAPP-A (PROTEINA A PLASMATICA ASOCIADA A EMBARAZO);36560;668018;NBU;BAJA;10000
668024;PARA AMINOFENOL;0;668024;NBU;BAJA;10000
668110;PARACOCCIDIOIDES BRASILIENSIS, AC. IGG ANTI-;0;668110;NBU;BAJA;10000
668115;PARACOCCIDIOIDES BRASILIENSIS, AC. IGM ANTI-;0;668115;NBU;BAJA;10000
668127;PARACOCCIDIOIDES SPP, AC. ANTI- TOTALES;26506;668127;NBU;BAJA;10000
668135;PARAINFLUENZA I, AC. ANTI-;16452;668135;NBU;BAJA;10000
668137;PARAINFLUENZA I, AC. IGM ANTI-;16452;668137;NBU;BAJA;10000
668139;PARAINFLUENZA I, AG;18280;668139;NBU;BAJA;10000
668142;PARAINFLUENZA II, AC. ANTI-;16452;668142;NBU;BAJA;10000
668144;PARAINFLUENZA II, AC. IGM ANTI-;16452;668144;NBU;BAJA;10000
668146;PARAINFLUENZA II, AG;18280;668146;NBU;BAJA;10000
668149;PARAINFLUENZA III, AC. ANTI-;16452;668149;NBU;BAJA;10000
668151;PARAINFLUENZA III, AC. IGM ANTI-;16452;668151;NBU;BAJA;10000
668153;PARAINFLUENZA III, AG;18280;668153;NBU;BAJA;10000
668156;PARANITROFENOL;18280;668156;NBU;BAJA;10000
668158;PARASITOS - BIOPSIAS O LIQUIDOS DE PUNCION;22850;668158;NBU;BAJA;10000
668161;PARATHORMONA (PTH) (MOLECULA MEDIA);17366;668161;NBU;BAJA;10000
668170;PARATION;54840;668170;NBU;BAJA;10000
668178;PAROTIDITIS, AC. IGG ANTI-;13710;668178;NBU;BAJA;10000
668187;PAROTIDITIS, AC. IGM ANTI-;14624;668187;NBU;BAJA;10000
668195;PAROTIDITIS, AC. ESPECIF. POR FC;18280;668195;NBU;BAJA;10000
668204;PAROTIDITIS, AC. SOLUBLES;0;668204;NBU;BAJA;10000
668212;PAROTIDITIS, AG;0;668212;NBU;BAJA;10000
668221;PAROTIDITIS, AG. EN LCR;0;668221;NBU;BAJA;10000
668229;PARVOVIRUS, AC. IGG ANTI-;36560;668229;NBU;BAJA;10000
668238;PARVOVIRUS, AC. IGM ANTI-;41130;668238;NBU;BAJA;10000
668241;PARVOVIRUS B19 - PCR;82260;668241;NBU;BAJA;10000
668250;"PENFIGOIDE AC. ANTI- (MEMBRANA BASAL EN PIEL AC.
ANTI-)";54840;668250;NBU;BAJA;10000
668272;PENTACLOROFENOL;16452;668272;NBU;BAJA;10000
668281;PEPTIDO C;16452;668281;NBU;BAJA;10000
668284;"PEPTIDO CITRULINADO CICLICO - AC. ANTI- IGG (AC.
ANTI- CCP / PCC)";45700;668284;NBU;BAJA;10000
668286;PEPTIDO INTESTINAL VASOACTIVO (VIP);799750;668286;NBU;BAJA;10000
668289;PEPTIDO PROCOLAGENO;16452;668289;NBU;BAJA;10000
668298;PERFIL LIPIDICO;11882;668298;NBU;BAJA;10000
668304;PERFIL MINERAL - EN CABELLO;182800;668304;NBU;BAJA;10000
668306;PERFIL MINERAL - EN ORINA;182800;668306;NBU;BAJA;10000
668315;PEROXIDASA TIROIDEO, AC. ANTI- (ATPO / TPO);10968;668315;NBU;BAJA;10000
668327;PESTICIDAS NITROGENADOS - C/U;54840;668327;NBU;BAJA;10000
668332;"PESTICIDAS ORGANOCLORADOS (PLAGUICIDAS),
URINARIOS";54840;668332;NBU;BAJA;10000
668337;"PESTICIDAS ORGANOFOSFORADOS (PLAGUICIDAS -
PARATHION) - PLASMATICOS";54840;668337;NBU;BAJA;10000
668348;PIRIDINOLINA;25592;668348;NBU;BAJA;10000
668358;PLAQUETARIA ADHESIVIDAD;18280;668358;NBU;BAJA;10000
668366;PLAQUETARIA AGREGACION (CON 5 INDUCTORES);109680;668366;NBU;BAJA;10000
668375;PLAQUETAS, AC. ANTI-;0;668375;NBU;BAJA;10000
668379;PLASMA RICO EN PLAQUETAS, PREPARACION DE (PRP);109680;668379;NBU;BAJA;10000
668383;PLASMINOGENO;34732;668383;NBU;BAJA;10000
668385;"PLASMINOGENO, ACTIVADOR TISULAR DE - T-PA
(BIOLOGICO-INMUNOLOGICO)              : T-PA";68550;668385;NBU;BAJA;10000
668387;"PLASMINOGENO, INHIBIDOR DEL ACTIVADOR TISULAR
DEL (PAI - AIP) (MOLECULAR)            : PAI  4G/5G";118820;668387;NBU;BAJA;10000
668393;PLASMODIUM SP, ANTIGENO;14624;668393;NBU;BAJA;10000
668397;PLATA (AG) - SERICA;18280;668397;NBU;BAJA;10000
668400;PLATA (AG) - URINARIA;18280;668400;NBU;BAJA;10000
668409;PLOMO (PB) - PELO;27420;668409;NBU;BAJA;10000
668418;PM-1, AC. ANTI-;0;668418;NBU;BAJA;10000
668426;PNEUMOCYSTIS CARINII, IFD;13710;668426;NBU;BAJA;10000
668435;PODER BACTERICIDA DEL SUERO (PBS);18280;668435;NBU;BAJA;10000
668440;PODER INHIBITORIO DEL SUERO (P.I.S.);18280;668440;NBU;BAJA;10000
668446;POLICLOROBIFENILOS;41130;668446;NBU;BAJA;10000
668450;POLIMORFISMO IL 28B;284254;668450;NBU;BAJA;10000
668460;POLIMORFONUCLEARES, QUIMIOTAXIS;31990;668460;NBU;BAJA;10000
668463;POLIOMAVIRUS BK, CARGA VIRAL - SANGRE U ORINA;137100;668463;NBU;BAJA;10000
668464;POLIOMAVIRUS BK, PCR - SANGRE U ORINA;100540;668464;NBU;BAJA;10000
668466;POLIOMAVIRUS JC, CARGA VIRAL - SANGRE U ORINA;137100;668466;NBU;BAJA;10000
668467;POLIOMAVIRUS JC,  PCR - LCR;96884;668467;NBU;BAJA;10000
668469;POLIQUISTOSIS RENAL - PCR;0;668469;NBU;BAJA;10000
668486;PORFIRINAS - SERICAS;10968;668486;NBU;BAJA;10000
668489;PORFIRINAS, INDICE DE - PLASMATICAS;22850;668489;NBU;BAJA;10000
668493;PORFIRINAS TOTALES - ERITROCITARIAS;13710;668493;NBU;BAJA;10000
668529;PORFOBILINOGENO (CUANTITATIVO) - URINARIO;16452;668529;NBU;BAJA;10000
668537;POTASIO - ERITROCITARIO;0;668537;NBU;BAJA;10000
668546;PREALBUMINA;9140;668546;NBU;BAJA;10000
668554;"PRO BNP - PROHORMONA PEPTIDO NATRIURETICO
CEREBRAL N-TERMINAL (NT-PROBNP)";86830;668554;NBU;BAJA;10000
668563;BORRELIA BURGDORFERI AC IGM ;68550;668563;NBU;BAJA;10000
668571;PROINSULINA - PLASMATICA;0;668571;NBU;BAJA;10000
668580;PROGESTERONA 17-HIDROXI (17-OH-PG);13710;668580;NBU;BAJA;10000
668584;PROMETRYN;54840;668584;NBU;BAJA;10000
668588;PROPAZINA;54840;668588;NBU;BAJA;10000
668597;PROPOXIFENO - NORPROPOXIFENO;21022;668597;NBU;BAJA;10000
668606;PROTEINA BASICA DE MIELINA;109680;668606;NBU;BAJA;10000
668614;PROTEINA C FUNCIONAL - CROMOGENICO;41130;668614;NBU;BAJA;10000
668623;PROTEINA C REACTIVA - ULTRASENSIBLE (PCRUS);10968;668623;NBU;BAJA;10000
668627;PROTEINA DEL EPIDIDIMO HUMANO 4 (HE4);0;668627;NBU;BAJA;10000
668631;PROTEINA S LIBRE = INMUNOTURBIDIMETRIO;41130;668631;NBU;BAJA;10000
668640;PROTEINA S TOTAL;41130;668640;NBU;BAJA;10000
668648;PROTEINA S FUNCIONAL = COAGULOMETRICO;77690;668648;NBU;BAJA;10000
668656;PROTEINASA 3 (PR3), AC. ANTI-;45700;668656;NBU;BAJA;10000
668682;PROTOPORFIRINA ERITROCITARIA LIBRE (FEP), ZINC PROTOPORFIRINA (ZPP O ZP);10968;668682;NBU;BAJA;10000
668691;PROTROMBINA 20.210;86830;668691;NBU;BAJA;10000
668710;PSEUDOMONAS, AC. ANTI-;63980;668710;NBU;BAJA;10000
668734;QUERATINOCITOS (PIEL) AC. ANTI-;82260;668734;NBU;BAJA;10000
668768;QUINIDINA;18280;668768;NBU;BAJA;10000
668780;REARREGLO DEL IGH/FGFR3, ESTUDIO PARA (FISH);374740;668780;NBU;BAJA;10000
668783;REARREGLO DEL IGH/MAF, ESTUDIO PARA (FISH);374740;668783;NBU;BAJA;10000
668794;REARREGLO DEL TCR (CITROMETRIA DE FLUJO);274200;668794;NBU;BAJA;10000
668800;RECEPTOR DE FSH, AC. ANTI- (RFSH);109680;668800;NBU;BAJA;10000
668802;RECEPTOR DE TSH, AC. ANTI- (TRAB'S O TRAB O TBII);36560;668802;NBU;BAJA;10000
668813;RECEPTORES HORMONALES INDICE DE PROLIFERACION;45700;668813;NBU;BAJA;10000
668816;RECEPTOR SOLUBLE DE TRANSFERRINA (STRF);35646;668816;NBU;BAJA;10000
668819;RENINA-ANGIOTENSINA / RENINA ACTIVA;16452;668819;NBU;BAJA;10000
668828;RESISTENCIA A LA PROTEINA C ACTIVADA;36560;668828;NBU;BAJA;10000
668836;RETICULINA, AC. ANTI- (ARA);9140;668836;NBU;BAJA;10000
668845;RETINA, AC. ANTI-;0;668845;NBU;BAJA;10000
668853;RI (ANNA-2), AC. ANTI- (NEURONAL NUCLEAR-2);91400;668853;NBU;BAJA;10000
668860;RIBOSOMAL, AC. ANTI- PROTEINA P (ANTI-RIV P);41130;668860;NBU;BAJA;10000
668870;RICKETTSIAS PROWAZEKII, AC. IGG ANTI-;41130;668870;NBU;BAJA;10000
668874;RICKETTSIAS TYPHI, AC. IGG ANTI-;41130;668874;NBU;BAJA;10000
668878;RINOVIRUS, AG;20108;668878;NBU;BAJA;10000
668882;RISPERIDONA;54840;668882;NBU;BAJA;10000
668888;RNA, AC. ANTI-;0;668888;NBU;BAJA;10000
668896;RNP, AC. ANTI- (RIBONUCLEOPROTEINAS);14624;668896;NBU;BAJA;10000
668905;RO, AC. ANTI- (RO/SSA);13710;668905;NBU;BAJA;10000
668918;ROSA DE BENGALA;7312;668918;NBU;BAJA;10000
668930;ROTAVIRUS - AG -AC- MN (ELISA);29248;668930;NBU;BAJA;10000
668934;ROTAVIRUS - ACC-;36560;668934;NBU;BAJA;10000
668939;ROTAVIRUS, AG;20108;668939;NBU;BAJA;10000
668947;SACAROSA;10968;668947;NBU;BAJA;10000
668954;SACCHAROMYSES CEREVISIAE, AC. ANTI- IGA (ASCA);45700;668954;NBU;BAJA;10000
668956;SACCHAROMYSES CEREVISIAE, AC. ANTI- IGG (ASCA);45700;668956;NBU;BAJA;10000
668964;SALIVA, EX. FISICO-QUIMICO;0;668964;NBU;BAJA;10000
668977;SANGRIA, TIEMPO DE - METODO DE IVY;9140;668977;NBU;BAJA;10000
668982;SARAMPION, AC. IGG ANTI-;13710;668982;NBU;BAJA;10000
668990;SARAMPION, AC. IGM ANTI-;14624;668990;NBU;BAJA;10000
668999;SCLERODERMIA - SCL 70, AC. ANTI-;18280;668999;NBU;BAJA;10000
669007;SCORE DE MOCO;9140;669007;NBU;BAJA;10000
669016;SELENIO (AA) - SERICO;18280;669016;NBU;BAJA;10000
669019;SELENIO - URINARIO;18280;669019;NBU;BAJA;10000
669026;SENSIBILIDAD ALIMENTARIA, PANEL DE AC. IGG ANTI-;388450;669026;NBU;BAJA;10000
669030;SERINA - PLASMATICA;45700;669030;NBU;BAJA;10000
669032;SERINA - PLASMATICA - (PANEO COMPLETO);201080;669032;NBU;BAJA;10000
669039;SEROTONINA, GEN TRANSPORTADOR DE;88658;669039;NBU;BAJA;10000
669041;SEROTONINA - PLAQUETARIA;109680;669041;NBU;BAJA;10000
669045;SEROTONINA - URINARIA;21936;669045;NBU;BAJA;10000
669054;SIFILIS (ELISA);0;669054;NBU;BAJA;10000
669055;SIFILIS (ELISA RECOMBINANTE);0;669055;NBU;BAJA;10000
669058;SILICIO - ESPUTO;18280;669058;NBU;BAJA;10000
669067;SIMANZINA;54840;669067;NBU;BAJA;10000
669076;SINCICIAL RESPIRATORIO, AC. IGG ANTI-;15538;669076;NBU;BAJA;10000
669084;SINCICIAL RESPIRATORIO, AC. IGM ANTI-;15538;669084;NBU;BAJA;10000
669093;SINCICIAL RESPIRATORIO, ANTIGENO (AG.);20108;669093;NBU;BAJA;10000
669101;"SINDROMES LINFOPROLIFERATIVOS -
FENOTIPIFICACION (INMUNOTIPIFICACION)";274200;669101;NBU;BAJA;10000
669102;"SINDROMES MIELOPROLIFERATIVOS - FENOTIPIFICACION.- JAK 2 (JANUS QUINASA 2) -
MUTACION: V617F";274200;669102;NBU;BAJA;10000
669103;"SINDROMES MIELOPROLIFERATIVOS - FENOTIPIFICACION.- JAK 2 (JANUS QUINASA 2) –
SECUENCIACION EXON 12";274200;669103;NBU;BAJA;10000
669104;"SINDROMES MIELOPROLIFERATIVOS -
FENOTIPIFICACION.- MPL (CADA MUTACION)";274200;669104;NBU;BAJA;10000
669105;SIROLIMUS, DROGA CITOSTATICA - RAPAMICINA;63980;669105;NBU;BAJA;10000
669110;SM, AC. ANTI-;13710;669110;NBU;BAJA;10000
669118;SOMATOMEDINA C- IGFB1;31990;669118;NBU;BAJA;10000
669120;SOMATOMEDINA - IGFBP-3 - (INSULIN LIKE GROWTH FACTOR BIND, PROT 3);54840;669120;NBU;BAJA;10000
669127;"SREPTOCOCCUS BETA-HEMOLITICO GRUPO B - PRENATAL
(ANAL/VAGINAL)";16452;669127;NBU;BAJA;10000
669129;"STAPHYLOCOCCUS AUREUS METICILINO RESISTENTE -
PCR O SIMILAR";82260;669129;NBU;BAJA;10000
669132;STREPTOCOCCUS GRUPO B, AG. - SERICO;22850;669132;NBU;BAJA;10000
669135;STREPTOCOCCUS GRUPO B, AG. - URINARIO;22850;669135;NBU;BAJA;10000
669157;STREPTOCOCCUS PNEUMONIAE, AG. - ESPUTO;22850;669157;NBU;BAJA;10000
669161;STREPTOCOCCUS PNEUMONIAE, AG. - SERICO;22850;669161;NBU;BAJA;10000
669164;STREPTOCOCCUS PNEUMONIAE, AG. - URINARIO;22850;669164;NBU;BAJA;10000
669170;STREPTOCOCCUS PNEUMONIAE - PCR;82260;669170;NBU;BAJA;10000
669180;STREPTOZYME, TEST (ESTREPTOZIMA);13710;669180;NBU;BAJA;10000
669187;SUBUNIDAD ALFA HIPOFISIARIA;0;669187;NBU;BAJA;10000
669195;SUCCINIL ACETONA - URINARIA;0;669195;NBU;BAJA;10000
669204;SUCCINIL PURINAS;137100;669204;NBU;BAJA;10000
669212;SUCROSA, TEST DE;9140;669212;NBU;BAJA;10000
669223;SUDOR, TEST CONFIRMATORIO;45700;669223;NBU;BAJA;10000
669229;SULFAHEMOGLOBINA POR COOXIMETRIA;0;669229;NBU;BAJA;10000
669238;SULFATOS - URINARIOS;13710;669238;NBU;BAJA;10000
669246;SULFOTEP;54840;669246;NBU;BAJA;10000
669255;SUPEROXIDO DISMUTASA (S.O.D.) - SERICA;27420;669255;NBU;BAJA;10000
669265;SUSTANCIA INTERCELULAR AC ANTI;54840;669265;NBU;BAJA;10000
669270;TAENIA SOLIUM - AC. ANTI- IGG;45700;669270;NBU;BAJA;10000
669281;TALASEMIAS, BETA-MUTACIONES;0;669281;NBU;BAJA;10000
669293;TALIO - PELO;0;669293;NBU;BAJA;10000
669306;TDT - CITOMETRIA DE FLUJO;27420;669306;NBU;BAJA;10000
669309;TERBUITRYN;54840;669309;NBU;BAJA;10000
669311;TERBUTHYLAZINA;54840;669311;NBU;BAJA;10000
669314;TEST DE DESENSIBILIZACION TESTICULAR;100540;669314;NBU;BAJA;10000
669332;TEST DE NITRO BLUE TETRAZOLIUM CON ESTIMULACION (TEST - NBTS);31076;669332;NBU;BAJA;10000
669349;TEST DE NITRO BLUE TETRAZOLIUM (TEST - NBT);31076;669349;NBU;BAJA;10000
669358;TEST DE NUGENT - SERICO;0;669358;NBU;BAJA;10000
669366;TESTOSTERONA DEHIDRO (DHT);22850;669366;NBU;BAJA;10000
669375;TESTOSTERONA LIBRE (TO-L);13710;669375;NBU;BAJA;10000
669383;TESTOSTERONA - URINARIA;13710;669383;NBU;BAJA;10000
669409;TIOCIANATOS - URINARIOS;10968;669409;NBU;BAJA;10000
669417;TIOCIANATOS - SERICOS;10968;669417;NBU;BAJA;10000
669426;TIONACINA;54840;669426;NBU;BAJA;10000
669434;TIOSULFATOS - URINARIOS;7312;669434;NBU;BAJA;10000
669443;TIROGLOBULINA (TGS);13710;669443;NBU;BAJA;10000
669464;TIROGLOBULINA - LIQUIDO DE PUNCION (TG LP);0;669464;NBU;BAJA;10000
669477;TIROSINA (AMINOACIDO - A. AC.);14624;669477;NBU;BAJA;10000
669486;TITULACION DE ANTICUERPO VIII (MET..BIOL.);0;669486;NBU;BAJA;10000
669494;TOXINA BOTULINICA, AC;0;669494;NBU;BAJA;10000
669503;"TOXINA SHIGA O VEROTOXINAS - ESCHERICCIA COLI
(C/U) - PCR";73120;669503;NBU;BAJA;10000
669511;TOXOCARA CANIS, AC. IGG ANTI-;23764;669511;NBU;BAJA;10000
669514;TOXOCARA CANIS, AC. IGM ANTI-;27420;669514;NBU;BAJA;10000
669538;TOXOIDE TETANICO, AC. ANTI-;82260;669538;NBU;BAJA;10000
669561;TOXOPLASMOSIS, AC. IGA ANTI-;27420;669561;NBU;BAJA;10000
669565;TOXOPLASMOSIS, AC. IGA ISAGA ANTI-;0;669565;NBU;BAJA;10000
669571;TOXOPLASMOSIS, AC. IGG ANTI- (ELISA);9140;669571;NBU;BAJA;10000
669575;TOXOPLASMOSIS, AC. IGG ANTI- (TEST DE AVIDEZ);27420;669575;NBU;BAJA;10000
669580;TOXOPLASMOSIS, AC. IGM ANTI- (ELISA);12796;669580;NBU;BAJA;10000
669588;TOXOPLASMOSIS, AC. IGM ANTI- (IFI);7312;669588;NBU;BAJA;10000
669591;TOXOPLASMOSIS - PCR;63980;669591;NBU;BAJA;10000
669597;T-PA INMUNOLOGICO;0;669597;NBU;BAJA;10000
669622;TRANSGLUTAMINASA, AC. IGA ANTI- (TGA);21022;669622;NBU;BAJA;10000
669631;TRANSGLUTAMINASA, AC. IGG ANTI- (TGG);21022;669631;NBU;BAJA;10000
669637;TRANSLOCACION, VARIAS - CUALITATIVA (C/U);239468;669637;NBU;BAJA;10000
669642;TRANSLOCACION, VARIOS - CUANTITATIVA (C/U);329040;669642;NBU;BAJA;10000
669644;TREPONEMA PALLIDUM, FTA ABS, AC. IGM ANTI-;9140;669644;NBU;BAJA;10000
669647;TRICHINELLA SPIRALIS, AC. IGG ANTI-/AC. TOTALES;31990;669647;NBU;BAJA;10000
669649;TRICHINELLA SPIRALIS, AC. IGM ANTI-;31990;669649;NBU;BAJA;10000
669653;TRICHOMONAS, CULTIVO PARA-;0;669653;NBU;BAJA;10000
669657;TRICLOROETANOL;10968;669657;NBU;BAJA;10000
669661;TRIIODOTIRONINA LIBRE (T3L);9140;669661;NBU;BAJA;10000
669672;TRIPLE TEST;82260;669672;NBU;BAJA;10000
669682;TRIPSINA, AC. ANTI-;0;669682;NBU;BAJA;10000
669691;TRIPTOFANO;16452;669691;NBU;BAJA;10000
669716;TROMBOFILIA, PANEL BASICO;210220;669716;NBU;BAJA;10000
669725;TROPONINA I -TNI;15538;669725;NBU;BAJA;10000
669734;TROPONINA T (CUALITATIVO) - TNT-CUALI;15538;669734;NBU;BAJA;10000
669735;TROPONINA T (CUANTITATIVO) TNT-CUANTI;22850;669735;NBU;BAJA;10000
669747;TUMOR, NECROSIS FACTOR;0;669747;NBU;BAJA;10000
669759;UREAPLASMA UREALITICUM (CULTIVO);0;669759;NBU;BAJA;10000
669768;UROPORFIRINAS - MATERIA FECAL;13710;669768;NBU;BAJA;10000
669780;VACUNA LINFOCITARIA;0;669780;NBU;BAJA;10000
669787;VAGINAL, BALANCE DEL CONTENIDO (BACOVA);5484;669787;NBU;BAJA;10000
669790;VANADIO, PLASMATICO O URINIARIO;18280;669790;NBU;BAJA;10000
669793;VANCOMICINA;21022;669793;NBU;BAJA;10000
669810;VARICELA ZOSTER, AC. IGM ANTI-;22850;669810;NBU;BAJA;10000
669819;VARICELA ZOSTER, AC. IGG ANTI-;15538;669819;NBU;BAJA;10000
669828;VARICELA ZOSTER, AG;27420;669828;NBU;BAJA;10000
669834;VARICELA ZOSTER - DNA (PCR);63980;669834;NBU;BAJA;10000
669846;VIGABATRINA;27420;669846;NBU;BAJA;10000
669853;VIRUS-JUNIN, AC. ANTI- IGG (FHA);27420;669853;NBU;BAJA;10000
669858;VIRUS-JUNIN, AC. ANTI- IGM (FHA);27420;669858;NBU;BAJA;10000
669870;VISCOSIDAD PLASMATICA;0;669870;NBU;BAJA;10000
669879;VITAMINA B1 (TIAMINA);27420;669879;NBU;BAJA;10000
669887;VITAMINA B6 (PIRIDOXINA);33818;669887;NBU;BAJA;10000
669896;VITAMINA C (LIQUIDO SEMINAL);27420;669896;NBU;BAJA;10000
669898;VITAMINA C (PLAQUETARIA);27420;669898;NBU;BAJA;10000
669905;"VITAMINA D  (1,25-DIHIDROXICOLECALCIFEROL O
CALCITRIOL - 1,25-VITAMINA D";123390;669905;NBU;BAJA;10000
669909;"VITAMINA D2 + D3  (ERGOCALCIFEROL + 25-
HIDROXICALCIFEROL O COLECALCIFEROL)";36560;669909;NBU;BAJA;10000
669913;"VITAMINA D3 (25-HIDROXICALCIFEROL O
COLECALCIFEROL)";33818;669913;NBU;BAJA;10000
669930;"VLDL-COLESTEROL, LIPOPROTEINA DE MUY BAJA
DENSIDAD";3656;669930;NBU;BAJA;10000
669939;XANTINA;9140;669939;NBU;BAJA;10000
669947;YERSINIA ENTEROCOLITICA, CULTIVO;0;669947;NBU;BAJA;10000
669960;YO (PCA-1), AC. ANTI-;91400;669960;NBU;BAJA;10000
669973;ZAP 70;95970;669973;NBU;BAJA;10000
669978;ZIKA, VIRUS (PCR);91400;669978;NBU;BAJA;10000
669984;ZINC - PELO (ZN-PELO);18280;669984;NBU;BAJA;10000
669987;ZINC - SEMEN (ZN-SEMEN);22850;669987;NBU;BAJA;10000
669990;ZINC - URINARIO (ZN-URINARIO);18280;669990;NBU;BAJA;10000
420101;Consulta en Consultorio;22097,69;420101;OSMISS;;
420102;Consulta Especialista;24859,9;420102;OSMISS;;
420109;Consulta Nutrición;13811,06;420109;OSMISS;;
170101;Electrocardiograma;9738,82;170101;OSMISS;;
170121;Ergometría 12 derivaciones;29299,28;170121;OSMISS;;
900201;Holter de 3 canales;57770,24;900201;OSMISS;;
170120;Presurometria;57770,24;170120;OSMISS;;
900013;Control de Marcapasos definitivo;24329,29;900013;OSMISS;;
900666;Control de Cardiodesfibrilador;31926,28;900666;OSMISS;;
170119;Tilt test;63840,73;170119;OSMISS;;
180302;Ecocardiograma Stress Farmacologico con Dobutamina;109458,15;180302;OSMISS;;
180303;Ecocardiograma Stress Farmacologico con Dipiridamol;109458,15;180303;OSMISS;;
900011;Inmunohistoquimica;102393,66;;;;
150201;Receptores de Estrogenos;102393,66;;;;
150201;Receptores de Progesterona;102393,66;;;;
900170;HER2 por FisInmunohistoquimica;102393,66;;;;
150113;HER2 Por FISH;118676,3;;;;
900056;Helicobacter Pylori Marcadores Para;20424,3;;;;
;Ginecologia y Obstetricia;0;;;;
110217;Colocación de DIU;61130,9;;;;
900655;Extracción de DIU;21631,3;;;;
220202;Monitoreo Fetal;30411,62;;;;
220110;Pap y Colposcopía;30411,62;;;;
225004;Topicaciones de cervix uterino;17134,64;;;;
110311;Biopsia de cervix;22814,63;;;;
901212;Toma de muestra. Cepillado endocervical;39523,27;;;;
340604;Histerosalpingografia con prueba de COTTE;48646,75;;;;
;Alergia;0;;;;
140101;Testificacion total;32458,78;;;;
140103;Testificacion por drogas;29299,28;;;;
;Otorrinolaringologia;0;;;;
290103;Videonistagmografia con pruebas caloricas;20294,13;;;;
310122;Otomicroscopia;20294,13;;;;
903134;Rinomanometria;20294,13;;;;
903101;Fibronasolaringoscopia;89235,02;;;;
5313;Lavado Otico;21558,72;;;;
903133;Rinofibroscopia;89235,02;;;;
;Neurologia;0;;;;
280109;Test de marcha de 6 min;65260,72;;;;
290102;Electroencefalograma con activacion compleja;38020,44;;;;
290106;Electromiograma con velocidad de conduccion;38020,44;;;;
420124;Consulta protocolo de cefalea;22045,46;;;;
;Dermatologia;0;;;;
130104;Escision local de lesion de piel;30411,62;;;;
130114;Incision y drenaje de absceso superficial;30411,62;;;;
5311;Topicación (química) – Hasta 5 lesiones;29643,24;;;;
5312;Topicación - Mas de 5 lesiones;37727,76;;;;
130106;Electrocoagulación – Hasta 5 lesiones;37727,76;;;;
130107;Electrocoagulación - Mas de 5 lesiones;43117,45;;;;
130108;Biopsia de piel o tejido celular subcutaneo y/o muscular;53896,81;;;;
130109;Extracción de uña;30411,62;;;;
;Neumonologia;0;;;;
280112;Espirometría computarizada con o sin broncodilatadores;22814,63;;;;
280120;Espirometría computarizada con filtro antibacteriano;42564,43;;;;
280106;Fibrobroncoscopia;55249,74;;;;
;Módulo de Rehabilitación;0;;;;
250101;Kinesiologia por sesion;16573,27;;;;
900215;Magnetoterapia por sesion;16573,27;;;;
900216;Laserterapia por sesion;16573,27;;;;
900398;FKT + Laser + Magnetoterapia;22097,69;;;;
;Urología;0;;;;
360102;Uretrocistofibroscopia;195450,84;;;;
900014;Estudio Urodinamico Completo;76017,2;;;;
365001;Flujometria miccional;53226,24;;;;
360103;Colocación de Sonda;20294,13;;;;
360106;Dilatación Uretral;17134,64;;;;
360112;Penescopia;21631,3;;;;
225005;Topicaciones urologicas;17134,64;;;;
;Flebología;0;;;;
80610;Esclerosantes por sesión;15963,14;;;;
;Ecografías (Adultos);0;;;;
180112;ECOGRAFIA COMPLETA DE ABDOMEN.;33085,94;;;;
900022;ECOGRAFIA DE PARTES BLANDAS          ;33085,94;;;;
901902;ECOGRAFIA MUSCULAR                 ;33085,94;;;;
900338;ECOGRAFIA DE CADERA UNI/BILATERAL                             ;33085,94;;;;
901802;ECOGRAFIA DE CUELLO                    ;33085,94;;;;
180123;ECOGRAFIA OBSTETRICA PRIMER TRIMESTRE            ;33085,94;;;;
180121;ECOGRAFIA PARA LA AMNIOCENTESIS.;33085,94;;;;
180111;ECOGRAFIA DE TESTICULOS.;38044,1;;;;
180110;ECOGRAFIA TIROIDEA.;38044,1;;;;
180114;ECOGRAFIA DE VEJIGA O PROSTATA;38044,1;;;;
180113;ECOGRAFIA HEPATICA, BILIAR, ESPLENICA O TORACICA.;38044,1;;;;
180116;ECOGRAFIA RENAL BILATERAL.;38044,1;;;;
180118;ECOGRAFIA PANCREATICA O SUPRARRENAL.;38044,1;;;;
180104;ECOGRAFIA TOCOGINECOLOGICA.;38044,1;;;;
185004;ECOGRAFIA GINECOLOGICA TRANSVAGINAL;44658,92;;;;
900023;ECOGRAFIA TRANSVAGINAL               ;44658,92;;;;
900024;ECOGRAFIA TRANSVAGINAL /PACIENTE ONCOLOGICO;44658,92;;;;
901833;ECOGRAFIA PROSTATICA TRANSRECTAL CON    BIOPSIA ECODIRIGIDA RANDOMIZADA                                ;44658,92;;;;
180107;ECOGRAFIA CEREBRAL (CON MOD.B Y A).;52930,41;;;;
180117;ECOGRAFIA DE AORTA ABDOMINAL DINAMICA Y ESTATICA (MODO  M).;52930,41;;;;
;Ecodoppler;0;;;;
901803;Color (todas las regiones);63082,09;;;;
900688;Eco Doppler Color con analisis de strain miocardico;63082,09;;;;
900037;ECODOPPLER COLOR DE TIROIDES                                                                                                                                                                            ;82866,34;;;;
900343;ECODOPPLER COLOR OBSTETRICO                                                                                                                                                                             ;82866,34;;;;
900029;ECODOPPLER COLOR TESTICULAR                                                                                                                                                                             ;82866,34;;;;
900019;ECODOPPLER COLOR RENAL                                                                                                                                                                                  ;82866,34;;;;
900402;ECODOPPLER COLOR TOCOGINECOLOGICO                                                                                                                                                                       ;82866,34;;;;
900219;ECODOPPLER COLOR TRANSCRANEANO                                                                                                                                                                          ;82866,34;;;;
640569;DOPPLER  GINECOLOGICO Y/O POR REGION;82866,34;;;;
900137;ECODOPPLER COLOR 4 VASOS DE CUELLO                                                                                                                                                           ;82866,34;;;;
900175;ECODOPPLER COLOR AORTA, CAVA, RAMAS VISCERALES                                                                                                                                                          ;82866,34;;;;
900091;ECODOPPLER COLOR ARTERIAL MIEM. INF/SUP                                                                                                                                                                 ;82866,34;;;;
900177;ECODOPPLER ARTERIAL O VENOSO 2 MIEMBROS COLOR;82866,34;;;;
901803;ECODOPPLER COLOR (todas las regiones);71817,49;;;;
180501;ECODOPPLER CARDIACO FETAL COLOR                                                                                                                                                                         ;82866,34;;;;
180301;ECODOPPLER COLOR CARDIACO                      ;82866,34;;;;
900375;ECODOPPLER CARDIACO COLOR INFANTIL                                                                                                                                                                      ;104964,03;;;;
900688;ECODOPPLER CON ANALISIS DE STRAIN            ;165732,68;;;;
;Estudio por Imágenes;0;;;;
345001;Mamografía con magnificación unilateral;59286,49;;;;
345002;Mamografía con magnificación bilateral;78064,37;;;;
345003;Punción mamaria con control mamografico ;173488,21;;;;
;Traumatología ;0;;;;
121801;Infiltracion periarticular;9162,46;;;;
120801;Artrocentesis;11318,33;;;;
;Medicamentos y descartables;0;;;;
;Medicamentos - KAIROS 100%;0;;;;
;Material Descartable - Valores de Mercado;0;;;;
;Laboratorio no nomenclado;0;;;;
;;0;;;;
Codigo;Prestación;0;;;;
9020;17 – Hidroxi-Progesterona – (RIE);17430,47;;;;
9717;17 – Hidroxi-Progesterona Neonatal;17430,47;;;;
9657;Ac – Anti recep tirotrofin atra ;32103,78;;;;
9293;Ac – Anti RNP ;5182,99;;;;
9261;Ac- Anti Bortonella Henselae IGG;16211,64;;;;
9262;Ac- Anti Bortonella Henselae IGM;16211,64;;;;
9049;Ac Anti Brucella AB (IFI);6449,16;;;;
9009;AC ANTI CARDIOLIPINA – IgM –;33227,94;;;;
9718;AC ANTI CARDIOLIPINAS TOTALES;33239,78;;;;
9008;AC ANTI CARDIOPLINA- IgG –;33239,78;;;;
9047;AC ANTI CELULA PARIETAL (APVA);13229,64;;;;
9046;AC ANTI CENTROMERO;26116,12;;;;
9851;Ac anti dengue IGG;15040,14;;;;
9853;Ac anti dengue IGM;15040,14;;;;
9719;Ac anti depresivos triciclicos;25891,29;;;;
9038;AC ANTI DNA NATIVO;7738,99;;;;
9720;Ac- Anti eho y Coxsakie Virus;8377,99;;;;
9111;AC ANTI ENA (WB);49344,92;;;;
9113;AC ANTI ENDOMISIO IgA;17430,47;;;;
9112;AC ANTI ENDOMISIO IgG;17430,47;;;;
9998;AC- Anti F.S.H;1692,16;;;;
9470;Ac Anti factor intrinseco;27772,79;;;;
9386;Ac Anti GAD;16081,47;;;;
8779;Ac- Anti gangliosidos IGM1;52338,74;;;;
9114;AC ANTI GLIADINA IgA;21288,13;;;;
9115;AC ANTI GLIADINA IgG;21288,13;;;;
9721;Ac Anti glomerulo;3407,99;;;;
9722;Ac- Anti Histoplasma capulat   ;9170,82;;;;
9690;Ac Anti HU;50090,42;;;;
9290;AC ANTI INSULINA – (RIE);24187,29;;;;
9765;Ac anti islotes pancreaticos;11158,81;;;;
9723;Ac anti JO;9336,48;;;;
9724;Ac anti Leishmania;17465,97;;;;
9725;Ac Anti Listeria IGM;4106,16;;;;
9287;Ac- Anti MAG- SEGP;139597,6;;;;
9726;Ac Anti membrana basal glomerular;18306,14;;;;
9498;Ac. Metil Malonico;127267,28;;;;
9727;Ac Anti mieloperoxidasa;21098,8;;;;
9728;Ac Anti mitocondria;4780,66;;;;
9729;Ac Anti mitocondria M2;30198,62;;;;
9899;Ac Anti Musk;80809,7;;;;
9730;Ac anti NMO Aquaporina;35298,77;;;;
9731;Ac- Anti Ovario;15537,14;;;;
9732;Ac- anti Parvovirus B19  ;25051,12;;;;
9733;Ac anti Parvovirus Humano IGG;21856,13;;;;
9734;Ac anti Parvovirus Humano IGM;21856,13;;;;
9735;Ac anti peptidos citrulinados (anti CCP);31949,95;;;;
9291;AC ANTI PEROXIDASA;17430,47;;;;
9736;Ac- Anti Proteinasa 3 (PR3)  ;12779,98;;;;
9118;AC ANTI RECEPTOR TSH (trab);31938,11;;;;
9688;Ac Anti RI;26187,12;;;;
9737;Ac anti sacaromises;33097,78;;;;
9045;AC ANTI SCL 70;26139,79;;;;
9044;AC ANTI Ssa (RO);53226,24;;;;
9738;Ac anti tiroglobulina comun;5159,32;;;;
9739;Ac anti tiroglobulina sensible;5159,32;;;;
9281;Ac Anti transglutaminasa;11004,98;;;;
9689;Ac Anti YO;26187,12;;;;
9015;Ac Antifosfolipidos IGG;16708,64;;;;
9016;Ac Antifosfolipidos IGM;16708,64;;;;
9048;Ac Antimusculo estriado;5159,32;;;;
9954;Ac Antimusculo liso;5159,32;;;;
9656;Ac Antireceptores de Acetilcolina;28612,95;;;;
9965;Ac Microsomal Tiroideo;3727,49;;;;
9306;Ac-ANCA (Citoplasma neutrofilo);5597,16;;;;
9120;ACIDO FENILACETICO –AFA;21938,96;;;;
9088;Acido Folico Eritrocitario;5017,32;;;;
9294;ACIDO VALPROICO;17430,47;;;;
9471;Acidos Biliares  en suero;11608,48;;;;
9740;Acidos biliares en orina;125433,12;;;;
9413;Actividad de la Renina;8496,32;;;;
9247;Adenosin de Aminasa (ADA);7715,32;;;;
9123;ADENOVIRUS  IgG;21288,13;;;;
9124;ADENOVIRUS  IgM;21288,13;;;;
9125;Adenovirus Ag en Secrecion;8555,49;;;;
9125;ADENOVIRUS Antigeno (IFC);21288,13;;;;
9742;Agregacion Plaquetaria;4330,99;;;;
9127;ALDOSTERONA URINARIA (RIA);10969,48;;;;
9947;Alfa 1 Antitripsina en suero;6496,49;;;;
9743;Alfa 2 Macroglobulina;5005,49;;;;
9744;Alfa talasemia;143407,92;;;;
9473;Androsterona;8200,49;;;;
9799;Anfetaminas en orina;8366,15;;;;
9043;Anti LA (ac anti SSB);8366,15;;;;
9274;Anti LKM;8366,15;;;;
9398;Anti SM;8366,15;;;;
9226;Anticoagulante lupico;23145,96;;;;
9406;Antigeno P24;18897,8;;;;
9007;ANTIGENO PROSTATICO ESPECIFICO – PSA;13229,64;;;;
9297;ANTIGENO PROSTATICO ESPECIFICO COMPLEJADO;32269,45;;;;
9295;ANTIGENO PROSTATICO ESPECIFICO LIBRE;26766,95;;;;
9745;Antimonio en orina;6756,82;;;;
9259;Antitrombina III;13596,48;;;;
9788;Apolipoproteina A;4946,32;;;;
9789;Apolipoproteina B;4946,32;;;;
9746;Apolipoproteina E;91826,51;;;;
9100;Arsenico en orina;7147,32;;;;
9925;Arsenico en sangre;7147,32;;;;
9705;Aspergilius Galactomananos Bal;7762,65;;;;
9260;Aspergillus anticuerpos totales;17678,97;;;;
9747;Aspergillus Antigeno;17678,97;;;;
9896;Bandas oligoclonales en LCR;94855,84;;;;
9897;Bandas Oligoclonales en suero;94134,01;;;;
107;Barbituricos en orina;12377,65;;;;
9230;Benzodiazepina en orina;6756,82;;;;
9310;Beta 2 Glico Proteina AC IGG;25051,12;;;;
9311;Beta 2 Glico Proteina AC IGM;25051,12;;;;
9748;Beta 2 glicoproteina IGM;18306,14;;;;
9749;Beta 2 Microglobulina en orina;8496,32;;;;
9750;Beta 2 Microglobulina en suero;8496,32;;;;
9026;Beta 2 Microglobulina Plasmatica;12531,48;;;;
9751;Beta Talasemia;204716,32;;;;
9752;Betacarotenos;13667,48;;;;
9753;Biotinidasa en suero;64195,72;;;;
9754;Biotinidasa neonatal;7289,32;;;;
9756;Bordetella Pertusis IGG;23986,13;;;;
9757;Bordetella Pertusis IGM;23986,13;;;;
9758;Brucella Abortus IGG;5242,16;;;;
9759;Brucella Abortus IGM;5242,16;;;;
9760;BUFOTENINA;22909,29;;;;
9084;C1 Q Inibidor;10117,48;;;;
9075;CA 125 (OVARIO);9360,15;;;;
9057;CA 15,3 (MAMA);8401,65;;;;
9021;CA 19,9 (COLON);7738,99;;;;
9320;CA 21,1 (PULMON);47061,09;;;;
9321;CA 72,4 (GÁSTRICO);31949,95;;;;
9924;Cadena Liviana en orina;9170,82;;;;
9761;cadenas pesadas en orina;12827,31;;;;
9762;Cadenas pesadas en suero;12827,31;;;;
9223;Cadmio en sangre;8200,49;;;;
134;CALCIO IONICO;7738,99;;;;
9763;Canabinoides en orina;9561,32;;;;
9768;Candida Albicans anticuerpos totales;11087,81;;;;
9769;Candida Albicans antigeno;11087,81;;;;
9079;CARBAMAZEPINA;16448,31;;;;
9770;Carboxihemoglobina;2958,33;;;;
9771;Carnitina total y libre en orina;125196,46;;;;
9475;Carnitina Total y Libre en suero;116025,64;;;;
9550;CATECOLAMINAS PLASMÁTICA;33239,78;;;;
9551;CATECOLAMINAS URINARIAS;26766,95;;;;
9329;CHLAMYDIA PNEUMONIAE AG;26766,95;;;;
9145;CHLAMYDIA PNEUMONIAE IgG;15158,47;;;;
9146;CHLAMYDIA PNEUMONIAE IgM;15158,47;;;;
9147;CHLAMYDIA PSITACCI IgG;15158,47;;;;
9148;CHLAMYDIA PSITACCI IgM;15158,47;;;;
9151;CHLAMYDIA TRACHOMATIS AG;13549,14;;;;
9772;CHLAMYDIA TRACHOMATIS GENOMA;21631,3;;;;
9149;CHLAMYDIA TRACHOMATIS IgG;11288,98;;;;
9150;CHLAMYDIA TRACHOMATIS IgM;11288,98;;;;
9097;Ciclosporina;11513,81;;;;
9462;Cistesarcosis Ac.;21986,3;;;;
9955;Cistinemia suero;2780,83;;;;
9956;Cistinuria (cistina 24hs);2887,33;;;;
9323;CITOMEGALOVIRUS (GENOMA);106689,15;;;;
9322;CITOMEGALOVIRUS AG PP65;56906,4;;;;
9773;CITOMEGALOVIRUS CARGA VIRAL;132793,44;;;;
9063;CITOMEGALOVIRUS IgG;19039,8;;;;
9064;CITOMEGALOVIRUS IgM;19039,8;;;;
9774;Citraturia;3561,83;;;;
9327;CK - MB;15158,47;;;;
9136;CLONAZEPAN;16448,31;;;;
9472;Clostridium Difficile Toxina;26021,46;;;;
9481;Clozapina;20116,63;;;;
9775;Cobalto en orina;9419,32;;;;
9776;Cobalto en sangre;9419,32;;;;
9777;Cobre en orina;4188,99;;;;
172;Cobre en sangre;4188,99;;;;
9218;Cocaina en orina;8650,15;;;;
9590;Cofactor de Ristocetina;25642,79;;;;
9399;Colinesterasa eritrocitaria;6685,82;;;;
9273;Compeljo Inmunocirculante;14424,81;;;;
9932;Complemento C1 Inhibidor funcional;22471,46;;;;
9137;CORTISOL LIBRE URINARIO;8401,65;;;;
9324;CORTISOL PLASMATICO;6780,49;;;;
9779;Coxiela Burnetii  IGG;31878,95;;;;
9780;Coxiela Burnetii IGM;31878,95;;;;
9325;COXSAKIE VIRUS SCREENING B1 – B6 IgG;22909,29;;;;
9326;COXSAKIE VIRUS SCREENING B1 – B6 IgM;22909,29;;;;
9095;Crioaglutinina;2887,33;;;;
9781;CRIPTOCOCCUS NEOFORMANS AG;34186,44;;;;
9781;Criptococus Neoformans antigeno;19962,8;;;;
9782;Cromo en orina;7289,32;;;;
9783;Cromo en sangre;7289,32;;;;
9637;Cromogranina A;48055,09;;;;
9636;Cross Laps;16081,47;;;;
9144;Cryptosporidium;6378,16;;;;
9600;Cuantificacion Cadenas Livianas Kappa orina o suero;43025,93;;;;
9600;Cuantificacion Cadenas Livianas Lambda orina o suero;43025,93;;;;
9784;Dengue antigeno NS1;22388,63;;;;
9790;Dengue Genoma;52362,41;;;;
9855;Dengue IGG;14046,14;;;;
9856;Dengue IGM;14046,14;;;;
9263;Deoxipiridinolina urinaria;15099,31;;;;
9474;DHEA Dehidroandrostenediona;17430,47;;;;
9053;DHEA-S  Dehidroepiandrostenediona sulfato;5242,16;;;;
9791;Diazepam;6378,16;;;;
9001;DIFENILHIDANTOINA;9360,15;;;;
9152;DIGOXINA;10969,48;;;;
9280;DIMERO D;32269,45;;;;
9153;DOPAMINA PLASMATICA;15158,47;;;;
9154;DOPAMINA URINARIA;15158,47;;;;
9382;DOSAJE POBLACIONES LINFOCITARIAS (CD3-CD4-CD8-CD2-CD5-CD10-CD16/56-CD19-CD20-CD33-CD34);24849,96;;;;
9792;Electroforesis de hemoglobina;5159,32;;;;
9793;Entamoeba histolitica;9868,98;;;;
9850;Enterovirus GENOMA;52362,41;;;;
9157;ENZIMA CONVERTIDORA DE ANGIOTENSINA;52563,58;;;;
9331;EPSTEIN BARR CAPSIDE – VCA (IgG);11288,98;;;;
9332;EPSTEIN BARR CAPSIDE – VCA (IgM);11288,98;;;;
9334;EPSTEIN BARR NUCLEAR – EBNA IgG;11288,98;;;;
9335;EPSTEIN BARR NUCLEAR – EBNA IgM;11288,98;;;;
9336;EPSTEIN BARR TEMPRANO – EA IgG;11288,98;;;;
9337;EPSTEIN BARR TEMPRANO – EA IgM;11288,98;;;;
9330;EPSTEIN BARR VIRUS (GENOMA);137077,1;;;;
9083;ERITROPOYETINA;40316,1;;;;
9160;ESTRADIOL PLASMÁTICO LIBRE NO CONJUGADO;15158,47;;;;
9225;ESTRONA (RIE);15158,47;;;;
9338;EXUDADO DE FAUCES – TEST RAPIDO;15158,47;;;;
9264;Factor II coagulacion;9868,98;;;;
334;Factor IX coagulacion;9868,98;;;;
331;Factor V coagulacion comun;9868,98;;;;
9810;Factor V inhibidor;39535,1;;;;
9467;Factor V Leiden;28612,95;;;;
9857;Factor VI coagulacion;9868,98;;;;
332;Factor VII coagulacion;9868,98;;;;
333;Factor VIII coagulacion;9868,98;;;;
9391;Factor VIII inhibidor;39535,1;;;;
9266;factor Von Willebrand;37192,1;;;;
335;Factor X coagulacion;9868,98;;;;
9265;Factor XI coagulacion;9868,98;;;;
9858;Factor XII coagulacion;9868,98;;;;
9859;Factor XIII coagulacion;9868,98;;;;
9860;Fenilacetico Acido;9111,65;;;;
9249;FENILETILAMINA (FEA);24849,96;;;;
9005;FENOBARBITAL;7738,99;;;;
9164;FERRITINA;11288,98;;;;
9921;Fosfatasa alcalina leucocitaria;9336,48;;;;
9267;Fosfatasa Alcalina Osea;6449,16;;;;
9922;Fosfatasa alcalina prostatica;4780,66;;;;
9089;FRUCTOSAMINA;5821,99;;;;
9861;GALACTOSEMIA (PCR);236985,77;;;;
9862;Gliadina peptido deaminado;14341,98;;;;
9339;GONADOTROFINA CORIONICA SUB BETA CUALITATIVA;11288,98;;;;
9004;GONADOTROFINA CORIONICA SUB BETA CUANTITATIVA;11288,98;;;;
9000;HDL  COLESTEROL;3881,33;;;;
9231;HELICOBACTER PYLORI (IgG);13229,64;;;;
9220;HELICOBACTER PYLORI (IgA);13229,64;;;;
9480;HELICOBACTER PYLORI ( IGM);13229,64;;;;
9032;HEMOGLOBINA GLICOSILADA;5821,99;;;;
9340;HEPATITIS A ANTI C TOTALES (HAV – AC);7738,99;;;;
9755;HEPATITIS A IGG (HAV-IGG);9336,48;;;;
9014;HEPATITIS A IgM (HAV IgM);9360,15;;;;
9870;HEPATITIS B - test de resistencia;128225,78;;;;
9347;HEPATITIS B (GENOMA – PCR);76123,7;;;;
9342;HEPATITIS B ANTI E (HBe – AC);7360,32;;;;
9343;HEPATITIS B ANTI S (HBs – AC);7738,99;;;;
9345;HEPATITIS B ANTIGENO E (HBe – AG);12910,14;;;;
9344;HEPATITIS B ANTIGENO S (HBs – AG);3881,33;;;;
9346;HEPATITIS B CARGA VIRAL;141916,93;;;;
9871;HEPATITIS B CORE ANTI C TOTALES (HBc – AC);5821,99;;;;
9811;HEPATITIS B CORE IgM (HBc – IgM);11288,98;;;;
9351;HEPATITIS C (GENOMA PCR);76123,7;;;;
9352;HEPATITIS C (GENOTIPIFICACION);154815,24;;;;
9349;HEPATITIS C ANTIC. CONFIRMAT. (LIA / RIBA);91270,35;;;;
9348;HEPATITIS C ANTICUERPOS (HCB – AC);31938,11;;;;
9350;HEPATITIS C CARGA VIRAL;161252,56;;;;
9923;HEPATITIS C RNA CUALITATIVA;27701,79;;;;
9353;HEPATITIS DELTA ANTICUERPOS (HDV – AC);30316,95;;;;
9354;HEPATITIS E ANTICUERPOS HEV - AC;64574,39;;;;
9235;HEPATITIS GENOTIPIFICACION;125196,46;;;;
9872;HERPES 6 CARGA VIRAL;95613,17;;;;
9873;HERPES 6 GENOMA;62988,73;;;;
9874;HERPES 6 IGG;31878,95;;;;
9875;HERPES 6 IGM;31878,95;;;;
9876;HERPES 8 GENOMA;72088,54;;;;
9880;Herpes I-II en LCR;28009,45;;;;
9171;HERPES SIMPLE I (IgG);11288,98;;;;
9355;HERPES SIMPLE I y II (ANTIGENO);30316,95;;;;
9356;HERPES SIMPLE I y II (GENOMA);137077,1;;;;
9845;HERPES SIMPLE I y II (IgM);11288,98;;;;
9173;HERPES SIMPLE II (IgG);11288,98;;;;
9299;HIDATIDOSIS (ELISA);28388,12;;;;
9298;HIDATIDOSIS (IFI);7738,99;;;;
9881;Histoplasma Capsulatum;10330,48;;;;
9699;HIV (ANTICUERPOS – WESTERN BLOD);72573,71;;;;
9555;HIV CARGA VIRAL;137077,1;;;;
9882;HIV DNA PROVIRAL;37192,1;;;;
9885;HIV en LCR;2520,5;;;;
9358;HIV GENOMA PCR;72573,71;;;;
7904;HLA B 5701 TEST DE ABACAVIR;84312,36;;;;
9232;HLA B27 PCR;29606,95;;;;
9702;HLA CLASE 1 LCOUS AB;100926,33;;;;
9703;HLA CLASE 1 LOCUS A;47806,59;;;;
9701;HLA CLASE 1 LOCUS B;67544,55;;;;
9890;HLA CLASE I Y II dosaje de anticuerpos;161998,06;;;;
9907;HLA DQ o clase II;47806,59;;;;
9905;HLA DR o clase II;47806,59;;;;
9704;HLA LOCUS C;111162,15;;;;
9463;Homo vainillin;5324,99;;;;
9104;Homocisteina en orina;11324,48;;;;
9891;Homocisteina en sangre;8650,15;;;;
9432;Hormona antidiuretica;34150,94;;;;
9670;Hormona Antimulleriana;42493,43;;;;
9892;HPV deteccion y tipificacion;40458,1;;;;
9091;HTLV 1;13052,14;;;;
9893;HTLV I;17465,97;;;;
1687;HTLV I y II;49321,25;;;;
9031;IgA SECRETORIA;5490,66;;;;
9177;IgE (RAST) ESPECIFICA (CADA ALERGENO );8721,15;;;;
9894;IgF BP3;20779,3;;;;
9360;IgG SUBCLASE 1 – 2 – 3- 4;137077,1;;;;
9693;IL 28B;86477,85;;;;
9847;Imipramina;10105,65;;;;
9077;INFLUENZA A ANTIGENO;19039,8;;;;
6077;INFLUENZA A H1N1 gen  M2 y SWH1;36422,94;;;;
9361;INFLUENZA A IgG;15158,47;;;;
9362;INFLUENZA A IgM;15158,47;;;;
9082;INFLUENZA B ANTIGENO;19039,8;;;;
9363;INFLUENZA B IgG;15158,47;;;;
9364;INFLUENZA B IgM;15158,47;;;;
9669;Inhibina B;38067,77;;;;
9384;Inmunoelectroforesis en orina;6910,65;;;;
9915;Inmunofenotipo en leucemias;102440,99;;;;
9477;Inmunofijacion en orina;12448,65;;;;
9908;Inmunofijacion en suero;12448,65;;;;
9848;Isospora buqueda;9265,48;;;;
9468;Jack 2 deteccion de mutacion;75567,54;;;;
9889;JC Virus GENOMA;48883,42;;;;
9926;KPTT correcion con plasma;2745,33;;;;
9987;Lamotrigina Dosaje en sangre;9868,98;;;;
9002;LDL COLESTEROL;3881,33;;;;
9849;Legionella Pneumophila antigeno;10945,81;;;;
9920;Legionella Pneumophila IGG;12602,48;;;;
9807;Leishmania IGG;13430,81;;;;
9820;Leptospira Interrogans IGG;14424,81;;;;
9808;Leptospira Interrogans IGM;14424,81;;;;
9863;Levatiracetam;28246,12;;;;
9821;Lipoproteina A (LPA);9265,48;;;;
9822;Lorazepam;14128,98;;;;
9823;Metadona (cualitativo);22637,13;;;;
9824;Metahemoglobina;3656,49;;;;
9785;Metanefrina en orina;10034,65;;;;
9825;Metanefrina en sangre;10034,65;;;;
9826;MHTP;8022,99;;;;
9827;Mioglobina en orina;10851,15;;;;
9828;Mioglobina en sangre;10851,15;;;;
9185;MOPEG;13229,64;;;;
9798;Morfina (cualitativo);21938,96;;;;
9829;Mycobacterias tuberculosis PCR (genotificacion);29985,62;;;;
9900;Mycobacterium tuberculosis (GENOMA);33168,78;;;;
9024;MYCOPLASMA HOMINIS ANTIGENO;26766,95;;;;
9183;MYCOPLASMA PNEUMONIAE IgG;15170,31;;;;
9184;MYCOPLASMA PNEUMONIAE IgM;15158,47;;;;
9910;Niquel en orina;9868,98;;;;
9911;Niquel en sangre;9868,98;;;;
9796;Opiaceos en orina;7147,32;;;;
9244;Osmolaridad Plasmatica;7147,32;;;;
9245;Osmolaridad Urinaria;7147,32;;;;
9034;OSTEOCALCINIA (RIE);75046,87;;;;
9450;Oxaluria 24hs;3561,83;;;;
9912;Oxicarbamazepina;4106,16;;;;
9187;PARAINFLUENZA 1 Ag;17430,47;;;;
9365;PARAINFLUENZA 1 IgG - IgM;15158,47;;;;
9189;PARAINFLUENZA 2 Ag;17430,47;;;;
9366;PARAINFLUENZA 2 IgG - IgM;15158,47;;;;
9191;PARAINFLUENZA 3 Ag;17430,47;;;;
9383;PARAINFLUENZA 3 IgG - IgM;15158,47;;;;
9192;PARASITOLOGICO EN MATERIA FECAL (BALLINGER);6165,16;;;;
9269;PAROTIDITIS IgG ;32269,45;;;;
9270;PAROTIDITIS IgM;32269,45;;;;
9927;Parvovirus GENOMA;52362,41;;;;
9928;Parvovirus IGG;25051,12;;;;
9929;Parvovirus IGM;25051,12;;;;
9741;PCR-RT COVID-19;95660,5;;;;
9560;Peptido C;6165,16;;;;
9913;Piridinolina;9868,98;;;;
749;Plomo en orina;8496,32;;;;
9219;Plomo en sangre;8496,32;;;;
9296;PNEUMOCISTIS CARINII antigeno;27429,62;;;;
9930;PNH Hemoglobinuria paroxistica nocturna;53060,58;;;;
9778;Porfirinas plasmaticas;9265,48;;;;
9831;Porfirinas totales en materia fecal;20187,63;;;;
9832;Porfirinas totales urinarias;10780,15;;;;
9482;Procalcitonina;30139,45;;;;
344;Productos de degradacion de la fibrina;42954,93;;;;
9548;Proteina C;22696,29;;;;
9833;Proteina C activa resistencia;23252,46;;;;
9549;Proteina S;24057,13;;;;
9834;Protoporfirina eritrocitaria;18306,14;;;;
9582;Protrombina 20210;31358,28;;;;
772;Pseudocolinesterasa;2662,5;;;;
9835;Renina en orina;5786,49;;;;
9236;Rotavirus antigeno;10330,48;;;;
9041;RUBEOLA IgG;9360,15;;;;
9042;RUBEOLA IgM;9336,48;;;;
9836;Salicilemia;4461,16;;;;
9410;SARAMPION  IgG;22577,96;;;;
9411;SARAMPION  IgM;22637,13;;;;
9837;Selenio en orina;9419,32;;;;
9602;Selenio en sangre;9419,32;;;;
9838;Serologia para Criptococo;14531,31;;;;
9707;Serotonina plaquetaria;7454,99;;;;
9715;SEROTONINA PLASMÁTICA (50H – TRIPTAMINA);11288,98;;;;
9242;Serotonina urinaria;7147,32;;;;
9839;Sirolimus;27997,62;;;;
9237;Somatomedina;11537,48;;;;
9098;Talio en orina;7525,99;;;;
9931;Talio en sangre;7525,99;;;;
9469;Telopeptido N Terminal;27027,29;;;;
9367;TEOFILINA (RIE);16140,64;;;;
9458;Test de Resistencia a HIV1;148803,92;;;;
9368;TESTOSTERONA BIODISPONIBLE;15158,47;;;;
9022;TESTOSTERONA LIBRE (RIE);21938,96;;;;
9209;TIROGLOBULINA;21938,96;;;;
9840;TIROXINA LIBRE T3;24672,46;;;;
9210;TIROXINA LIBRE T4;24672,46;;;;
9211;TOXOCARA CANIS;88690,68;;;;
9227;TOXOCARA IGG;18211,47;;;;
9499;TOXOCARA IGM;18211,47;;;;
9369;TOXOPLASMA GONDII (GENOMA);137077,1;;;;
9370;TOXOPLASMA GONDII IgA;8070,32;;;;
9371;TOXOPLASMA GONDII IgG (ELISA);4520,33;;;;
9372;TOXOPLASMA GONDII IgG (HAI);6141,49;;;;
9373;TOXOPLASMA GONDII IgG (IFI);4520,33;;;;
6082;TOXOPLASMA GONDII IgM;4520,33;;;;
9841;Toxoplasmosis test de avidez;14199,98;;;;
9842;TP correccion con plasma normal;2508,66;;;;
9764;Tracolimus;25500,79;;;;
9843;Treponema Pallidum;4946,32;;;;
9282;Trichinella Spiralis IGG;16850,64;;;;
9934;Trichinella Spiralis IGM;16850,64;;;;
9276;TROPONINA I;22909,29;;;;
9935;Trptofano plasmatico;16850,64;;;;
9061;UREAPLASMA UREALYTICUM Ag;30316,95;;;;
9080;Valproato;2319,33;;;;
9109;Vancomicina en Sangre;17300,3;;;;
9936;Varicela Zooster en LCR;28009,45;;;;
6083;VARICELA ZOZTER Ag;15158,47;;;;
9375;VARICELA ZOZTER GENOMA;137077,1;;;;
9240;VARICELA ZOSTER IgG                                                                                                                                                                                     ;9360,15;;;;
9241;VARICELA ZOSTER IgM                                                                                                                                                                                     ;9360,15;;;;
9376;VIRUS SINCICIAL IgG - IgM;9360,15;;;;
9074;VIRUS SINCICIAL RESPIRATORIO Ag;22909,29;;;;
9284;VITAMINA A (RETINOL);39996,6;;;;
9377;VITAMINA B1 (TIAMINA);40316,1;;;;
9216;VITAMINA B12 (CIANOCOBALAMINA);9691,48;;;;
9378;VITAMINA B6 (PIRIDOXINA);40316,1;;;;
9285;VITAMINA C (ACIDO ASCÓRBICO);38067,77;;;;
9217;VITAMINA D (25 OH D3);34186,44;;;;
9379;VITAMINA E (ALFA – TOCOFEROL);38067,77;;;;
9380;VLDL COLESTEROL;3881,33;;;;
9846;Voriconazol;44469,59;;;;
9222;Zinc en sangre;6236,16;;;;
