codigo_c;PRESTACIONES ;valor;codigo;Nomenclador;Clasificación;Coseguro
420101;CONSULTAS MEDICA/ TELEMEDICINA;26483;420101;NN;BAJA;20000
427101;CONSULTA GUARDIA ADULTOS;34272;425020;N OSMISS;BAJA;20000
435039;MODULO DE OBSERVACION HASTA 3 HORAS;132414;425029;N OSMISS;ALTA;20000
435038;MODULO DE OBSERVACION HASTA 6 HORAS;147992;425028;N OSMISS;ALTA;0
435103;MODULO DE OBSERVACION HASTA 12 HORAS  ;163570;405026;N OSMISS;ALTA;0
990001;MEDICACION  ;1;990001;N OSMISS;MEDIA;0
990002;DESCARTABLES;1;990002;N OSMISS;MEDIA;0
130110;SUTURA EN GUARDIA 1 AL 7;149550;130110;NN;MEDIA;15000
130111;SUTURA EN GUARDIA 7 AL 15;183822;128048;N OSMISS;MEDIA;15000
669999;PCR COVID 19;77891;663978;NBU;MEDIA;0
257119;FISIOKINESIOTERAPIA X SESION;23367;250101;NN;MEDIA;10000
257116;FISIOKINESIOTERAPIA COMPLEJA (LASER-MAGNETOTERAPIA ETC.);29598;255005;N OSMISS;MEDIA;10000
150405;PAP Y COLPO;62313;425038;NN;BAJA;20000
220108;CEPILLADO ENDOCERVICAL 22.01.08;115278;225004;N OSMISS;MEDIA;15000
110215;BIOPSIA CUELLO UTERINO / POLIPO ENDOCERVICAL;56081;110215;NN;MEDIA;15000
110311;BIOPSIA DE VULVA /ESCISION DE LESION DE PIEL DE VULVA;56081;110311;NN;MEDIA;15000
110315;DRENAJE GL BARTHOLINO;56081;110315;NN;MEDIA;15000
115009;EXTRACCION DE DIU;65428;225003;N OSMISS;MEDIA;15000
110217;COLOCACION DE DIU   - AMBULATORIO;115278;110217;NN;BAJA;10000
170101;ELECTROCARDIOGRAMA - ECG;24146;170101;NN;BAJA;10000
180103;ECOCARDIOGRAMA 2 D;77891;180103;NN;MEDIA;15000
170111;ERGOMETRIAS ADULTOS;75554;170111;NN;MEDIA;15000
170104;HOLTER ADULTOS;118394;170118;NN;MEDIA;15000
170214;PRESUROMETRIA;118394;175013;N OSMISS;MEDIA;15000
75111;CONTROL DE MARCAPASO;118394;175017;N OSMISS;MEDIA;15000
75110;CONTROL DE CARDIODESFIBRILADOR;132414;175016;N OSMISS;MEDIA;15000
185112;ECO-ESTRES CON ESFUERZO;141761;185004;N OSMISS;MEDIA;15000
280102;ESPIROMETRIA COMPUTARIZADA;101258;285028;N OSMISS;MEDIA;15000
289006;FIBROBRONCOSCOPIA;1012578;280106;NN;ALTA;20000
130106;ELECTROCOAGULACION - HASTA 5 - CORRESPONDE A PAPILOMAS, VERRUGAS VULGARES, VERRUGAS, PLANAS, VERRUGAS GENITALES, ETC.;50629;130106;NN;MEDIA;15000
130107;ELECTROCOAGULACION - MAS DE 5 - CORRESPONDE A PAPILOMAS, VERRUGAS VULGARES, VERRUGAS, PLANAS, VERRUGAS GENITALES, ETC.;78046;130107;NN;MEDIA;15000
130108;BIOPSIA;113720;130108;NN;MEDIA;15000
130403;TOPICACION - HASTA 5 - CORRESPONDE A LENTIGOS, QUERATOSIS ACTÍNICAS, ETC.;29754;138004;N OSMISS;MEDIA;15000
130415;TOPICACION - MAS DE 5 - CORRESPONDE A LENTIGOS, QUERATOSIS ACTÍNICAS, ETC.;34428;138009;N OSMISS;MEDIA;15000
130117;EXTRACCION QUISTES MULIUM Y/O NODULOS  CONTAGIOSOS - HASTA 5;45800;138010;N OSMISS;MEDIA;15000
130118;EXTRACCION QUISTES MULIUM Y/O NODULOS  CONTAGIOSOS - MAS DE 5;68232;138015;N OSMISS;MEDIA;15000
130104;EXTIRPACION NEVO - EN CONSULTORIO;87238;130104;NN;MEDIA;15000
139906;CRIOCIRUGIA;233672;138018;N OSMISS;MEDIA;15000
250104;FONIATRIA;54523;250104;NN;MEDIA;10000
290258;POTENCIALES EVOCADOS;107489;295060;N OSMISS;ALTA;20000
310102;AUDIOMETRIA;23367;310102;NN;BAJA;10000
310103;LOGOAUDIOMETRIA;23367;310103;NN;BAJA;10000
310104;SELECCIÓN DE AUDIFONOS;54523;310105;NN;BAJA;10000
310109;IMPEDANCIOMETRIA;23367;310109;NN;BAJA;10000
315014;ACUFENOMETRIA;23367;315001;N OSMISS;MEDIA;15000
310115;CAUTERIZACION NASAL-CONSULTORIO;112163;310115;NN;BAJA;10000
310122;OTOMICROSCOPIA;37388;310122;NN;BAJA;10000
310123;BIOPSIA DE OIDO-NARIZ CAVIDAD ORAL-CONSULTORIO;149550;30413;NN;BAJA;10000
310124;RINOFIBROBRONCOSCOPIA;112163;315019;N OSMISS;ALTA;20000
310127;TIMPANOMETRIA;23367;315006;N OSMISS;MEDIA;15000
310131;VIDEONISTAGMOGRAFIA;112163;315018;N OSMISS;MEDIA;15000
315008;ELECTROCOCLEOGRAFIA;81006;315010;N OSMISS;MEDIA;15000
317129;OTOEMISIONES ACUSTICAS;46734;315013;N OSMISS;MEDIA;15000
240104;UNIDAD DE GR;233672;240104;NN;ALTA;0
240107;PLAQUETAS;233672;240107;NN;ALTA;0
240173;IRRADIACION;155999;245016;N OSMISS;ALTA;0
380301;SESION  DE QUIMIOTERAPIA;308447;355001;N OSMISS;ALTA;0
207604;VEDA DIAGNOSTICA;420610;205024;N OSMISS;ALTA;0
207603;VCC DIAGNOSTICA;524983;205026;N OSMISS;ALTA;20000
207619;VEDA + VCC DIAGNOSTICA;850254;205060;N OSMISS;ALTA;20000
209057;MUCOSECTOMÍA COLÓNICA;705689;205020;N OSMISS;ALTA;20000
200157;VEDA TERAPEUTICA;498500;205025;N OSMISS;ALTA;20000
207610;VCC TERAPEUTICA;701016;205027;N OSMISS;ALTA;20000
200126;RECTOSIGMOIDOSCOPIA;501616;200126;NN;ALTA;20000
165031;BLOQUEO PERIFERICO;1121625;18009;N OSMISS;ALTA;20000
165032;BLOQUEO COLUMNA;1682438;18007;N OSMISS;ALTA;20000
150104;AP POR CONGELACIÓN;194727;150104;NN;MEDIA;15000
133006;MODULO DE CONTROL Y/O REPROGRAMACION DE MARCAPASO, CARDIODESFIBRILADOR, RESINCRONIZADOR;38245;175004;N OSMISS;MEDIA;15000
133012;MODULO A DE COLOCACION DE MARCAPASOS;1092727;70103;NN;ALTA;0
133013;MODULO B DE COLOCACION DE MARCAPASOS;1229318;70104;NN;ALTA;0
133014;MODULO C DE COLOCACION DE MARCAPASOS;1639090;78142;NN;ALTA;0
133015;MODULO D DE COLOCACION DE MARCAPASOS;2458635;78143;N OSMISS;ALTA;0
133016;MODULO E DE COLOCACION DE MARCAPASOS;2048863;78149;N OSMISS;ALTA;0
134011;MODULO DE ESTUDIO ELECTROFISIOLOGICO DIAGNOSTICO;956136;78145;N OSMISS;ALTA;0
134012;MODULO DE ABLACION CON  MAPEO ELECTROANATOMICO POR RADIO FRECUENCIA;7512497;78182;N OSMISS;ALTA;0
134013;MODULO DE CRIOABLACION DE ARRITMIAS EN GENERAL;7512497;78165;N OSMISS;ALTA;0
134014;MODULO DE CRIOABLACION DE FIBRILACION AURICULAR;7512497;78165;N OSMISS;ALTA;0
134015;MODULO DE ABLACION SIMPLE POR RADIOFRECUENCIA;3004999;78101;N OSMISS;ALTA;0
134016;MODULO DE ABLACION POR RADIOFRECUENCIA CON ABORDAJE TRANSEPTAL;3278180;78102;N OSMISS;ALTA;0
340101;RADIOSCOPIA SIMPLE-COMO UNICO ESTUDIO. A;146803;340101;NN;ALTA;20000
340102;RADIOSCOP.C/INTENSIF.IMAG-AGR.COD.CORR.D;146803;340102;NN;ALTA;20000
340103;RADIOSC.C/CIRC.CERR.TV-AGR.COD.CORRESP.D;146803;340103;NN;ALTA;20000
340201;RADIOG.CRANEO,CARA,SEN.PARAN.O CAVUN,P.E;146803;340201;NN;ALTA;20000
340202;POR EXPOSICION SUBSIGUIENTE. B;146803;340202;NN;ALTA;20000
340203;HUESO TEMP.O AGUJ.OPTIC,COMPAR,P/INC. B.;146803;340203;NN;ALTA;20000
340204;ARTIC.TEMPOR,3 POSIC,COMPARATIVAS. B;146803;340204;NN;ALTA;20000
340205;ORTOPANT-RADIOG.PANOR.CRENEO O CARA I.;146803;340205;NN;ALTA;20000
340206;POR EXPOSICION SUBSIGUIENTE I.;146803;340206;NN;ALTA;20000
340207;TELERR.CRANEO Y/O PERF.FAC.C/CEFAL.1A. G;146803;340207;NN;ALTA;20000
340208;POR EXPOSICION SUBSIGUIENTE;146803;340208;NN;ALTA;20000
340209;RADIOG.RAQUIS-COLUMNA-PRIM.EXPOS. B;146803;340209;NN;ALTA;20000
340210;POR EXPOSICION SUBSIGUIENTE. B;146803;340210;NN;ALTA;20000
340211;RADIOG.HOMBRO,HUMERO,PELVIS,CAD.Y FEMUR;146803;340211;NN;ALTA;20000
340212;POR EXPOSICION SUBSIGUIENTE. A;146803;340212;NN;ALTA;20000
340213;RADIOG.CODO,ANTEB,MU#ECA,MANO,DEDOS,ROD.;146803;340213;NN;ALTA;20000
340214;MEDIC.COMPAR.MIEMB.INFER.-ORTORR.P/EST.B;146803;340214;NN;ALTA;20000
340215;RADIOGRAFIA AMPLIADA O MACRORRADIOGRAF.A;146803;340215;NN;ALTA;20000
340216;ARTROGRAFIA -S/HORAR.ESPEC-1A.EXPOSIC. A;146803;340216;NN;ALTA;20000
340217;POR EXPOSICION SUBSIGUIENTE. A;146803;340217;NN;ALTA;20000
340218;UNICA PLACA -APICAL-. A;146803;340218;NN;ALTA;20000
340219;UNA PLACA -OCLUSAL-.A;146803;340219;NN;ALTA;20000
340220;SEMISERIADA HASTA 7 -SIETE- PLACAS. A;146803;340220;NN;ALTA;20000
340221;SERIADA DE 7-SIET-A 14-CATORCE-PLACAS. A;146803;340221;NN;ALTA;20000
340222;ESPINOGRAFIA;146803;340222;NN;ALTA;20000
340301;RAD.O TELER.TORAX.C/S.TRAZ.DIAM.CARDIAC.;146803;340301;NN;ALTA;20000
340302;POR EXPOSICION SUBSIGUIENTE. A;146803;340302;NN;ALTA;20000
340303;BRONCOGRAF-S/ENDOSC,S/ANEST.GRAL,C.PULM.;146803;340303;NN;ALTA;20000
340304;NEUMOMEDIAST..FRENTE Y PERF.-S/HS.ESP. B;146803;340304;NN;ALTA;20000
340401;SIALOG,P/GLAND.LADO.P/EST.C/MIN.3PLAC. B;146803;340401;NN;ALTA;20000
340402;ESOF,EST.RAD.SER-C/MIN.DOS PLAC.CUAT.EXP;146803;340402;NN;ALTA;20000
340403;ESTOM.Y DUOD,EST.SER-MIN.10 EXP.P/EST. C;146803;340403;NN;ALTA;20000
340404;ESTOM.Y DUOD.C/TENC.DOBL.CONTR-MIN.12EXP;146803;340404;NN;ALTA;20000
340405;EST.SER.ESOFAG-MIN.12 EXPOS.-POR ESTUDIO;146803;340405;NN;ALTA;20000
340406;DUODEN.HIPOTON-MIN.4 PLAC.P/EST.INC.SOND;146803;340406;NN;ALTA;20000
340407;TRANS.INTEST.DELG.O COLON-MIN.3 PLAC.P/E;146803;340407;NN;ALTA;20000
340408;ESTUD.RADIOLOG.SER.ILEOCEC-MIN.2 PLACAS;146803;340408;NN;ALTA;20000
340409;COLON P/ENEMA Y EVAC-MIN.3 PLAC.P/ESTUD.;146803;340409;NN;ALTA;20000
340410;COLON P/ENEMA Y EVAC-MIN.5 PLAC.P/ESTUD.;146803;340410;NN;ALTA;20000
340411;COLON P/ENEMA,EVAC,E INSUF,TECN.FISHER;146803;340411;NN;ALTA;20000
340412;COLON P/ENEMA,EVAC.Y DOBLE CONTR.MIN.8PL;146803;340412;NN;ALTA;20000
340413;COLECIST.ORAL,INCL.PRUEBA EVAC-MIN.3PLAC;146803;340413;NN;ALTA;20000
340414;COLECISTOG.ENDOVEN,INCL.PRUEBA EVAC.5PL.;146803;340414;NN;ALTA;20000
340415;COLANGIOG.ENDOV-MIN 5 PLAC-P/ESTUDIO. B;146803;340415;NN;ALTA;20000
340416;COLANGIOGRAFIA OPERATORIA-PRIM.PLACA-A*;146803;340416;NN;ALTA;20000
340417;COLANGIOG.OPERAT,P/CADA PLAC.SUBSIG.A*;146803;340417;NN;ALTA;20000
340418;FISTULOCOLAG,COLANGIOG.POSTOP,MIN.3 PLAC;146803;340418;NN;ALTA;20000
340419;COLANGIOG.RETROG.P/FIBROSC.-MIN.3 PLACAS;146803;340419;NN;ALTA;20000
340420;NEUMOPERITON,RETRONEUM,UNI O BILAT.3 PLC;146803;340420;NN;ALTA;20000
340421;RADIOG.SIMPLE ABDOMEN., PRIM.EXPOSICION;146803;340421;NN;ALTA;20000
340422;POR EXPOSICION SUBSIGUIENTE A*;146803;340422;NN;ALTA;20000
340501;RADIOGRAFIA SIMPLE DE ARBOL URINARIO;146803;340501;NN;ALTA;20000
340502;UROGRAMA EXCR.PIELOG.DESC.MIN.3 PL.P/EST;146803;340502;NN;ALTA;20000
340503;UROGRAMA EXC.C/EST.VESIC,PRE Y POST MICC;146803;340503;NN;ALTA;20000
340504;UROGRAMA MINUT.O P/GOTEO,PIEL.P/PERFUS.;146803;340504;NN;ALTA;20000
340505;PIELOG.ASC-S/HS.ESPEC.-PRIMERA PLACA. B;146803;340505;NN;ALTA;20000
340506;POR EXPOSICION SUBSIGUIENTE. B;146803;340506;NN;ALTA;20000
340507;CISTOURECTROG.MICC.CISTOUR.ASC.MIN.2 PL.;146803;340507;NN;ALTA;20000
340508;CISTOURETROG.P/EST.INCONT.P/DET.REFLUJO;146803;340508;NN;ALTA;20000
340601;MAMOGRAGIA-SENOG-UNIC.C/MAMOG.ORIGINAL;146803;340601;NN;ALTA;20000
340602;MAMOGRAFIA, PROY,AXILAR-UNIC.C/MAM.ORIG.;146803;340602;NN;ALTA;20000
340603;GALACTOGRAF.C/S.MAMOG-P/LAD,2 EXP.P/EST.;146803;340603;NN;ALTA;20000
340604;HISTEROSALPING.C/PRUEBA DE COTTE S/HONOR;146803;340604;NN;ALTA;20000
340605;PELVINEUM,SIN HS.ESPEC,.MIN.3PL.P/ESTUD.;146803;340605;NN;ALTA;20000
340606;GINECOG.S/HS.ESPEC.-MIN.6PLAC-P/ESTUD. C;146803;340606;NN;ALTA;20000
340607;PELVIMETRIA RADIOL-MIN.2 PL-P/ESTUD. B;146803;340607;NN;ALTA;20000
340608;RADIOGRAF.EMBARAZO-DIRECTA DE ABDOMEN-.C;146803;340608;NN;ALTA;20000
340609;TERMOGRAFIA MAMARIA UNI O BILATERAL;146803;340609;NN;ALTA;20000
340610;MARCACION RADIOQUIRURGICA DE TUMOR;146803;340610;NN;ALTA;20000
340621;TERMOGRAFIA MAMARIA UNI O BILATERAL;146803;340621;NN;ALTA;20000
340622;ANGIOTERMOGRAFIA MAMARIA;146803;340622;NN;ALTA;20000
340664;TELETERMOGRAFIA MAMARIA;146803;340664;NN;ALTA;20000
340665;XEROMAMOGRAFIA;146803;340665;NN;ALTA;20000
340666;XEROMAMOGRAFIA C/PROYECCION AXILAR;146803;340666;NN;ALTA;20000
340701;SINUSOGRAF.P/CATET-MIN 6 PLAC-P/ESTUD. D;146803;340701;NN;ALTA;20000
340702;VENTRICULOG.P/INY.MED.CONTR.LIQ.O GASEOS;146803;340702;NN;ALTA;20000
340703;ARTERIOG.CEREB.P/CATET-MIN.6PL-P/ESTUD.D;146803;340703;NN;ALTA;20000
340704;ARTERIOG.CAROT.O VERTEB-P/PUNC.DIR-M.4PL;146803;340704;NN;ALTA;20000
340705;NEUMOENCEFALOV.FRACC,CISTERN,MIN.8PL.P/E;146803;340705;NN;ALTA;20000
340706;MIELOGRAFIA ASCEND.O DESC.CISTERN.RADIC.;146803;340706;NN;ALTA;20000
340707;DISCOGRAFIA.NEUROG.EPIDUR.MIN.2PL.P/EST.;146803;340707;NN;ALTA;20000
340801;CONTROL RADIOSC.P/COL.MARC.TRANS.C/ELECT;146803;340801;NN;ALTA;20000
340802;CONTROL RADIOSC.P/COLOC.MARC.DEFIN.C/EL.;146803;340802;NN;ALTA;20000
340803;CONTROL RADIOSC.P/CATET.DERECHO Y/O IZQ.;146803;340803;NN;ALTA;20000
340804;CARDIOG.O ANGIOCARD-MIN.6PL.O 15M.PELIC.;146803;340804;NN;ALTA;20000
340805;CORONORAG,INCL.VENTRIC.-MIN.45M.PELICULA;146803;340805;NN;ALTA;20000
340806;INVESTIG.FISTULAS VASCUL.PULMON,MIN.12PL;146803;340806;NN;ALTA;20000
340807;PANARTERIOG.CAYADO AORTICO Y VASOS CUELL;146803;340807;NN;ALTA;20000
340808;AORTOGRAF.P/PUNC.LUMBAR,PRIM.EXPOSICION;146803;340808;NN;ALTA;20000
340809;AORTOGRAFIA P/PUNC.LUMBAR,P/C.EXP.SUBSIG;146803;340809;NN;ALTA;20000
340810;ARTERIOG.ARTERIAS MEDUL.Y/O INTERCOSTAL.;146803;340810;NN;ALTA;20000
340811;ARTERIOGRAF.SELECT.RAMAS AORTA ABD.6PLAC;146803;340811;NN;ALTA;20000
340812;ARTERIOG.PERIF.MIEMB.P/PUNC.PRIM.EXPOSIC;146803;340812;NN;ALTA;20000
340813;ARTERIOG.PERIF.MIEMB.P/PUNC.CADA EXPOSIC;146803;340813;NN;ALTA;20000
340814;CAVOGRAFIA -PRIMERA EXPOSICION-;146803;340814;NN;ALTA;20000
340815;CAVOGRAFIA -P/CADA EXPOS.SUBS.HAST.4 EXP;146803;340815;NN;ALTA;20000
340816;ESPLENOPORTOGRAFIA P/PUNCION ESPLENICA;146803;340816;NN;ALTA;20000
340817;ESPLENOPORTOG.P/EXPOS.SUBS.Y HA.4 EXPOS.;146803;340817;NN;ALTA;20000
340818;FLEBOGRAFIA SELECT.AFLUENTES ABD.O TORAX;146803;340818;NN;ALTA;20000
340819;FLEBOLOG.SELECT.AFLUENT.ABD.O TOR.V.CAVA;146803;340819;NN;ALTA;20000
340820;FLEBOLOG.MIEMB.SUP.O INF.PRIM.EXPOSICION;146803;340820;NN;ALTA;20000
340821;FLEBOG.MIEMB.SUP.O INF.P/C.EXP.SUBSIGTE.;146803;340821;NN;ALTA;20000
340822;LINFOGRAFIA POR EXPOSICION;146803;340822;NN;ALTA;20000
340901;TOMOGRAFIA LINEAL,CUALQ.SEA ZONA O SIST.;146803;340901;NN;ALTA;20000
340902;TOMOGRAFIA HIPOCICLOIDAL,POLIT.P/ESTUDIO;146803;340902;NN;ALTA;20000
340903;FISTULOGRAF,EST.COMPL-MIN.2PL.-P/ESTUDIO;146803;340903;NN;ALTA;20000
340904;DACRIOCISTOG.-MIN.3 PL.P/EST-S/HS.ESPEC.;146803;340904;NN;ALTA;20000
340905;RADIOGRAF.QUIROF.O HABIT..CUALQ.SEA EST.;146803;340905;NN;ALTA;20000
340906;RADIOG.QUIROF.O HABIT,EXPOS.SUBS.C/UNA;146803;340906;NN;ALTA;20000
340907;RADIOSC.QUIR.C/AMPLIF.IMAG.Y TV.P/ESTUD.;146803;340907;NN;ALTA;20000
340908;RADIOG.A DOMIC.-RAD.URB-CUALQ.FUERE EST.;146803;340908;NN;ALTA;20000
340909;RADIOG.A DOMIC-RAD.URB-EXPOS.SUBS.P/C/U.;146803;340909;NN;ALTA;20000
340920;MATERIAL DE CONTRASTE;146803;340920;NN;ALTA;20000
341001;T.A.C. CEREBRAL. I;146803;341001;NN;ALTA;20000
341002;T.A.C. CEREBRAL REFORZADA. I;146803;341002;NN;ALTA;20000
341003;T.A.C. CEREBRAL DE CONTROL. I;146803;341003;NN;ALTA;20000
341004;T.A.C. OFTALMOLOGICA. I;146803;341004;NN;ALTA;20000
341005;T.A.C. TIROIDEA. I;146803;341005;NN;ALTA;20000
341006;T.A.C. MAMARIA. I;146803;341006;NN;ALTA;20000
341007;T.A.C. GINECOLOGICA. I;146803;341007;NN;ALTA;20000
341008;T.A.C. COMPLETA DE ABDOMEN. I;146803;341008;NN;ALTA;20000
341009;T.A.C. HEPATOBILIAR,ESPL,PANCR,SUPRARR.;146803;341009;NN;ALTA;20000
341010;T.A.C. TORACICA;146803;341010;NN;ALTA;20000
341011;T.A.C. VEJIGA Y PROSTATA;146803;341011;NN;ALTA;20000
341012;T.A.C. DE OTROS ORGANOS O REGIONES;146803;341012;NN;ALTA;20000
341013;T.A.C. DE COLUMNA;146803;341013;NN;ALTA;20000
345734;ANGIOTCMS CON CONTRASTE 1 REGION;185100;346147;N OSMISS;ALTA;20000
345208;TCMS C/RECONS 3D SIN CONT 1RA REG;185100;346322;N OSMISS;ALTA;20000
342000;RMN 1RA REGIÓN;208078;346321;N OSMISS;ALTA;20000
345639;RMN REGIÓN SUBSIGUIENTE;153186;346256;N OSMISS;ALTA;20000
342037;ANGIO RMN;293607;346281;N OSMISS;ALTA;20000
345643;RMN 3D OIDO-COND AUDI A. RESOLUC;312755;346132;N OSMISS;ALTA;20000
345651;COLANGIORESONANCIA;497855;346308;N OSMISS;ALTA;20000
342050;URO/GINECO RESONANCIA SIN CTE;293607;346321;N OSMISS;ALTA;20000
355662;RMN CEREBRO CON DIFUSION;293607;346200;N OSMISS;ALTA;20000
342061;URO/GINECO RESONANCIA C/CTE IV Y CON GEL INTRAVAGINAL Y RECTAL;293607;346321;N OSMISS;ALTA;20000
342059;URO/GINECO RESONANCIA C/CTE EV;293607;346321;N OSMISS;ALTA;20000
180104;ECOGRAFIA TOCOGINECOL.;38297;180104;NN;BAJA;10000
180106;ECOGRAFIA.MAMARIA UNI/BIL;38297;180106;NN;BAJA;10000
180107;ECOGRAFIA CEREB.C/B A;38297;180107;NN;BAJA;10000
180110;ECOGRAFIA TIROIDEA;38297;180110;NN;BAJA;10000
180111;ECOGRAFIA TESTICULAR;38297;180111;NN;BAJA;10000
180112;ECOGRAFIA ABDOM.COMPL.;44679;180112;NN;BAJA;10000
180113;ECOGRAFIA HEPAT./TORAC;38297;180113;NN;BAJA;10000
180114;ECOGRAFIA VEJIGA/PROST;38297;180114;NN;BAJA;10000
180116;ECOGRAFIA RENAL BILATERAL;38297;180116;NN;BAJA;10000
180117;ECOGRAFIA AORTA ABDOM;38297;180117;NN;BAJA;10000
180118;ECOGRAFIA PANCR/SUPRAR;38297;180118;NN;BAJA;10000
185120;ECOGRAFIA TRANSRECTAL;63828;185111;N OSMISS;MEDIA;15000
180222;ECOGRAFIA TRANSVAGINAL;63828;185010;N OSMISS;MEDIA;15000
180200;ECOGRAFIAS NO NOMENCLADAS;114890;185113;N OSMISS;MEDIA;15000
180208;ECOGRAFIA DE HOMBRO;114890;185025;N OSMISS;MEDIA;15000
180215;ECOGRAFIA DE PARTES BLANDAS;114890;180524;N OSMISS;MEDIA;15000
180216;ECOGRAFIA DE PENE;114890;185111;N OSMISS;MEDIA;15000
180238;ECOGRAFIA DE PLEURA;114890;185112;N OSMISS;MEDIA;15000
185125;ECODOPPLER ARTERIAL o VENOSO;204248;185076;N OSMISS;MEDIA;15000
180419;ECODOPPLER VASOS CUELLO COLOR;204248;185060;N OSMISS;MEDIA;15000
180405;ECODOPPLER COLOR POR REGION;204248;185108;N OSMISS;MEDIA;15000
180403;ECODOPPLER COLOR CARDÍACO;204248;185064;N OSMISS;MEDIA;15000
180421;ECODOPPLER  TRANSVAGINAL COLOR;204248;185095;N OSMISS;MEDIA;15000
340601;MAMOGRAFIA P/LADO;34148;340601;NN;BAJA;10000
340602;MAMOGRAFIA PROY.AXILAR P/LADO;20489;340602;NN;BAJA;10000
340201;RX CRANEO/MNP/FNP 1 EXP;16391;340201;NN;BAJA;10000
340202;RX CRANEO/FNP/FNP EXP SIG;9561;340202;NN;BAJA;10000
340421;RX ABDOMEN FTE;16391;340421;NN;BAJA;10000
340211;RX DE HOMBRO, HUMERO, PELVIS,CADERA Y FEMUR 1 EXP;16391;340211;NN;BAJA;10000
340212;RX DE HOMBRO, HUMERO, PELVIS,CADERA Y FEMUR EXP SUBSIG.;9561;340212;NN;BAJA;10000
340213;RX ANTEBRAZO/CODO / MANO /RODILLA/TOBILLO Y PIE     1 EXP;16391;340213;NN;BAJA;10000
340209;RX RAQUIS 1 EXPOSICION;16391;340209;NN;BAJA;10000
340210;RX RAQUIS EXP.SIG.;9561;340210;NN;BAJA;10000
340301;RX TORAX FTE / PARRILLA COSTAL FTE;16391;340301;NN;BAJA;10000
340302;RX TORAX PERFIL/ EXP SIG;9561;340302;NN;BAJA;10000
660001;ACTO BIOQUÍMICO;13086;660001;NBU;BAJA;10000
660002;ACETONURIA.;2181;660002;NBU;BAJA;10000
660004;ACIDIMETRIA GASTRICA , CURVA DE;6543;660004;NBU;BAJA;10000
660005;ÁCIDO BASE, Estado Ácido Base (EAB).;43620;660005;NBU;BAJA;10000
660006;ACTH - HORMONA ADRENOCORTICOTROFINA.;26172;660006;NBU;BAJA;10000
660007;ADDIS, RECUENTO DE;4362;660007;NBU;BAJA;10000
660009;ADRENALINA, plasmática (CATECOLAMINA plasmática);54525;660009;NBU;BAJA;10000
660010;ADRENALINA, urinaria  (CATECOLAMINA urinaria);54525;660010;NBU;BAJA;10000
660014;AGLUTININAS del SISTEMAS ABO.;6543;660014;NBU;BAJA;10000
660015;ALBUMINA - sérica;3271,5;660015;NBU;BAJA;10000
660016;ALCOHOL DEHIDROGENASA, ADH.;21810;660016;NBU;BAJA;10000
660017;ALCOHOL ETÍLICO - sangre (ALCOHOLEMIA);21810;660017;NBU;BAJA;10000
660018;ALDOLASA (Ald);13086;660018;NBU;BAJA;10000
660019;ALDOSTERONA.;32715;660019;NBU;BAJA;10000
660020;ALFA FETO PROTEINA (AFP);21810;660020;NBU;BAJA;10000
660022;AMILASA - sérica.;8724;660022;NBU;BAJA;10000
660023;AMILASA - urinaria.;8724;660023;NBU;BAJA;10000
660025;AMINOÁCIDOS FRACCIONADOS (Cromatografía - por fracción) -cualitativo;27262,5;660025;NBU;BAJA;10000
660027;AMINOACIDURIA FRACCIONADA (Cromatografía - por fracción) -cualitativo;27262,5;660027;NBU;BAJA;10000
660028;AMNIOTICO, LÍQUIDO CELULAS NARANJAS.;2181;660028;NBU;BAJA;10000
660029;AMNIOTICO, LÍQUIDO (Espectrofotometría - Test de Lisley);10905;660029;NBU;BAJA;10000
660030;AMNIOTICO, LÍQUIDO LECITINA - ESFINGOMIELINA.;10905;660030;NBU;BAJA;10000
660031;AMONEMIA.;43620;660031;NBU;BAJA;10000
660033;ANGIOTENSINA I;65430;660033;NBU;BAJA;10000
660035;ANTIBIOGRAMA (ATBG);19629;660035;NBU;BAJA;10000
660036;ANTIBIOGRAMA BACILO DE KOCH (7) siete antibióticos.;130860;660036;NBU;BAJA;10000
660040;ANTICUERPOS ANTIGLOMERULAR , (IFI);13086;660040;NBU;BAJA;10000
660041;ANTICUERPOS ANTIMEMBRANA BASAL, (IFI);34896;660041;NBU;BAJA;10000
660042;ANTICUERPO ANTIMUSCULO LISO (ASMA), (IFI);21810;660042;NBU;BAJA;10000
660046;ANTICUERPOS ANTITIROGLOBULINA (ATG);21810;660046;NBU;BAJA;10000
660049;ANTIDESIXIRRIBONUCLEASA - ADNEASA – Anti-DNA.;32715;660049;NBU;BAJA;10000
660051;"ANTIESTREPTOLISINAS ""O"" (ASO / ASTO / AELO),
cuantitativa";13086;660051;NBU;BAJA;10000
660053;ANTIFÚNGICOS - PRUEBA DE SENSIBILIDAD;32715;660053;NBU;BAJA;10000
660055;ANTIMITOCONDRIALES , ANTICUERPOS (AMA);21810;660055;NBU;BAJA;10000
660056;ANTINUCLEARES ANTICUERPOS (FAN / ANA / AAN);23991;660056;NBU;BAJA;10000
660057;ANTITRIPSINA, Alfa 1 (?1 AT) - Líq. Pleural o Mat. Fecal o Sérica - C/U - (por I.D.-Cuantitativa);21810;660057;NBU;BAJA;10000
660058;ANTITROMBINA III - con calibración de tres (3) puntos.;65430;660058;NBU;BAJA;10000
660059;ARSENICO (As) - sérico o urinario.;43620;660059;NBU;BAJA;10000
660060;ASCORBICO, ÁCIDO - sérico;65430;660060;NBU;BAJA;10000
660063;ANTICUERPOS Anti- HIV (ELISA);23991;660063;NBU;BAJA;10000
660101;BACILOSCOPIA DIRECTA - ZIEHL NEELSEN (por muestra);8724;660101;NBU;BAJA;10000
660102;BACILOSCOPIA, DIRECTA y CULTIVO (por muestra);32715;660102;NBU;BAJA;10000
660103;BACILOSCOPIA, (IFI - por muestra);21810;660103;NBU;BAJA;10000
660104;BACTERIOLOGIA, DIRECTA (Coloración de Gram);6543;660104;NBU;BAJA;10000
660105;BACTERIOLOGICO, DIRECTO-CULTIVO e IDENTIFICACIÓN del GÉRMEN;19629;660105;NBU;BAJA;10000
660107;BARBITÚRICOS - urinarios.;38167,5;660107;NBU;BAJA;10000
660108;BENCE- JONES, PROTEINAS de (HPLC / IMF);654300;660108;NBU;BAJA;10000
660109;BICARBONATO.;0;660109;NBU;BAJA;10000
660110;BILIRRUBINEMIA TOTAL, DIRECTA E INDIRECTA.;4362;660110;NBU;BAJA;10000
660111;BILIRRUBINURIA.;4362;660111;NBU;BAJA;10000
660120;C3 - COMPLEMENTO;10905;660120;NBU;BAJA;10000
660121;C4 - COMPLEMENTO;10905;660121;NBU;BAJA;10000
660130;CADENA LIVIANA KAPPA Y LAMBDA - sérico (IMF);87240;660130;NBU;BAJA;10000
660131;CADENA LIVIANA KAPPA Y LAMBDA - urinario (IMF);87240;660131;NBU;BAJA;10000
660132;CADMIO (Cd) - urinario.;43620;660132;NBU;BAJA;10000
660133;CALCEMIA TOTAL (Ca);3271,5;660133;NBU;BAJA;10000
660134;CALCIO IONICO.;8724;660134;NBU;BAJA;10000
660136;CALCIO - urinario.;4362;660136;NBU;BAJA;10000
660137;CALCITONINA - sérica.;34896;660137;NBU;BAJA;10000
660138;CALCULO - urinario.;26172;660138;NBU;BAJA;10000
660139;CARBONICO, ANDHIDRICO - (PCO2);0;660139;NBU;BAJA;10000
660140;CARIOTIPO, MAPA CROMOSOMICO.;233367;660140;NBU;BAJA;10000
660141;CAROTENO BETA - sérico.;47982;660141;NBU;BAJA;10000
660144;CEA - ANTÍGENO CARCINOEMBRIOGENICO.;27262,5;660144;NBU;BAJA;10000
660148;CELULAS NEOPLASICAS - líquidos, exudados, trasudados.;19629;660148;NBU;BAJA;10000
660150;CEREBROSIDOS (Cromatográfico).;0;660150;NBU;BAJA;10000
660151;CERULOPLASMINA.;17448;660151;NBU;BAJA;10000
660152;CETOGENOESTEROIDES - urinarios.;10905;660152;NBU;BAJA;10000
660154;CETONEMIA.;3271,5;660154;NBU;BAJA;10000
660164;"CITOLOGIA EXFOLIATIVA - VAGINAL HORMONAL (por
cada muestra)";10905;660164;NBU;BAJA;10000
660167;CITRICO, ÁCIDO - líquido seminal (ESTUDIO DEL SEMEN);21810;660167;NBU;BAJA;10000
660168;CLORO (Cl) - sérico.;4362;660168;NBU;BAJA;10000
660169;COAGULACION, TIEMPO DE;2181;660169;NBU;BAJA;10000
660170;COAGULO, RETRACCION DEL -COAGULOGRAMA BÁSICO.  ;13086;660170;NBU;BAJA;10000
660171;COAGULOGRAMA;17448;660171;NBU;BAJA;10000
660172;COBRE (Cu) - sérico.;43620;660172;NBU;BAJA;10000
660173;COCAINA (Inmunocromatografía/Cromatográfico);38167,5;660173;NBU;BAJA;10000
660174;COLESTEROL TOTAL;3271,5;660174;NBU;BAJA;10000
660176;COLONIAS, RECUENTO DE.;4362;660176;NBU;BAJA;10000
660177;COMPATIBILIDAD - sangre materna.;13086;660177;NBU;BAJA;10000
660178;"COMPATIBILIDAD MATRIMONIAL - sanguínea en
cónyuges.";10905;660178;NBU;BAJA;10000
660179;COMPLEMENTO, ACTIVIDAD TOTAL.- COMPLEMENTO 50% LISIS (CH-50);109050;660179;NBU;BAJA;10000
660181;CONCENTRACIÓN DE LIQUIDOS BIOLÓGICOS.;61068;660181;NBU;BAJA;10000
660183;COOMBS DIRECTA MONOESPECÍFICA, PRUEBA DE (c/u);4362;660183;NBU;BAJA;10000
660184;COOMBS DIRECTA POLIESPECÍFICA, PRUEBA DE;4362;660184;NBU;BAJA;10000
660186;COOMBS INDIRECTA;26172;660186;NBU;BAJA;10000
660187;COPROCULTIVO.;21810;660187;NBU;BAJA;10000
660188;COPROPORFIRINAS o PORFIRINAS - materia fecal;32715;660188;NBU;BAJA;10000
660189;CORTISOL.;21810;660189;NBU;BAJA;10000
660190;CREATINQUINASA - CPK.;6543;660190;NBU;BAJA;10000
660191;CREATININA - en orina;6543;660191;NBU;BAJA;10000
660192;CREATININA - en sangre;6543;660192;NBU;BAJA;10000
660193;CREATININA, CLEARENCE DE DEPURACION.;10905;660193;NBU;BAJA;10000
660194;CRIOAGLUTININA.;2181;660194;NBU;BAJA;10000
660195;CRIOGLOBULINAS.;2181;660195;NBU;BAJA;10000
660241;CHAGAS (AD);6543;660241;NBU;BAJA;10000
660242;CHAGAS (HAI);6543;660242;NBU;BAJA;10000
660243;CHAGAS, Ac. Totales / IgG (IFI / ELISA / QL);17448;660243;NBU;BAJA;10000
660244;CHAGAS, PARASITEMIA.;13086;660244;NBU;BAJA;10000
660245;CHAGAS, SEROLOGÍA - CONFIRMATORIO;23991;660245;NBU;BAJA;10000
660262;DEHIDROEPIANDROSTERONA, SULFATO - DHEA-S.;23991;660262;NBU;BAJA;10000
660264;DESCARTABLE, MATERIAL COMPLEMENTARIO (DMC).;4362;660264;NBU;BAJA;10000
660265;DESCARTABLE, MATERIAL de BIOSEGURIDAD. ;6543;660265;NBU;BAJA;10000
660268;DIGOXIN (DIGOXINA);32715;660268;NBU;BAJA;10000
660269;DISACARIDASAS.;0;660269;NBU;BAJA;10000
660272;DOMICILIO EN RADIO URBANO - HASTA DOS (2) Kms.;21810;660272;NBU;BAJA;10000
660273;"DOMICILIO A MAS DE DOS (2) Kms. - ADICIONAL por
c/Km.";6543;660273;NBU;BAJA;10000
660293;EMBARAZO, REACCIÓN INMUNOLÓGICA PARA;7633,5;660293;NBU;BAJA;10000
660295;EOSINÓFILOS, RECUENTO de (en moco nasal);2181;660295;NBU;BAJA;10000
660297;ERITROSEDIMENTACION;4362;660297;NBU;BAJA;10000
660298;ESPERMOGRAMA BASICO (EIVE);61068;660298;NBU;BAJA;10000
660299;ESTRICNINA - líquidos biológicos.;0;660299;NBU;BAJA;10000
660300;ESTRADIOL (E2) - sérico;21810;660300;NBU;BAJA;10000
660301;ESTRIOL - urinario.;28353;660301;NBU;BAJA;10000
660302;ESTRIOL - sérico.;28353;660302;NBU;BAJA;10000
660305;ESTRONA - sérica.;32715;660305;NBU;BAJA;10000
660307;ETANOL, ALCOHOL ETÍLICO - urinario. (ALCOLURIA);21810;660307;NBU;BAJA;10000
660308;EUGLOBULINAS, TEST DE;10905;660308;NBU;BAJA;10000
660309;EXUDADO NASOFARINGEO, CULTIVO.;10905;660309;NBU;BAJA;10000
660331;FACTOR DE COAGULACION V.;54525;660331;NBU;BAJA;10000
660332;FACTOR DE COAGULACION VII.;54525;660332;NBU;BAJA;10000
660333;FACTOR DE COAGULACION VIII.;65430;660333;NBU;BAJA;10000
660334;FACTOR DE COAGULACION IX.;65430;660334;NBU;BAJA;10000
660335;FACTOR DE COAGULACION X.;54525;660335;NBU;BAJA;10000
660336;FACTOR DE MIGRACION LINFOCITARIA - MIF.;0;660336;NBU;BAJA;10000
660337;FENILALANINA CONFIRMATORIO (HPLC);65430;660337;NBU;BAJA;10000
660338;FENILALANINA, NEONATAL (PKU);15267;660338;NBU;BAJA;10000
660340;FENILPIRUVICO, ÁCIDO - urinario (cualitativo);21810;660340;NBU;BAJA;10000
660342;FENOTIAZINAS.;32715;660342;NBU;BAJA;10000
660343;FERREMIA (Fe);4362;660343;NBU;BAJA;10000
660344;"FIBRINOGENO, PRODUCTOS DE DEGRADACION - PDF -
plasmático.";76335;660344;NBU;BAJA;10000
660345;FIBRINOGENO - sangre.;26172;660345;NBU;BAJA;10000
660349;FISICO QUIMICO - Examen de Exudados, Trasudados.;21810;660349;NBU;BAJA;10000
660350;FLUOREMIA (F);21810;660350;NBU;BAJA;10000
660351;FLUORURIA.;21810;660351;NBU;BAJA;10000
660352;FOLICO, ÁCIDO.;23991;660352;NBU;BAJA;10000
660353;FONDO OSCURO.;8724;660353;NBU;BAJA;10000
660354;FORMULA LEUCOCITARIA.;3271,5;660354;NBU;BAJA;10000
660355;FOSFATASA ACIDA PROSTATICA (EFM).;10905;660355;NBU;BAJA;10000
660356;FOSFATASA ACIDA TOTAL (EFM).;6543;660356;NBU;BAJA;10000
660357;FOSFATASA ALCALINA (FAL);3271,5;660357;NBU;BAJA;10000
660360;FOSFATASA ALCALINA TERMOESTABLE.;32715;660360;NBU;BAJA;10000
660361;FOSFATASA ALCALINA - ISOENZIMAS.;32715;660361;NBU;BAJA;10000
660362;FOSFATEMIA (P);3271,5;660362;NBU;BAJA;10000
660363;FOSFATURIA (P);3271,5;660363;NBU;BAJA;10000
660366;FOSFORO CLEARENCE DEPURACION.;6543;660366;NBU;BAJA;10000
660370;FSH - HORMONA FOLÍCULO ESTIMULANTE.;21810;660370;NBU;BAJA;10000
660371;FTA/ ABS (IFI - ELISA) SIFILIS y TPHA.;17448;660371;NBU;BAJA;10000
660373;FUNCIONAL, EXAMEN DE MATERIA FECAL - básico;65430;660373;NBU;BAJA;10000
660402;GALACTOSEMIA.;17448;660402;NBU;BAJA;10000
660404;GASES EN SANGRE, PCO2 y PO2.;21810;660404;NBU;BAJA;10000
660405;GASTRINA, sérica.;32715;660405;NBU;BAJA;10000
660408;"GLOBULOS BLANCOS, RECUENTO y FORMULA -
materia fecal.";6543;660408;NBU;BAJA;10000
660409;GLOBULOS BLANCOS, RECUENTO DE;2181;660409;NBU;BAJA;10000
660410;GLOBULOS ROJOS, RECUENTO DE;2181;660410;NBU;BAJA;10000
660411;GLUCAGON.;0;660411;NBU;BAJA;10000
660412;GLUCEMIA (C/U);3271,5;660412;NBU;BAJA;10000
660413;"GLUCEMIA, PRUEBA de SOBRECARGA (x 2 - dos
determinaciones)";9814,5;660413;NBU;BAJA;10000
660416;GLUCOPROTEINOGRAMA.;0;660416;NBU;BAJA;10000
660417;GLUCOSA en orina (C/U);3271,5;660417;NBU;BAJA;10000
660418;GLUCOSA 6-FOSFATO ISOMERASA;28353;660418;NBU;BAJA;10000
660420;GLUTAMIL TRANSPEPTIDASA. Gamma-;5452,5;660420;NBU;BAJA;10000
660430;GRAHAM, TEST DE;6543;660430;NBU;BAJA;10000
660432;GRASAS, CUANTITATIVO (Van de Kamer) - materia fecal;32715;660432;NBU;BAJA;10000
660433;GRUPO SANGUÍNEO y FACTOR Rho - Du / Dµ;10905;660433;NBU;BAJA;10000
660463;HAPTOGLOBINA.;19629;660463;NBU;BAJA;10000
660464;HEINZ, CUERPOS DE (tinción);6543;660464;NBU;BAJA;10000
660465;HEMATIES, RESISTENCIA GLOBULAR OSMOTICA (CURVA DE FRAGILIDAD OSMOTICA DE ERITROCITOS);21810;660465;NBU;BAJA;10000
660466;HEMATOCRITO.;2181;660466;NBU;BAJA;10000
660468;HEMOCULTIVO AEROBIOS (c/u);43620;660468;NBU;BAJA;10000
660470;HEMOGLOBINA, DOSAJE DE (Hb);2181;660470;NBU;BAJA;10000
660471;HEMOGLOBINA, ELECTROFORESIS.;23991;660471;NBU;BAJA;10000
660472;HEMOGLOBINA - plasmática;8724;660472;NBU;BAJA;10000
660475;HEMOGRAMA.;10905;660475;NBU;BAJA;10000
660479;HEMOSIDERINA - urinaria;19629;660479;NBU;BAJA;10000
660480;HEPARINA, RESISTENCIA A LA (In Vitro);32715;660480;NBU;BAJA;10000
660481;HEPATOGRAMA.;13086;660481;NBU;BAJA;10000
660483;HIDATIDOSIS (HAI);28353;660483;NBU;BAJA;10000
660484;HIDATIDOSIS, Ac. IgG ó Totales Anti- (IFI);32715;660484;NBU;BAJA;10000
660487;HIDROXINDOLACETICO, ÁCIDO.;21810;660487;NBU;BAJA;10000
660488;HIDROXIPROLINA - urinaria.;26172;660488;NBU;BAJA;10000
660489;HIPERHEPARINEMIA.;0;660489;NBU;BAJA;10000
660494;HUDDLESSON, REACCION DE (Rosa de Bengala - Brucelosis).;4362;660494;NBU;BAJA;10000
660531;MYCOBACTERIUM, IDENTIFICACION.;43620;660531;NBU;BAJA;10000
660532;IDENTIFICACION SEROLÓGICA DE GERMENES.;21810;660532;NBU;BAJA;10000
660535;INMUNOELECTROFORESIS.;21810;660535;NBU;BAJA;10000
660536;INMUNOELECTROFORESIS LIQUIDOS BIOLOGICOS.;353322;660536;NBU;BAJA;10000
660537;INMUNOGLOBULINA A (IgA);10905;660537;NBU;BAJA;10000
660538;INMUNOGLOBULINA D (IgD);381675;660538;NBU;BAJA;10000
660539;INMUNOGLOBULINA E (IgE);21810;660539;NBU;BAJA;10000
660540;INMUNOGLOBULINA G (IgG);10905;660540;NBU;BAJA;10000
660541;INMUNOGLOBULINA M (IgM);10905;660541;NBU;BAJA;10000
660543;INSULINA.;23991;660543;NBU;BAJA;10000
660546;IONOGRAMA - sérico.;7633,5;660546;NBU;BAJA;10000
660547;IONOGRAMA - urinario.;7633,5;660547;NBU;BAJA;10000
660548;ISOCITRICO DEHIDROGENASA.;0;660548;NBU;BAJA;10000
660591;LACTAMINICO, ÁCIDO.;0;660591;NBU;BAJA;10000
660592;LÁCTICO, ÁCIDO ENZIMATICO.;21810;660592;NBU;BAJA;10000
660593;LÁCTICO, ÁCIDO - materia fecal.;21810;660593;NBU;BAJA;10000
660594;LÁCTICO DEHIDROGENASA - LDH;6543;660594;NBU;BAJA;10000
660596;"LÁCTICO DEHIDROGENASA ISOENZIMAS - LDH
Isoenzimas.";13086;660596;NBU;BAJA;10000
660597;LACTOGENO PLACENTARIO / SOMATOMAMOTROFINA;43620;660597;NBU;BAJA;10000
660598;FACTOR REUMATOIDEO - ARTRITIS REUMATOIDE;13086;660598;NBU;BAJA;10000
660600;LEPTOSPIRAS, INVESTIGACIÓN DE (fondo oscuro o coloraciones) - urinaria;26172;660600;NBU;BAJA;10000
660602;TRICHINOSIS, INVESTIGACIÓN DE;65430;660602;NBU;BAJA;10000
660603;LAZO, PRUEBA DEL;2181;660603;NBU;BAJA;10000
660606;LEUCINAMINOPEPTIDASA (LAP);21810;660606;NBU;BAJA;10000
660610;LEVULINICO, ÁCIDO DELTA-AMINO;21810;660610;NBU;BAJA;10000
660611;LEVULINICO, DELTA DEHIDRATASA;21810;660611;NBU;BAJA;10000
660612;LH - HORMONA LUTEINIZANTE;21810;660612;NBU;BAJA;10000
660613;LIPASA, sérica.;26172;660613;NBU;BAJA;10000
660615;LIPIDOGRAMA (Electroforético).;28353;660615;NBU;BAJA;10000
660619;LIQUIDO CEFALORRAQUIDEO, Fco-Qco - Citológico.;32715;660619;NBU;BAJA;10000
660620;LIQUIDO DE PUNCION, Examen Fco-Qco - Citológico.;32715;660620;NBU;BAJA;10000
660622;LISTERIAS, Ac. Anti - (IFI - ELISA);19629;660622;NBU;BAJA;10000
660623;LITIO (Li) (ISE - Ión selectivo - Fotometría de llama o fotometría de emisión);13086;660623;NBU;BAJA;10000
660624;LITIO (Li) (por Absorción Atómica - A.A.);43620;660624;NBU;BAJA;10000
660653;MAGNESIO (Mg) - sérico.;5452,5;660653;NBU;BAJA;10000
660654;MAGNESIO (Mg) - urinario.;5452,5;660654;NBU;BAJA;10000
660656;MANTOUX, INTRADERMO-REACCION DE (PPD);43620;660656;NBU;BAJA;10000
660657;MEDULOGRAMA.;19629;660657;NBU;BAJA;10000
660660;MERCURIO (Hg) - sérico o urinario.;32715;660660;NBU;BAJA;10000
660662;METANEFRINAS FRACCIONADAS URINARIAS;109050;660662;NBU;BAJA;10000
660663;METANOL - urinario.;32715;660663;NBU;BAJA;10000
660664;MICOLOGIA (Directo - Coloración).;8724;660664;NBU;BAJA;10000
660665;MICOLOGIA (Cultivo e Identificación).;30534;660665;NBU;BAJA;10000
660667;MOCO CERVICAL, CRISTALIZACION;4362;660667;NBU;BAJA;10000
660668;MOCO NASAL, PH - CITOLOGICO.;4362;660668;NBU;BAJA;10000
660669;MONONUCLEOSIS (Aglutinación - Test de Látex o Monotest).;6543;660669;NBU;BAJA;10000
660670;"MONONUCLEOSIS HEMOAGLUTINACION (Paul
Bunnell)";6543;660670;NBU;BAJA;10000
660671;MONONUCLEOSIS.;6543;660671;NBU;BAJA;10000
660672;MONÓXIDO de CARBONO.;10905;660672;NBU;BAJA;10000
660673;MORFINA OPIACEOS, DERIVADOS - líquidos biológicos.;26172;660673;NBU;BAJA;10000
660684;MULTIRRESISTENCIA, VIGILANCIA DE BACTERIAS RESISTENTES;56706;660684;NBU;BAJA;10000
660695;NORADRENALINA, sérica - CATECOLAMINA;54525;660695;NBU;BAJA;10000
660696;NORADRENALINA, urinaria  - CATECOLAMINA;54525;660696;NBU;BAJA;10000
660702;NUCLEOTIDASA - 5' N;17448;660702;NBU;BAJA;10000
660711;ORINA COMPLETA.;10905;660711;NBU;BAJA;10000
660714;OSMOLARIDAD - CLEARENCE (sangre - orina);10905;660714;NBU;BAJA;10000
660715;OSMOLARIDAD - suero.;5452,5;660715;NBU;BAJA;10000
660716;OXIGENO, PO2 - sangre arterial.;0;660716;NBU;BAJA;10000
660732;PAPANICOLAOU ENDOCERVICAL;19629;660732;NBU;BAJA;10000
660734;PAPANICOLAOU EXOCERVICAL;19629;660734;NBU;BAJA;10000
660736;PARASITOLOGICO en MATERIA FECAL.;8724;660736;NBU;BAJA;10000
660737;PARASITOS HEMATICOS.;13086;660737;NBU;BAJA;10000
660738;PARASITOS SUPERIORES.;8724;660738;NBU;BAJA;10000
660739;PARATHORMONA - PTH;29443,5;660739;NBU;BAJA;10000
660740;PEROXIDASAS, TINCION;10905;660740;NBU;BAJA;10000
660741;PH - líquidos biológicos.;4362;660741;NBU;BAJA;10000
660742;PH - sanguíneo;0;660742;NBU;BAJA;10000
660743;PIRUVATO- QUINASA;0;660743;NBU;BAJA;10000
660744;PIRUVICO, ÁCIDO ENZIMATICO;0;660744;NBU;BAJA;10000
660745;PLAQUETARIOS, FACTORES;21810;660745;NBU;BAJA;10000
660746;PLAQUETAS, RECUENTO DE;4362;660746;NBU;BAJA;10000
660747;PLASMA RECALCIFICADO, TIEMPO DE;2181;660747;NBU;BAJA;10000
660748;PLASMINOGENO (IDR);82878;660748;NBU;BAJA;10000
660749;PLOMO (Pb) - sérico o urinario.;43620;660749;NBU;BAJA;10000
660751;PORFIRINAS o UROPORFIRINAS - urinarias;32715;660751;NBU;BAJA;10000
660752;PORFOBILINOGENO (cualitativo) - urinario.;26172;660752;NBU;BAJA;10000
660753;POTASEMIA.;0;660753;NBU;BAJA;10000
660754;POTASURIA.;0;660754;NBU;BAJA;10000
660758;PROGESTERONA - Pg.;23991;660758;NBU;BAJA;10000
660759;PROLACTINA (Prl);21810;660759;NBU;BAJA;10000
660761;PROTEINA C REACTIVA - PCR;10905;660761;NBU;BAJA;10000
660763;PROTEINA TOTALES.;3271,5;660763;NBU;BAJA;10000
660764;PROTEINOGRAMA ELECTROFORÉTICO, en suero;26172;660764;NBU;BAJA;10000
660765;PROTEINOGRAMA ELECTROFORÉTICO - LCR;43620;660765;NBU;BAJA;10000
660766;PROTEINOGRAMA - líquidos biológicos;43620;660766;NBU;BAJA;10000
660767;PROTEINURIA.;3271,5;660767;NBU;BAJA;10000
660768;PROTOPORFIRINAS - eritrocitaria;26172;660768;NBU;BAJA;10000
660769;PROTROMBINA, CONSUMO DE;4362;660769;NBU;BAJA;10000
660770;PROTROMBINA, RIN;8724;660770;NBU;BAJA;10000
660771;PROTROMBINA, TIEMPO DE (TP);6543;660771;NBU;BAJA;10000
660772;PSEUDOCOLINESTERASA (CHE) o BUTIRILCOLINESTERASA.;8724;660772;NBU;BAJA;10000
660801;QUIMIOTRIPSINA.;65430;660801;NBU;BAJA;10000
660812;RENINA - ANGIOTESINA.;39258;660812;NBU;BAJA;10000
660813;Rho FACTOR - GRUPO SANGUINEO.;0;660813;NBU;BAJA;10000
660814;Rho FACTOR C GRANDE;4362;660814;NBU;BAJA;10000
660815;Rho FACTOR c CHICA;4362;660815;NBU;BAJA;10000
660816;Rho FACTOR E GRANDE;4362;660816;NBU;BAJA;10000
660817;Rho FACTOR e CHICA;4362;660817;NBU;BAJA;10000
660818;RETICULOCITOS, RECUENTO DE;4362;660818;NBU;BAJA;10000
660820;ROSSE RAGAN, PRUEBA DE (RR);5452,5;660820;NBU;BAJA;10000
660831;SALICILATOS.;27262,5;660831;NBU;BAJA;10000
660832;SALMONELLA, ANTICUERPOS (IFI - ELISA);13086;660832;NBU;BAJA;10000
660833;SANGRE OCULTA - materia fecal (SOMF) - inmunológico;21810;660833;NBU;BAJA;10000
660835;SEROTONINA - sérica.;52344;660835;NBU;BAJA;10000
660837;SIDEROFILINA, CAPACIDAD de SATURACIÓN.;19629;660837;NBU;BAJA;10000
660838;SIMS - HUHNER, TEST DE;43620;660838;NBU;BAJA;10000
660839;SODIO - sérico o urinario.;0;660839;NBU;BAJA;10000
660841;SOMATOTROFINA (STH);26172;660841;NBU;BAJA;10000
660846;"SUBTIPO HEMOGLOBINA A2, DETERMINACION DE
(electroforesis)";23991;660846;NBU;BAJA;10000
660847;SUDOR, TEST DE;65430;660847;NBU;BAJA;10000
660862;TALIO (Tl) - urinario.;43620;660862;NBU;BAJA;10000
660863;TESTOSTERONA - To;23991;660863;NBU;BAJA;10000
660864;THORN, PRUEBA DE;0;660864;NBU;BAJA;10000
660865;TIROTROFINA - TSH;19629;660865;NBU;BAJA;10000
660866;TIROXINA TOTAL - T4;19629;660866;NBU;BAJA;10000
660867;TIROXINA EFECTIVA - LIBRE (FT4 / T4L);19629;660867;NBU;BAJA;10000
660870;TOXOPLASMOSIS (HA);8724;660870;NBU;BAJA;10000
660871;TOXOPLASMOSIS (IFI);13086;660871;NBU;BAJA;10000
660873;TRANSAMINASA, GLUTAMICO OXALACETICA (GOT / AST);3271,5;660873;NBU;BAJA;10000
660874;TRANSAMINASA, GLUTAMICO PIRUVICA (GPT / AGT);3271,5;660874;NBU;BAJA;10000
660875;TRANSFERRINA;13086;660875;NBU;BAJA;10000
660876;TRIGLICERIDOS (Tg);5452,5;660876;NBU;BAJA;10000
660878;TRIIODOTIRONINA TOTAL - T3;19629;660878;NBU;BAJA;10000
660879;TROMBINA, PRUEBA DE GENERACIÓN DE LA;6543;660879;NBU;BAJA;10000
660880;TROMBINA, TIEMPO DE;10905;660880;NBU;BAJA;10000
660887;TROMBOPLASTINA, TIEMPO DE (KPTT / TTPC / KT);6543;660887;NBU;BAJA;10000
660901;UREA, CLEARENCE DE;6543;660901;NBU;BAJA;10000
660902;UREA, sérica.;3271,5;660902;NBU;BAJA;10000
660903;URETRAL, EXUDADO (Directo y Cultivo).;23991;660903;NBU;BAJA;10000
660904;ÚRICO, ÁCIDO - sérico.;3271,5;660904;NBU;BAJA;10000
660905;ÚRICO, ÁCIDO - urinario.;3271,5;660905;NBU;BAJA;10000
660907;UROCITOGRAMA;8724;660907;NBU;BAJA;10000
660911;UROCULTIVO (MODULO);43620;660911;NBU;BAJA;10000
660923;UROPROTEINOGRAMA;130860;660923;NBU;BAJA;10000
660931;VAGINAL, EXUDADO o FLUJO (Directo y Cultivo).;34896;660931;NBU;BAJA;10000
660932;VAINILLIN MANDELICO, ÁCIDO - urinario (AVM) (HPLC);32715;660932;NBU;BAJA;10000
660933;V D R L / USR;8724;660933;NBU;BAJA;10000
660935;VARIANTE BACTERIANA.;0;660935;NBU;BAJA;10000
660936;VERONAL, PRUEBA DEL;0;660936;NBU;BAJA;10000
660937;VITAMINA A.;80697;660937;NBU;BAJA;10000
660938;VITAMINA B12.;32715;660938;NBU;BAJA;10000
660939;VITAMINA E.;80697;660939;NBU;BAJA;10000
660940;VOLEMIA RADIOQUÍMICO.;0;660940;NBU;BAJA;10000
660953;WIDAL, REACCION DE;8724;660953;NBU;BAJA;10000
660981;ZINC ERITROCITARIO - PROTOPORFIRINA.;43620;660981;NBU;BAJA;10000
660982;ZINC (Zn) - sérico.;32715;660982;NBU;BAJA;10000
661000;ANTIGENO PROSTATICO ESPECÍFICO TOTAL - PSA-t;39258;661000;NBU;BAJA;10000
661001;ACTO BIOQUÍMICO DE INTERNACION - (ABI);19629;661001;NBU;BAJA;10000
661011;"CD4 - SUB POBLACIÓN LINFOCITARIA por Citom. de
flujo";76335;661011;NBU;ALTA;20000
661015;"CD8 - SUB POBLACIÓN LINFOCITARIA por Citom. de
flujo";76335;661015;NBU;ALTA;20000
661020;CHLAMYDIAS PNEUMONIAE, Ac. Anti- IgG;39258;661020;NBU;ALTA;20000
661025;CITOMEGALOVIRUS, Ac. IgG Anti- (CMV-IgG);32715;661025;NBU;BAJA;10000
661030;CITOMEGALOVIRUS, Ac. IgM Anti- (CMV-IgM);43620;661030;NBU;BAJA;10000
661035;COLESTEROL HDL (HDL-C);6543;661035;NBU;BAJA;10000
661040;COLESTEROL LDL (LDL-C);9814,5;661040;NBU;BAJA;10000
661045;CREATINFOSFOQUINASA, ISOENZIMA MB (CKMB / CPKMB);21810;661045;NBU;BAJA;10000
661050;DROGAS de ABUSO SCREENING (c/u);38167,5;661050;NBU;BAJA;10000
661055;EPSTEIN BARR, Ac. IgG/Totales Anti- (VEB / VCA IgG);32715;661055;NBU;BAJA;10000
661060;EPSTEIN BARR, Ac. IgM Anti- (VEB / VCA IgM);43620;661060;NBU;BAJA;10000
661065;FRUCTOSAMINA.;32715;661065;NBU;BAJA;10000
661070;HEMOGLOBINA GLICOSILADA (Hb A1C);32715;661070;NBU;BAJA;10000
661075;HEPATITIS A, Ac. IgM Anti- (HAV IgM);32715;661075;NBU;BAJA;10000
661080;SUPEROXIDO DISMUTASA ;32715;661080;NBU;BAJA;10000
661085;HEPATITIS B, Antígeno e (Ag.HBe);32715;661085;NBU;BAJA;10000
661086;HEPATITIS B, Antígeno de Superficie (Ag.HBs );26172;661086;NBU;BAJA;10000
661090;HEPATITIS B, Ac. de Superficie Anti- (HBsAc);43620;661090;NBU;BAJA;10000
661095;HEPATITIS C, Ac. IgG Anti- (HCV Ac IgG);43620;661095;NBU;BAJA;10000
661100;HIDATIDOSIS, Ac. IgG ó Totales Anti- (IFI);47982;661100;NBU;BAJA;10000
661105;HIV, CARGA VIRAL.;348960;661105;NBU;ALTA;20000
661110;HIV, WESTERN- BLOT;218100;661110;NBU;ALTA;20000
661115;MARCADOR TUMORAL de OVARIO (CA 125);43620;661115;NBU;BAJA;10000
661120;MARCADOR TUMORAL de MAMA (CA 15. 3);43620;661120;NBU;BAJA;10000
661125;MARCADOR TUMORAL de COLON (CA 19. 9);43620;661125;NBU;BAJA;10000
661130;MICROALBUMINURIA / ALBUMINA URINARIA;27262,5;661130;NBU;BAJA;10000
661135;"MONITOREO de FARMACOS para ENF. CRONICAS I
(Anticonvulsivantes I)";32715;661135;NBU;BAJA;10000
661136;"MONITOREO de FARMACOS para ENF. CRONICAS II
(Anticonvulsivantes II)";52344;661136;NBU;BAJA;10000
661137;"MONITOREO de FARMACOS para ENF. CRONICAS III
(Anticonvulsivantes III)";130860;661137;NBU;BAJA;10000
661140;MYCOPLASMA PNEUMONIAE Ac Anti-IgG;39258;661140;NBU;BAJA;10000
661142;PREPARACIÓN DE SANGRE A TRANSFUNDIR (MÓDULO TRANSFUSIONAL);257358;661142;NBU;ALTA;20000
661145;RUBEOLA, Ac. IgG Anti-;32715;661145;NBU;BAJA;10000
661150;RUBEOLA, Ac. IgM Anti-;32715;661150;NBU;BAJA;10000
661160;TORCH (Toxoplasmosis , Rubeola, Citomegalovirus y Herpes 1 y 2 );109050;661160;NBU;BAJA;10000
661170;"SUBUNIDAD BETA de GONADOTROFINA CORIONICA
(cualitativa) - HCG o ?-HCG - Sub ?";17448;661170;NBU;BAJA;10000
661175;"SUBUNIDAD BETA de GONADOTROFINA CORIONICA
(cuantitativa) -  HCG o ?-HCG - Sub ?";30534;661175;NBU;BAJA;10000
661180;"TEST RAPIDO en FAUCES para STREPTOCOCCUS ?- HEMOLÍTICO Grupo ""A""";32715;661180;NBU;BAJA;10000
661185;TESTOSTERONA BIODISPONIBLE;54525;661185;NBU;BAJA;10000
661196;"SCREENING NEONATAL x 6 (TSH, FENIL ALANINA y TIR - BIOTINIDASA, GALACTOSEMIA y 17-HO-
PROGESTERONA - Neonatales)";135222;661196;NBU;BAJA;10000
661200;URGENCIAS.-;6543;661200;NBU;BAJA;10000
661530;IgA cuantitativa en LCR (Inmunoturbidimetría);65430;661530;NBU;BAJA;10000
662001;ABC - ACTO BIOQUÍMICO COMPLEMENTARIO;13086;662001;NBU;BAJA;10000
662008;ACANTHAMOEBA SPP.;32715;662008;NBU;ALTA;20000
662009;ACANTHAMOEBA - PCR;196290;662009;NBU;BAJA;10000
662011;ÁCAROS y ARTRÓPODOS, Investigación de vectores;21810;662011;NBU;BAJA;10000
662017;ACETILCOLINA;54525;662017;NBU;ALTA;20000
662025;ACETILCOLINA, Ac. Anti- RECEPTORES (ACRA);218100;662025;NBU;BAJA;10000
662034;ACETILCOLINESTERASA ERITROCITARIA (ACHE);26172;662034;NBU;BAJA;10000
662051;ACETONA CUANTITATIVA - sérica;41439;662051;NBU;BAJA;10000
662059;ACETONA CUANTITATIVA - urinaria;41439;662059;NBU;BAJA;10000
662068;ÁCIDO 3 METIL-INDOL;76335;662068;NBU;BAJA;10000
662085;ÁCIDO 5 HIDROX-INDOL ACÉTICO (HPLC);50163;662085;NBU;BAJA;10000
662093;ÁCIDO ACETOACÉTICO;37077;662093;NBU;BAJA;10000
662102;ÁCIDO ALFA CETÓNICO;26172;662102;NBU;BAJA;10000
662111;ÁCIDO BETA HIDROXIBUTÍRICO;41439;662111;NBU;BAJA;10000
662119;ÁCIDO CÍTRICO - plasmático;32715;662119;NBU;BAJA;10000
662120;ÁCIDO CÍTRICO - urinario;32715;662120;NBU;BAJA;10000
662128;ÁCIDO FENIL ACÉTICO (AFA);41439;662128;NBU;BAJA;10000
662136;ÁCIDO FENIL GLIOXÍLICO;34896;662136;NBU;BAJA;10000
662153;ÁCIDO FOLICO - intraeritrocitario.;30534;662153;NBU;BAJA;10000
662162;ÁCIDO FÓRMICO;34896;662162;NBU;BAJA;10000
662170;ÁCIDO FOSFATÍDICO, Ac. IgG Anti-;65430;662170;NBU;BAJA;10000
662179;ÁCIDO FOSFATÍDICO, Ac. IgM Anti-;65430;662179;NBU;BAJA;10000
662181;ÁCIDO FUROICO;34896;662181;NBU;ALTA;20000
662182;ÁCIDO GAMMA-AMINOBUTÍRICO (GABA);436200;662182;NBU;BAJA;10000
662183;ÁCIDO GLUTÁMICO;65430;662183;NBU;ALTA;20000
662184;ÁCIDO GUANIDINACÉTICO.;239910;662184;NBU;BAJA;10000
662187;ÁCIDO HIPÚRICO - urinario;32715;662187;NBU;BAJA;10000
662205;ÁCIDO HOMOVANÍLICO - HVA;43620;662205;NBU;BAJA;10000
662222;ÁCIDO INDOLACETICO, 5 HIDROXI -3-METIL;41439;662222;NBU;BAJA;10000
662236;ÁCIDO LÁCTICO - LCR;41439;662236;NBU;BAJA;10000
662239;ÁCIDO LÁCTICO - urinario;41439;662239;NBU;BAJA;10000
662247;ÁCIDO LISÉRGICO (LSD);41439;662247;NBU;BAJA;10000
662252;ÁCIDO MÁLICO;130860;662252;NBU;BAJA;10000
662256;ÁCIDO MANDÉLICO;41439;662256;NBU;BAJA;10000
662264;ÁCIDO METIL HIPÚRICO;41439;662264;NBU;BAJA;10000
662273;ÁCIDO METIL MALÓNICO;41439;662273;NBU;BAJA;10000
662277;ÁCIDO MUCÓNICO;41439;662277;NBU;ALTA;20000
662281;ÁCIDO ORÓTICO;226824;662281;NBU;BAJA;10000
662296;ÁCIDO OXALICO - sérico;47982;662296;NBU;BAJA;10000
662299;ÁCIDO OXALICO - urinario (2/ 12 / 24 hs. - c/u);32715;662299;NBU;BAJA;10000
662307;ÁCIDO PERCLÓRICO;0;662307;NBU;BAJA;10000
662316;ÁCIDO PIRUVICO - sérico;28353;662316;NBU;BAJA;10000
662328;ÁCIDO SALICÍLICO - sérico;26172;662328;NBU;BAJA;10000
662330;ÁCIDO SALICÍLICO - urinario;26172;662330;NBU;BAJA;10000
662341;ÁCIDO SIALICO;41439;662341;NBU;BAJA;10000
662346;ÁCIDO SUCCÍNICO;130860;662346;NBU;BAJA;10000
662350;ÁCIDO TIOGLICÓLICO;41439;662350;NBU;BAJA;10000
662358;ÁCIDO TRICLOROACÉTICO;39258;662358;NBU;BAJA;10000
662367;ÁCIDOS BILIARES - séricos.;65430;662367;NBU;ALTA;20000
662375;ÁCIDOS GRASOS DE CADENA MUY LARGA;266082;662375;NBU;BAJA;10000
662379;ÁCIDOS GRASOS NO ESTERIFICADOS (NEFA);21810;662379;NBU;ALTA;20000
662393;ÁCIDOS ORGÁNICOS - urinarios;266082;662393;NBU;ALTA;20000
662401;ACIL CARNITINAS - plasmáticos;261720;662401;NBU;BAJA;10000
662405;ACTINA AC (AAC) - IFI;0;662405;NBU;ALTA;20000
662410;ACUAPORINA 4 - Neuromielitis Optica–Ac. IgG (NMO- Ac. IgG);218100;662410;NBU;BAJA;10000
662417;ADENOSIN DEAMINASA - LCR;52344;662417;NBU;BAJA;10000
662418;ADENOSIN DEAMINASA - líquido pleural;52344;662418;NBU;BAJA;10000
662427;ADENOVIRUS, Ac. IgG o Totales, Anti-;39258;662427;NBU;BAJA;10000
662435;ADENOVIRUS, Ac. IgM, Anti-;39258;662435;NBU;BAJA;10000
662444;ADENOVIRUS, Ag.;52344;662444;NBU;ALTA;20000
662446;ADENOVIRUS - PCR;196290;662446;NBU;BAJA;10000
662448;ADENOVIRUS - Carga viral;327150;662448;NBU;BAJA;10000
662452;ADRENAL, Ac. Totales Anti-;141765;662452;NBU;BAJA;10000
662461;ALDOSTERONA - urinaria;32715;662461;NBU;BAJA;10000
662469;ALDRIN;130860;662469;NBU;BAJA;10000
662495;"Alfa 1 ANTITRIPSINA, CLEARENCE de (?1 AT - Clearence)
- M.F. / sérica.";43620;662495;NBU;BAJA;10000
662508;Alfa 1 GLUCOPROTEINA ACIDA (OROSOMUCOIDE);0;662508;NBU;BAJA;10000
662521;Alfa 2 ANTIPLASMINA;87240;662521;NBU;BAJA;10000
662538;Alfa-BHC (?-HCH) - alfa-HEXACLORURO de BENCENO - alfa-HEXACLORAN - alfa-LINDANO - ?-1,2,3,4,5,6- HEXACLOROCICLOHEXANO.;130860;662538;NBU;ALTA;20000
662547;Alfa GALACTOSIDASA (Fabry);283530;662547;NBU;BAJA;10000
662555;Alfa GLUCOSIDASA NEUTRA - semen;54525;662555;NBU;ALTA;20000
662559;Alfa L IDURONIDASA;239910;662559;NBU;BAJA;10000
662561;Alfa MANOSIDASA;0;662561;NBU;BAJA;10000
662563;Alfa NITROSO BETA NAFTOL, PRUEBA de;19629;662563;NBU;BAJA;10000
662572;ALPRAZOLAM;54525;662572;NBU;BAJA;10000
662587;ALUMINIO - pelo;65430;662587;NBU;BAJA;10000
662589;ALUMINIO - sérico;47982;662589;NBU;BAJA;10000
662591;ALUMINIO - urinario;47982;662591;NBU;BAJA;10000
662598;AMETRYN;130860;662598;NBU;BAJA;10000
662606;AMIKACINA;47982;662606;NBU;ALTA;20000
662620;AMINOÁCIDOS - LCR (Cromatografía cuantitativa);327150;662620;NBU;ALTA;20000
662623;AMINOÁCIDOS - sérico (Cromatografía cuantitativa);327150;662623;NBU;ALTA;20000
662624;AMINOÁCIDOS - sangre seca en papel de filtro - SSPF (cuantitativo);327150;662624;NBU;ALTA;20000
662627;AMINOÁCIDOS - urinarios (Cromatografía cuantitativa);327150;662627;NBU;BAJA;10000
662630;AMINOÁCIDOS - urinarios (Cualitativo);47982;662630;NBU;BAJA;10000
662649;AMONIO - urinario;43620;662649;NBU;BAJA;10000
662657;ANAEROBIOS (Cultivo).;65430;662657;NBU;BAJA;10000
662666;ANDROSTENEDIOL GLUCURÓNIDO (ALFA DIOL GLUCURONIDO);54525;662666;NBU;BAJA;10000
662675;ANDROSTENEDIONA, Delta 4- (?4);26172;662675;NBU;ALTA;20000
662688;ANFETAMINAS / METANFETAMINAS, confirmatorio;261720;662688;NBU;ALTA;20000
662700;ANGELMAN, SÍNDROME de;719730;662700;NBU;BAJA;10000
662704;ANION GAP;2181;662704;NBU;BAJA;10000
662706;ANTIBIOGRAMA - AUTOMATIZADO;109050;662706;NBU;BAJA;10000
662709;ANTICOAGULANTE LÚPICO;65430;662709;NBU;ALTA;20000
662712;ANTIDIURÉTICA, HORMONA (HAD) -VASOPRESINA;174480;662712;NBU;ALTA;20000
662713;"ANTIDIURÉTICA, HORMONA - urinaria (HAD u) -
VASOPRESINA urinaria";174480;662713;NBU;BAJA;10000
662717;ANTIGENOS BACTERIANOS, screening (Haemof..infl, Neis. mening., Strept. Pneum.);174480;662717;NBU;ALTA;20000
662730;ANTÍGENO PROSTÁTICO ESPECÍFICO, COMPLEJADO (PSA c);54525;662730;NBU;ALTA;20000
662734;ANTÍGENO PROSTÁTICO ESPECÍFICO, Libre+Total (PSA- L+T);78516;662734;NBU;ALTA;20000
662739;"ANTIGENOS - PANEL GINECOLÓGICO - PCR (Chamydia
trachomatis / Mycoplasma  hominis / Mycoplasma genitalium / Ureaplasma urealyticum / Neisseria gonorrhoeae)";327150;662739;NBU;ALTA;20000
662743;ANTIGENOS VIRALES - PANEL de DIARREICOS - PCR;327150;662743;NBU;ALTA;20000
662745;ANTIGENOS VIRALES - PANEL de RESPIRATORIOS - BÁSICO;196290;662745;NBU;ALTA;20000
662749;ANTIGENOS VIRALES - PANEL de RESPIRATORIOS  - PCR BÁSICO;392580;662749;NBU;ALTA;20000
662751;ANTIGENOS VIRALES - PANEL de RESPIRATORIOS  - PCR EXTENDIDO;501630;662751;NBU;BAJA;10000
662769;ANTIMICOGRAMA LEVADURAS, Screening;65430;662769;NBU;BAJA;10000
662780;ANTIMONIO - sérico;39258;662780;NBU;BAJA;10000
662782;ANTIMONIO - urinario;39258;662782;NBU;BAJA;10000
662790;ANTIMULLERIANA, HORMONA (HAM);163575;662790;NBU;BAJA;10000
662803;ANTITROMBINA III FUNCIONAL;54525;662803;NBU;BAJA;10000
662810;APOLIPOPROTEINA A (ApoA);23991;662810;NBU;BAJA;10000
662811;APOLIPOPROTEINA B (ApoB);23991;662811;NBU;ALTA;20000
662815;APOLIPOPROTEINA E, GENOTIPO (Apo E);383856;662815;NBU;ALTA;20000
662820;ARILSULTASA A - en leucocitos;327150;662820;NBU;ALTA;20000
662822;ARILSULTASA A - sérica;327150;662822;NBU;BAJA;10000
662834;ARSÉNICO - pelo;65430;662834;NBU;BAJA;10000
662837;ARSÉNICO - uña;65430;662837;NBU;BAJA;10000
662846;ASPERGILLIUS, Ac. Anti-;52344;662846;NBU;BAJA;10000
662850;ATRAZINA;130860;662850;NBU;BAJA;10000
662852;AUTOHEMÓLISIS, PRUEBA DE;8724;662852;NBU;BAJA;10000
662854;BACILUS ANTHRACIS, Cultivo y Tipificación;43620;662854;NBU;ALTA;20000
662858;"BACTERIAS RESISTENTES A CARBAPENEMES - PCR o
similar";207195;662858;NBU;ALTA;20000
662863;BANDAS OLIGOCLONALES, en L.C.R. / Suero;926925;662863;NBU;ALTA;20000
662888;BARBITURATOS, Confirmatorio.;261720;662888;NBU;BAJA;10000
662896;BARIO - sérico.;47982;662896;NBU;BAJA;10000
662897;BARIO - urinario;47982;662897;NBU;BAJA;10000
662912;BARTONELLA HENSELAE, Ac. IgG Anti-;109050;662912;NBU;BAJA;10000
662914;BARTONELLA HENSELAE, Ac. IgM Anti-;109050;662914;NBU;BAJA;10000
662931;BENCENO-ETILBENCENO-TOLUENO-XILENO (BETX);130860;662931;NBU;ALTA;20000
662945;BENZODIAZEPINAS, Confirmatorio.;261720;662945;NBU;BAJA;10000
662963;BERILIO - sérico;47982;662963;NBU;BAJA;10000
662965;BERILIO - urinario;47982;662965;NBU;BAJA;10000
662980;Beta 2 GLICOPROTEÍNA, Ac. IgA Anti-;65430;662980;NBU;BAJA;10000
662982;Beta 2 GLICOPROTEÍNA, Ac. IgG Anti-;65430;662982;NBU;BAJA;10000
662984;Beta 2 GLICOPROTEÍNA, Ac. IgM Anti-;65430;662984;NBU;BAJA;10000
663016;Beta-BHC (?-HCH) - beta-HEXACLORURO de BENCENO - beta-HEXACLORAN - beta-LINDANO - beta-1,2,3,4,5,6- HEXACLOROCICLOHEXANO.;130860;663016;NBU;BAJA;10000
663025;Beta CROSS LAPS - CTX-C - TELOPÉPTIDO DE COLÁGENO TIPO I;69792;663025;NBU;ALTA;20000
663034;Beta GALACTOSIDASA;283530;663034;NBU;ALTA;20000
663042;Beta GLUCOCEREBROSIDASA;283530;663042;NBU;BAJA;10000
663051;Beta LACTAMASA;21810;663051;NBU;BAJA;10000
663056;Beta Libre hCG;82878;663056;NBU;BAJA;10000
663062;Beta MANOSIDASA;0;663062;NBU;BAJA;10000
663065;BICARBONATO, en orina;21810;663065;NBU;ALTA;20000
663067;BIOTINA;654300;663067;NBU;ALTA;20000
663068;BIOTINIDAZA, CONFIRMATORIO.;261720;663068;NBU;BAJA;10000
663076;BLADER TEST ANTÍGENO - NMP22 (B.T.A.);0;663076;NBU;BAJA;10000
663085;BLASTOMYCES DERMATITIDIS, Ac (Fase Lev);76335;663085;NBU;ALTA;20000
663093;BNP (FACTOR NATRIURÉTICO);207195;663093;NBU;BAJA;10000
663102;BORDETELLA PERTUSIS, Ac. IgG Anti-;76335;663102;NBU;BAJA;10000
663110;BORDETELLA PERTUSIS, Ac. IgM Anti-;80697;663110;NBU;BAJA;10000
663119;BORDETELLA PERTUSIS, Ag.;87240;663119;NBU;ALTA;20000
663120;BORDETELLA PERTUSIS -  PCR;196290;663120;NBU;BAJA;10000
663128;BORRELLIA BUGDORFERI, Ac. IgG Anti-;76335;663128;NBU;BAJA;10000
663136;BORRELLIA BUGDORFERI, Ac. IgM Anti-;80697;663136;NBU;ALTA;20000
663141;BRCA 1 BRCA 2, GRANDES DELECCIONES Y DUPLICACIONES (MLPA);2181000;663141;NBU;ALTA;20000
663143;BRCA 1 BRCA 2, SECUENCIACIÓN COMPLETA;4362000;663143;NBU;ALTA;20000
663145;BRCA 1-2, PANEL ASHKENAZI;817875;663145;NBU;ALTA;20000
663147;BRCA 1-2, PANEL ASHKENAZI - SEFARADI;981450;663147;NBU;BAJA;10000
663153;BROMURO - sérico;43620;663153;NBU;BAJA;10000
663158;BRUCELLAS, TEST DE WRIGHT;21810;663158;NBU;BAJA;10000
663159;BRUCELLAS, TEST DE WRIGHT, con 2-Mercaptoetanol (W-2ME);26172;663159;NBU;BAJA;10000
663162;BRUCELOSIS (IFI);26172;663162;NBU;BAJA;10000
663170;BRUCELOSIS (Fijación de Complemento);10905;663170;NBU;BAJA;10000
663179;BRUCELOSIS, Ac. IgG ó Totales Anti-;26172;663179;NBU;BAJA;10000
663187;BRUCELOSIS, Ac. IgM Anti-;26172;663187;NBU;BAJA;10000
663190;BRUCELOSIS, Ac. Incompletos Anti-;32715;663190;NBU;BAJA;10000
663230;Actividad anti-Xa del Rivaroxaban;392580;663230;NBU;BAJA;10000
663239;CA 21-1 (MARCADOR TUMORAL de PULMÓN) - CYFRA 21-1;130860;663239;NBU;BAJA;10000
663247;CA 72-4 (MARCADOR TUMORAL GÁSTRICO);109050;663247;NBU;ALTA;20000
663254;CADENA LIVIANA KAPPA, LIBRE (Nefelometría);283530;663254;NBU;ALTA;20000
663257;CADENA LIVIANA LAMBDA, LIBRE (Nefelometría);283530;663257;NBU;BAJA;10000
663259;CADENAS PESADAS EN SANGRE Y ORINA C/U;87240;663259;NBU;BAJA;10000
663262;CADMIO (Cd) - pelo;54525;663262;NBU;BAJA;10000
663264;CADMIO (Cd) - sanguíneo;47982;663264;NBU;BAJA;10000
663273;CALCIDIOIDEMICOSIS - Inmunodif.;0;663273;NBU;BAJA;10000
663290;CALCIO (Ca) - pelo;54525;663290;NBU;BAJA;10000
663292;CALCIO (Ca) - saliva;54525;663292;NBU;BAJA;10000
663307;CÁLCULO - biliar, salival, urinario - Estudio Cristalográfico (C/U);43620;663307;NBU;ALTA;20000
663310;CALPROTECTINA (CPMF);218100;663310;NBU;BAJA;10000
663316;CAMPYLOBACTER SPP, Cultivo;0;663316;NBU;BAJA;10000
663318;CAMPYLOBACTER SPP, Directo (ELISA);43620;663318;NBU;BAJA;10000
663320;CAMPYLOBACTER SPP, Directo (Microscopía);26172;663320;NBU;BAJA;10000
663324;CANDIDA ALBICANS, Ac. Totales;32715;663324;NBU;BAJA;10000
663333;CANDIDA, ELECTROFORESIS DE CAMP;0;663333;NBU;ALTA;20000
663350;CANNABINOIDES, CONFIRMATORIO (MARIHUANA - CONFIRMATORIO - GC-MS);261720;663350;NBU;BAJA;10000
663375;CARBOXIHEMOGLOBINA;32715;663375;NBU;BAJA;10000
663384;CARDIOLIPINAS, Ac. IgA Anti-;43620;663384;NBU;BAJA;10000
663392;CARDIOLIPINAS, Ac. IgG Anti-;39258;663392;NBU;BAJA;10000
663401;CARDIOLIPINAS, Ac. IgM Anti-;39258;663401;NBU;ALTA;20000
663427;CARIOTIPO con BANDEO - Alta Resolución (Alta Sensibilidad);501630;663427;NBU;ALTA;20000
663430;CARIOTIPO, con BANDEO;305340;663430;NBU;ALTA;20000
663435;CARIOTIPO - líquido anmiótico;763350;663435;NBU;ALTA;20000
663440;CARIOTIPO - material de aborto;436200;663440;NBU;ALTA;20000
663443;CARIOTIPO - médula ósea (Citogenético de MO);305340;663443;NBU;ALTA;20000
663446;CARIOTIPO - vellosidades coriónicas;763350;663446;NBU;ALTA;20000
663461;CARNITINA, Libre y Total - suero;348960;663461;NBU;ALTA;20000
663463;CARNITINA, Libre y Total - urinario;348960;663463;NBU;BAJA;10000
663478;CATECOLAMINAS - LCR;54525;663478;NBU;ALTA;20000
663495;CD34 POSITIVAS - Citometría de Flujo;76335;663495;NBU;ALTA;20000
663504;CD10/CD19 - Citom. de Flujo;76335;663504;NBU;ALTA;20000
663512;"CD3/CD16+56, CÉLULAS NATURAL KILLER (NK) - Citom.
de Flujo";76335;663512;NBU;ALTA;20000
663521;"CD25 RECEPTOR SOLUBLE DE INTERLUKINA 2 - Citom.
de Flujo";76335;663521;NBU;ALTA;20000
663529;CD69/CD56;76335;663529;NBU;ALTA;20000
663538;"CD, SUBPOBLACION LINFOCITARIA - Citometría de
Flujo (C/U)";76335;663538;NBU;BAJA;10000
663543;CELULARIDAD en lágrimas;21810;663543;NBU;BAJA;10000
663546;CELULAS LE;15267;663546;NBU;BAJA;10000
663563;CENTROMERO, Ac. Anti-;47982;663563;NBU;BAJA;10000
663571;CHAGAS, Ac. IgM Anti- (ELISA);30534;663571;NBU;BAJA;10000
663572;CHAGAS, Ac. IgM Anti- (IFI);30534;663572;NBU;ALTA;20000
663576;CHAGAS, (PCR);196290;663576;NBU;ALTA;20000
663582;CHIKUNGUNYA , virus (PCR);196290;663582;NBU;ALTA;20000
663585;CHITOTRIOSIDASA - sanguínea.;239910;663585;NBU;ALTA;20000
663586;CHITOTRIOSIDASA - sanguínea/soporte-papel (Fluorométrico);239910;663586;NBU;BAJA;10000
663589;CHLAMYDIA PNEUMONIAE, Ac. IgM Anti-;43620;663589;NBU;ALTA;20000
663591;CHLAMYDIA PNEUMONIAE - PCR;196290;663591;NBU;BAJA;10000
663598;CHLAMYDIA PSITACCI, Ac. IgG Anti-;39258;663598;NBU;BAJA;10000
663606;CHLAMYDIA PSITACCI, Ac. IgM Anti-;43620;663606;NBU;ALTA;20000
663609;CHLAMYDIA PSITACCI - PCR;196290;663609;NBU;ALTA;20000
663623;CHLAMYDIA TRACHOMATIS, Ac. IgG Anti-;39258;663623;NBU;ALTA;20000
663632;CHLAMYDIA TRACHOMATIS, Ac. IgM Anti-;43620;663632;NBU;ALTA;20000
663640;CHLAMYDIA TRACHOMATIS, Ag.;43620;663640;NBU;ALTA;20000
663649;CHLAMYDIA TRACHOMATIS, Ag. PCR;196290;663649;NBU;ALTA;20000
663650;CHLAMYDIA TRACHOMATIS, cultivo celular;207195;663650;NBU;BAJA;10000
663651;CHLAMYDIA TRACHOMATIS - LCR;0;663651;NBU;BAJA;10000
663657;CHOLERAE VIBRIO, CULTIVO;0;663657;NBU;BAJA;10000
663666;CIANUROS;47982;663666;NBU;BAJA;10000
663674;CICLOSPORINA A - sérica;65430;663674;NBU;BAJA;10000
663683;CISTINA;32715;663683;NBU;BAJA;10000
663717;Whipple, enfermedad de (PCR para Tropheryma whippelii);98145;663717;NBU;ALTA;20000
663720;CITOMEGALOVIRUS, detección cuantitativa - PCR;327150;663720;NBU;BAJA;10000
663722;CITOMEGALOVIRUS, detección cualitativa - PCR;152670;663722;NBU;BAJA;10000
663734;"CITOPLASMA DE NEUTROFILO, Ac. Anti- c/u (ANCA C, P
- c/u)";102507;663734;NBU;BAJA;10000
663751;CLEMENTS, Prueba de;26172;663751;NBU;BAJA;10000
663756;Toxoplasma gondii - PCR en LCR;130860;663756;NBU;ALTA;20000
663760;CLOSTRIDIUM DIFFICILE, Toxina A - materia fecal.;174480;663760;NBU;ALTA;20000
663762;CLOSTRIDIUM DIFFICILE, Toxinas (A + B) - Materia Fecal (Inmunocromatografía);218100;663762;NBU;BAJA;10000
663786;COBALTO - plasmático;43620;663786;NBU;BAJA;10000
663788;COBALTO - urinario;43620;663788;NBU;BAJA;10000
663814;COBRE - eritrocitario;43620;663814;NBU;BAJA;10000
663820;COBRE - urinario;43620;663820;NBU;ALTA;20000
663828;COCAÍNA, GC-MS - Confirmatorio.;261720;663828;NBU;BAJA;10000
663837;COCCIDIOIDES INMITIS, Ac. Anti- BANDA F;0;663837;NBU;BAJA;10000
663845;COCCIDIOIDES INMITIS, Ac. Anti- BANDA TP;0;663845;NBU;BAJA;10000
663854;COCCIDIOIDES INMITIS, Ac. Anti- CIE;0;663854;NBU;BAJA;10000
663860;COCCIDIOIDES INMITIS, Ac. Ig Totales Anti-;87240;663860;NBU;BAJA;10000
663862;COCCIDIOIDES INMITIS, Ac. IgG Anti-;61068;663862;NBU;BAJA;10000
663871;COCCIDIOIDES INMITIS, Ac. IgM Anti-;61068;663871;NBU;ALTA;20000
663880;COCLEARES, Ac. Anti- (Anti- P68 KDA) (Western Blot);327150;663880;NBU;BAJA;10000
663888;CODEÍNA - sérica;109050;663888;NBU;BAJA;10000
663890;CODEÍNA - urinaria;109050;663890;NBU;BAJA;10000
663905;COFACTOR DE RISTOCETINA;130860;663905;NBU;BAJA;10000
663910;COLESTEROL NO HDL;11995,5;663910;NBU;BAJA;10000
663922;COMPLEMENTO C1Q (PROTEINA 11S);61068;663922;NBU;BAJA;10000
663926;COMPLEMENTO C2;0;663926;NBU;BAJA;10000
663939;CONCENTRACIÓN BACTERICIDA MÍNIMA (CBM);61068;663939;NBU;BAJA;10000
663948;CONCENTRACION INHIBITORIA MINIMA (CIM);61068;663948;NBU;BAJA;10000
663953;"CONEXINA 26 -  MUTACIONES 35delG (GJB2) o Cx26 -
PCR Para sordera hereditaria no sindrómica";167937;663953;NBU;ALTA;20000
663955;CONEXINA 26 - SECUENCIACIÓN - PCR;250815;663955;NBU;BAJA;10000
663960;COPROPORFIRINAS - eritrocitarias;32715;663960;NBU;ALTA;20000
663964;COREA DE HUNTINGTON - PCR;1090500;663964;NBU;BAJA;10000
663969;CORONAVIRUS (COVID-19) - SARS-CoV-2 - Ac. Anti- IgA;87240;663969;NBU;BAJA;10000
663970;CORONAVIRUS (COVID-19) - SARS-CoV-2 - Ac. Anti- IgG;87240;663970;NBU;BAJA;10000
663971;CORONAVIRUS (COVID-19) - SARS-CoV-2 - Ac. Anti- IgM;87240;663971;NBU;BAJA;10000
663972;CORONAVIRUS (COVID-19) - SARS-CoV-2 - Ac. Totales;87240;663972;NBU;BAJA;10000
663978;CORONAVIRUS (COVID-19) - SARS-CoV-2 – RT-PCR;327150;663978;NBU;BAJA;10000
663982;CORPÚSCULOS METACROMÁTICOS - urinario;21810;663982;NBU;BAJA;10000
663994;CORRECCIÓN C/PLASMA NORMAL - aPTT;54525;663994;NBU;BAJA;10000
663996;CORRECCIÓN C/PLASMA NORMAL - TP;54525;663996;NBU;BAJA;10000
664002;CORTEX ADRENAL, Ac. ANTI- (A.A.C.A);0;664002;NBU;BAJA;10000
664008;CORTISOL LIBRE - urinario (CLU);26172;664008;NBU;BAJA;10000
664012;CORTISOL - salival;26172;664012;NBU;BAJA;10000
664033;COTININA - sérica;54525;664033;NBU;BAJA;10000
664035;COTININA - urinaria;54525;664035;NBU;BAJA;10000
664050;ACIDO AMINOLEVULINICO-DH  (ALADH);65430;664050;NBU;BAJA;10000
664059;COXIELLA BURNETTI, Ac. IgM Anti-;65430;664059;NBU;BAJA;10000
664068;COXSACKIE VIRUS A, 2-7-9, Ac. Anti- (c/u);41439;664068;NBU;BAJA;10000
664076;COXSACKIE VIRUS B, 1-2-3-4-5-6, Ag. (c/u);41439;664076;NBU;BAJA;10000
664085;COXSACKIE VIRUS B, 1-2-3-4-5-6, Ac. Anti- (pool);41439;664085;NBU;BAJA;10000
664093;COXSACKIE VIRUS B, 1-2-3-4-5-6, Ac. Anti- (c/u);41439;664093;NBU;BAJA;10000
664102;COXSACKIE VIRUS B, 1-2-3-4-5-6, Ac. IgM Anti- (c/u);50163;664102;NBU;BAJA;10000
664105;CREATINA - sérica;21810;664105;NBU;BAJA;10000
664106;CREATINA - urinaria;21810;664106;NBU;BAJA;10000
664110;CRIOCRITO;21810;664110;NBU;ALTA;20000
664119;CRIOFIBRINÓGENO;21810;664119;NBU;ALTA;20000
664125;CRISTALIZACIÓN en lágrimas;15267;664125;NBU;ALTA;20000
664132;CROMO (Cr)- pelo;47982;664132;NBU;ALTA;20000
664134;CROMO (Cr) - sérico;43620;664134;NBU;ALTA;20000
664136;CROMO (Cr) - urinario;43620;664136;NBU;ALTA;20000
664141;CROMOGRANINA A;327150;664141;NBU;ALTA;20000
664143;CROMOSOMA, ALTERACIONES del (c/u) Delección Cromosoma 13 (FISH);894210;664143;NBU;ALTA;20000
664144;CROMOSOMA, ALTERACIONES del (c/u) - Delección 17 P53 - (FISH);894210;664144;NBU;ALTA;20000
664145;CROMOSOMA, ALTERACIONES del (c/u) Delección cromosoma 6 MYB (FISH);894210;664145;NBU;ALTA;20000
664146;CROMOSOMA, ALTERACIONES del (c/u) Delección C11 ATM-5q-7q - gen ATM (FISH);894210;664146;NBU;ALTA;20000
664147;CROMOSOMA, ALTERACIONES del (c/u) TRISOMÍA 12 - CENTRÓMERO 12 (FISH);894210;664147;NBU;BAJA;10000
664150;CROMOSOMA FILADELFIA - PCR - LMC -;479820;664150;NBU;BAJA;10000
664155;CROMOSOMA X, FRAGILIDAD - PCR;545250;664155;NBU;ALTA;20000
664160;CROMOSOMA X, FISH;545250;664160;NBU;BAJA;10000
664165;CROMOSOMA Y, DELECCIONES del;599775;664165;NBU;BAJA;10000
664187;CROSS MATCH, AUTÓLOGO - Citom. de Flujo;458010;664187;NBU;ALTA;20000
664190;CROSS MATCH, AUTÓLOGO - Linfotoxicidad.;119955;664190;NBU;ALTA;20000
664196;CROSS MATCH, CONTRA PANEL;898572;664196;NBU;BAJA;10000
664204;CROSS MATCH, DONANTE - Citom. de Flujo;501630;664204;NBU;BAJA;10000
664213;CROSS MATCH, DONANTE - Linfotoxicidad.;141765;664213;NBU;BAJA;10000
664221;CROSS MATCH, DTT;141765;664221;NBU;BAJA;10000
664230;CROSS MATCH, MATRIMONIAL - Citometría de Flujo;654300;664230;NBU;BAJA;10000
664240;CROSS MATCH, PACIENTE HIPERSENSIBILIZADO;239910;664240;NBU;BAJA;10000
664256;CRYPTOSPORIDIUM Sp,;32715;664256;NBU;BAJA;10000
664264;Fosfolipídicos, Ac IgM;87240;664264;NBU;BAJA;10000
664266;"CRYPTOCOCCUS NEOFORMANS, Ag. (Microscopía -
Tinta china)";17448;664266;NBU;BAJA;10000
664290;CUERPOS REDUCTORES;15267;664290;NBU;BAJA;10000
664307;4,4' -DDD (p,p' -DDD) - 4,4'- DICLORODIFENILDICLOROETANO;130860;664307;NBU;BAJA;10000
664315;4,4' -DDE (p,p' - DDE) - 4,4'- DICLORODIFENILDICLOROETILENO;130860;664315;NBU;BAJA;10000
664324;4,4' -DDT (p,p' -DDT) - 4,4'- DICLORODIFENILTRICLOROETANO;130860;664324;NBU;BAJA;10000
664333;DEGRANULACIÓN DE BASÓFILOS - TEST DE ACTIVACIÓN DE BASÓFILOS;1046880;664333;NBU;BAJA;10000
664340;DEHIDROEPIANDROSTERONA;43620;664340;NBU;ALTA;20000
664350;"Delta-BHC (?-HCH) - delta-HEXACLORURO de BENCENO
- delta-HEXACLORAN - delta-LINDANO - delta- 1,2,3,4,5,6-HEXACLOROCICLOHEXANO.";130860;664350;NBU;ALTA;20000
664361;DENGUE, Ac. Anti- IgG;76335;664361;NBU;BAJA;10000
664363;DENGUE, Ac. Anti- IgM;76335;664363;NBU;BAJA;10000
664365;DENGUE, Acs. Anti- IgG e IgM (Cualitativo);76335;664365;NBU;ALTA;20000
664367;DENGUE, Ag. - ELISA;76335;664367;NBU;BAJA;10000
664369;DENGUE - PCR;239910;664369;NBU;BAJA;10000
664370;DENGUE - SEROTIPIFICACIÓN;283530;664370;NBU;BAJA;10000
664375;DEOXIPIRIDINOLINAS (DPD);61068;664375;NBU;BAJA;10000
664384;DESIPRAMINA;52344;664384;NBU;BAJA;10000
664387;DESMOGLEINA, Ac. Anti- Ag. 1 y 3 IgG;239910;664387;NBU;BAJA;10000
664388;DIAZINÓN;130860;664388;NBU;BAJA;10000
664392;DIELDRIN;130860;664392;NBU;BAJA;10000
664418;DIMERO-D;76335;664418;NBU;ALTA;20000
664435;DIMETOATO;130860;664435;NBU;BAJA;10000
664444;DIMETOXIFENILETILAMINA, 3,4- (DMFA);41439;664444;NBU;BAJA;10000
664452;DISULFOTÓN;130860;664452;NBU;BAJA;10000
664461;DNA, SS - CADENA SIMPLE (DNAss);76335;664461;NBU;BAJA;10000
664469;DNA, DESNATURALIZADO, Ac. Anti -;87240;664469;NBU;BAJA;10000
664478;DNA, Muestra Forense;3053400;664478;NBU;BAJA;10000
664503;DOPAMINA, TOTAL - sérica;43620;664503;NBU;BAJA;10000
664512;DOPAMINA LIBRE - urinaria;43620;664512;NBU;BAJA;10000
664521;DOXEPINA;54525;664521;NBU;BAJA;10000
664546;ECHINOCOCCUS GRANULOSOS, Ac. IgG Anti-;50163;664546;NBU;BAJA;10000
664549;ECHINOCOCCUS GRANULOSOS, Ac. IgM Anti-;54525;664549;NBU;ALTA;20000
664563;ECHO COXSACKIE, 1-6 Ac. IgG Anti-;52344;664563;NBU;BAJA;10000
664566;ECHO COXSACKIE, 1-6 IgM;61068;664566;NBU;BAJA;10000
664580;ECHOVIRUS, Ac. IgG Anti-;65430;664580;NBU;BAJA;10000
664583;ECHOVIRUS, Ac. IgM Anti-;65430;664583;NBU;BAJA;10000
664590;ECTOPARÁSITOS, Búsqueda e identificación.;54525;664590;NBU;BAJA;10000
664600;ELASTASA PANCREÁTICA;261720;664600;NBU;BAJA;10000
664615;EMBRIOTOXICIDAD, BIOENSAYO.;0;664615;NBU;BAJA;10000
664623;ENA, Ac. Anti- (ANTÍGENOS NUCLEARES EXTRAÍDOS, Ac. Anti- ) - (SSA, SSB, Sm, RNP o U1RNP);109050;664623;NBU;BAJA;10000
664632;ENDOMISIO, Ac. IgA Anti- (EMA IgA);54525;664632;NBU;BAJA;10000
664640;ENDOMISIO, Ac. IgG Anti- (EMA IgG);54525;664640;NBU;BAJA;10000
664648;ENDOSULFAN I;130860;664648;NBU;BAJA;10000
664649;ENDOSULFAN II;130860;664649;NBU;ALTA;20000
664652;ENDOSULFAN SULFATO;130860;664652;NBU;ALTA;20000
664666;ENDRIN;130860;664666;NBU;BAJA;10000
664668;ENDRIN ALDEHIDO;0;664668;NBU;BAJA;10000
664674;ENTAMOEBA HISTOLYTICA, Ac. IgG Anti-;87240;664674;NBU;ALTA;20000
664677;ENTAMOEBA HISTOLYTICA, Ac. IgM Anti-;87240;664677;NBU;BAJA;10000
664682;ENTEROCOCOS VANCOMICINA RESISTENTE - PCR;207195;664682;NBU;ALTA;20000
664691;ENTEROVIRUS - PCR;196290;664691;NBU;BAJA;10000
664700;ENZIMA CONVERTIDORA de ANGIOTENSINA (ECA);87240;664700;NBU;ALTA;20000
664709;EPSTEIN BARR, Anti- EBNA (Epstein Barr Nuclear Associated Antigen);87240;664709;NBU;BAJA;10000
664717;EPSTEIN BARR, detección cuantitativa - PCR;327150;664717;NBU;BAJA;10000
664726;EPSTEIN BARR, Early Antig. Ac.;65430;664726;NBU;BAJA;10000
664728;EPSTEIN BARR, detección cualitativa - PCR;196290;664728;NBU;BAJA;10000
664734;ERITROPOYETINA (EPO);98145;664734;NBU;BAJA;10000
664738;ESCHERICHIA COLI - ENTEROPATÓGENA - PCR;207195;664738;NBU;BAJA;10000
664749;ESPERMA, Ac. Anti- ESPERMATOZOIDES (DIRECTO);32715;664749;NBU;BAJA;10000
664755;ESPERMA, Ac. Anti- ESPERMATOZOIDES (INDIRECTO);32715;664755;NBU;ALTA;20000
664775;ESPERMA, CÉLULAS REDONDAS CON DIFERENCIACIÓN DE PEROXIDASAS;21810;664775;NBU;BAJA;10000
664778;ESPERMA, CÉLULAS REDONDAS TOTALES EN SEMEN;10905;664778;NBU;BAJA;10000
664793;"ESPERMA, CONDENSACIÓN NUCLEAR DE LA
CROMATINA (Azul Anilina, Tinción)";54525;664793;NBU;BAJA;10000
664811;ESPERMA, DIGESTIÓN EN GELATINA ACROSÓMICA;43620;664811;NBU;BAJA;10000
664823;ESPERMA, ESPERMATOZOIDES EN ORINA, ESTUDIO DE RETROEYACULACIÓN;21810;664823;NBU;ALTA;20000
664825;ESPERMA, ESPERMATOZOIDES DE ORINA, RECUPERACIÓN PARA SELECCIÓN  DIAGNÓSTICA;130860;664825;NBU;BAJA;10000
664827;ESPERMA, ESPERMATOZOIDES DE ORINA, RECUPERACIÓN PARA SELECCIÓN  EN INSEMINACIÓN;261720;664827;NBU;BAJA;10000
664838;ESPERMA, HETEROGENEIDAD CROMATÍNICA (NARANJA DE ACRIDINA);43620;664838;NBU;BAJA;10000
664846;ESPERMA, INDICE DE TERATOZOOSPERMIA;43620;664846;NBU;ALTA;20000
664858;ESPERMA - MODULO I (ESPERMOGRAMA COMPLETO);106869;664858;NBU;BAJA;10000
664860;ESPERMA - MODULO II;233367;664860;NBU;BAJA;10000
664868;ESPERMA, MORFOLOGÍA CRITERIO ESTRICTO (OMS 2010 - MORFOLOGÍA KRUGER);21810;664868;NBU;ALTA;20000
664878;ESPERMA, PRUEBA DE SOBREVIDA ESPERMÁTICA;21810;664878;NBU;BAJA;10000
664889;ESPERMA, RECUENTO DE ESPERMATOZOIDES;13086;664889;NBU;ALTA;20000
664923;ESPERMA, SELECCIÓN DE GRADIENTES (DIAGNÓSTICO);130860;664923;NBU;BAJA;10000
664930;ESPERMA, SELECCIÓN DE GRADIENTES (INSEMINACIÓN);218100;664930;NBU;BAJA;10000
664941;ESPERMA, SWIM UP (DIAGNÓSTICO);130860;664941;NBU;BAJA;10000
664949;ESPERMA, SWIM UP (INSEMINACIÓN);218100;664949;NBU;BAJA;10000
664964;ESPERMA, TEST DE FRAGMENTACIÓN DE ADN ESPERMÁTICO;239910;664964;NBU;BAJA;10000
664971;ESPERMA, TEST DE HIPERACTIVACIÓN;47982;664971;NBU;BAJA;10000
664978;ESPERMA, TEST DE MOST;163575;664978;NBU;BAJA;10000
664985;ESPERMA, TEST HIPOSMÓTICO;17448;664985;NBU;BAJA;10000
664999;ESTEATOCRITO (Grasas - materia fecal);19629;664999;NBU;ALTA;20000
665008;ESTIRENO;34896;665008;NBU;BAJA;10000
665016;ESTRADIOL BIODISPONIBLE (E2 Biodisponible);54525;665016;NBU;BAJA;10000
665033;ESTRIOL LIBRE - sérico.;76335;665033;NBU;BAJA;10000
665043;ETIÓN;130860;665043;NBU;BAJA;10000
665050;EUGLOBULINAS, LISIS de (pre y post-isquemia);32715;665050;NBU;BAJA;10000
665053;EVEROLIMUS;196290;665053;NBU;BAJA;10000
665055;EXTASIS - MDMA (Inmunoensayo);98145;665055;NBU;BAJA;10000
665059;FACTOR de COAGULACIÓN II;76335;665059;NBU;BAJA;10000
665067;FACTOR de COAGULACIÓN XI;76335;665067;NBU;BAJA;10000
665076;FACTOR de COAGULACIÓN XII;76335;665076;NBU;BAJA;10000
665077;FACTOR de COAGULACIÓN XIII;76335;665077;NBU;BAJA;10000
665085;FACTOR INTRÍNSECO, Ac. Anti-;119955;665085;NBU;BAJA;10000
665093;FACTOR REUMATOIDEO (Nefelometría);34896;665093;NBU;BAJA;10000
665102;FACTOR V LEIDEN - PCR;207195;665102;NBU;BAJA;10000
665116;FACTOR VON WILLEBRAND, Funcional;152670;665116;NBU;BAJA;10000
665119;FACTOR VON WILLEBRAND (Inmunológico);130860;665119;NBU;BAJA;10000
665127;FAMPHUR (FAMFUR);130860;665127;NBU;BAJA;10000
665132;FELBAMATO;0;665132;NBU;BAJA;10000
665136;FENCICLIDINA - FENILCICLOHEXILPIPERIDINA -PCP (IFP);43620;665136;NBU;BAJA;10000
665144;FENETILAMINA - F.E.A.;54525;665144;NBU;ALTA;20000
665204;FENITOTRIÓN;130860;665204;NBU;ALTA;20000
665213;FENOLES - urinarios;41439;665213;NBU;ALTA;20000
665222;FENTANILO - urinario;109050;665222;NBU;ALTA;20000
665230;FERRITINA;32715;665230;NBU;ALTA;20000
665238;"FIBRINÓGENO, PRODUCTOS DE DEGRADACIÓN
(P.D.F.) - urinario";65430;665238;NBU;ALTA;20000
665247;FIBROSIS QUÍSTICA, 19 MUTACIONES - PCR;676110;665247;NBU;ALTA;20000
665255;FIBROSIS QUÍSTICA, 29 MUTACIONES - PCR;981450;665255;NBU;BAJA;10000
665258;FIBROSIS QUÍSTICA, 32 MUTACIONES - PCR;1014165;665258;NBU;ALTA;20000
665265;FIBROSIS QUISTICA, DF508;218100;665265;NBU;BAJA;10000
665273;"FILIACIÓN ESTUDIO DNA EXTRA (por cada uno
agregado)";599775;665273;NBU;BAJA;10000
665281;FILIACIÓN ESTUDIO DNA HASTA 3;1744800;665281;NBU;BAJA;10000
665290;FISH WILLIAMS;894210;665290;NBU;BAJA;10000
665298;FK - 506 - Tacrolimus;130860;665298;NBU;BAJA;10000
665300;FLAVIVIRUS;196290;665300;NBU;BAJA;10000
665307;FORATO;130860;665307;NBU;BAJA;10000
665319;FOSFATASA ÁCIDA LEUCOCITARIA;32715;665319;NBU;BAJA;10000
665324;FOSFATASA ACIDA PROSTATICA (RIA);41439;665324;NBU;BAJA;10000
665332;FOSFATASA ÁCIDA TARTRATO RESISTENTE;17448;665332;NBU;BAJA;10000
665335;FOSFATASA ÁCIDA TARTRATO RESISTENTE LEUC.;26172;665335;NBU;BAJA;10000
665349;FOSFATASA ALCALINA OSEA (RIA);54525;665349;NBU;BAJA;10000
665375;FOSFATIDIL COLINA, Ac. IgG Anti-;39258;665375;NBU;BAJA;10000
665378;FOSFATIDIL COLINA, Ac. IgM Anti-;39258;665378;NBU;BAJA;10000
665392;FOSFATIDIL GLICEROL, Ac. IgG Anti-;43620;665392;NBU;BAJA;10000
665409;FOSFATIDIL INOSITOL, Ac. IgG Anti-;39258;665409;NBU;BAJA;10000
665412;FOSFATIDIL INOSITOL, Ac. IgM Anti-;39258;665412;NBU;BAJA;10000
665424;FOSFATIDIL SERINA, Ac. IgA Anti-;76335;665424;NBU;BAJA;10000
665426;FOSFATIDIL SERINA, Ac. IgG ó Ac. Totales Anti-;54525;665426;NBU;BAJA;10000
665428;FOSFATIDIL SERINA, Ac. IgM Anti-;54525;665428;NBU;ALTA;20000
665443;FOSFOHEXOSA ISOMERASA, Sérica - PHI;13086;665443;NBU;BAJA;10000
665452;FOSFOLIPIDOS, Ac. IgG Anti-;43620;665452;NBU;BAJA;10000
665461;FOSFOLIPIDOS, Ac. IgM Anti-;43620;665461;NBU;BAJA;10000
665465;FOSFOLIPIDOS, Ac. Totales Anti- (IgA, IgG, IgM);54525;665465;NBU;BAJA;10000
665469;FREE ANDROGEN INDEX-FAI;65430;665469;NBU;ALTA;20000
665472;FRIEDRICH, ATAXIA DE;981450;665472;NBU;BAJA;10000
665478;FRUCTOSA, líquido seminal o sérica o urinaria;21810;665478;NBU;BAJA;10000
665486;"FSH, Urinaria (HORMONA FOLÍCULO ESTIMULANTE -
Urinaria)";0;665486;NBU;ALTA;20000
665494;GABAPENTINA;0;665494;NBU;ALTA;20000
665503;GAD, Ac. Anti- Glutamico Acid Decarboxilase (ÁCIDO GLUTÁMICO DESCARBOXILASA, Ac. Anti-);130860;665503;NBU;ALTA;20000
665508;GALACTOMANANO de ASPERGILLUS, Ag.;218100;665508;NBU;ALTA;20000
665512;GALACTOSA 1-URIDIL FOSFOTRANSFERASA;163575;665512;NBU;ALTA;20000
665520;Gamma-BHC (?-HCH) - gamma-HEXACLORURO de BENCENO - gamma-HEXACLORAN - gamma-LINDANO - gamma-1,2,3,4,5,6-HEXACLOROCICLOHEXANO;130860;665520;NBU;BAJA;10000
665529;GANGLIOSIDO ASIALO GM1, Ac. Anti-;436200;665529;NBU;BAJA;10000
665533;GANGLIOSIDO GD 1B, Ac. Anti-;327150;665533;NBU;BAJA;10000
665537;GANGLIOSIDO GM1, Ac. (IgG + IgM) Anti-;327150;665537;NBU;BAJA;10000
665541;GANGLIOSIDO QUADROSIALO, GQ1b Ac. IgG;436200;665541;NBU;BAJA;10000
665546;GANGLIOSIDOS PANEL, Ac. (IgG + IgM) GM1 Asialo, GM2, GD1A, GD1b, GQ1b;1962900;665546;NBU;BAJA;10000
665555;GENOTIPO de Rho (c/u);32715;665555;NBU;BAJA;10000
665563;GENTAMICINA;54525;665563;NBU;BAJA;10000
665576;GLUCOSA POST PRANDIAL ;52344;665576;NBU;BAJA;10000
665583;GLIADINA, Ac. IgG Anti- PÉPTIDO DEAMIDADO de (DGP-IgG Anti-);52344;665583;NBU;BAJA;10000
665589;JAK2-MUTACIONES EXON12;0;665589;NBU;BAJA;10000
665597;GLICINA (HPLC);0;665597;NBU;ALTA;20000
665606;GLICOFORINA, Citometría de Flujo;65430;665606;NBU;BAJA;10000
665621;GLICOSAMINOGLICANOS, cuantitativo;152670;665621;NBU;BAJA;10000
665632;GLOBULINA LIGADORA DE ANDROGENOS Y ESTROGENOS (GLAE / SHBG);47982;665632;NBU;BAJA;10000
665640;GLOBULINA LIGADORA DE CORTICOIDES (CBG);0;665640;NBU;BAJA;10000
665644;GLOBULINA TRANSPORTADORA DE TIROXINA (TBG);91602;665644;NBU;BAJA;10000
665649;GLUCOCEREBROSIDASA;305340;665649;NBU;BAJA;10000
665666;GLUTATIÓN PEROXIDASA (GPO);54525;665666;NBU;BAJA;10000
665685;HAEMOPHILUS INFLUENZA, Ac. IgG Anti-;87240;665685;NBU;BAJA;10000
665687;HAEMOPHILUS INFLUENZA, Ac. IgM Anti-;87240;665687;NBU;BAJA;10000
665691;HAEMOPHILUS INFLUENZAE B, Ag. - plasmático;54525;665691;NBU;BAJA;10000
665694;HAEMOPHILUS INFLUENZAE B, Ag. - urinario;54525;665694;NBU;BAJA;10000
665708;HALOPERIDOL;65430;665708;NBU;BAJA;10000
665715;HAM, PRUEBA DE;21810;665715;NBU;BAJA;10000
665724;HANTAVIRUS, Ac. IgG Anti-;130860;665724;NBU;BAJA;10000
665726;HANTAVIRUS, Ac. IgM Anti-;130860;665726;NBU;BAJA;10000
665743;HELICOBACTER PYLORI, Ac. IgA Anti-;47982;665743;NBU;ALTA;20000
665751;HELICOBACTER PYLORI, Ac. IgG Anti-;34896;665751;NBU;ALTA;20000
665760;HELICOBACTER PYLORI, Ac. IgM Anti-;34896;665760;NBU;ALTA;20000
665768;HELICOBACTER PYLORI, Aire espirado;0;665768;NBU;ALTA;20000
665777;HELICOBACTER PYLORI (Cultivo - Tipificación).;61068;665777;NBU;BAJA;10000
665780;HEMATÍES, PRUEBA ELUSIÓN ÁCIDA DE;17448;665780;NBU;BAJA;10000
665785;"HEMOCROMATOSIS, Gen HH - PCR
(HEMOCROMATOSIS HEREDITARIA HH - Gen HFE- CROMOSOMA 6)";719730;665785;NBU;BAJA;10000
665787;HEMOCROMATOSIS, MUTACIÓN Gen C282Y - PCR;239910;665787;NBU;BAJA;10000
665789;HEMOCROMATOSIS, MUTACIÓN Gen H63D - PCR;239910;665789;NBU;BAJA;10000
665791;HEMOCROMATOSIS, MUTACIÓN Gen S65C - PCR;239910;665791;NBU;ALTA;20000
665797;HEMOCULTIVO AEROBIOS AUTOMATIZADO (c/u);65430;665797;NBU;BAJA;10000
665802;HEMOGLOBINA A1 (Hb-A1) Electroforesis;26172;665802;NBU;BAJA;10000
665811;HEMOGLOBINA A2 (HbA2) (Cromatografía/Intercambio Iónico);43620;665811;NBU;BAJA;10000
665820;HEMOGLOBINA FETAL;21810;665820;NBU;BAJA;10000
665828;HEMOGLOBINA S;19629;665828;NBU;BAJA;10000
665837;"HEMOGLOBINURIA PAROXÍSTICA NOCTURNA,
DETECCIÓN de -  por Citometría de Flujo";381675;665837;NBU;BAJA;10000
665845;HEMOPEXINA;0;665845;NBU;BAJA;10000
665854;HEMOSIDERINURIA;19629;665854;NBU;BAJA;10000
665868;HEPARINA, Ac. Anti- (PFA4);0;665868;NBU;ALTA;20000
665871;HEPARINA, ACTIVIDAD ANTI XA de la (LMWH) - HEPARINA de BAJO PESO MOLECULAR (HBPM).;87240;665871;NBU;ALTA;20000
665879;HEPÁTICOS, AUTOANTICUERPOS (panel);0;665879;NBU;BAJA;10000
665888;HEPATITIS A, Ac. Anti- IgG (HVA IgG) o Ac. Totales (RIA o ELISA);32715;665888;NBU;BAJA;10000
665896;"HEPATITIS B, Ac. Anti- ""e"" (HBe Ac)";32715;665896;NBU;ALTA;20000
665905;"HEPATITIS B, Ac. Anti- ""Core"" IgM (HBcM) - (RIA o ELISA)";39258;665905;NBU;ALTA;20000
665914;HEPATITIS B, Carga viral;403485;665914;NBU;ALTA;20000
665931;HEPATITIS B, DNA viral (HBV-DNA) (PCR - Cualitativo);174480;665931;NBU;ALTA;20000
665939;HEPATITIS C, Ac. Anti- IgM;130860;665939;NBU;BAJA;10000
665945;HEPATITIS C, Antígeno;130860;665945;NBU;BAJA;10000
665956;HEPATITIS C, Carga viral (PCR);403485;665956;NBU;ALTA;20000
665965;HEPATITIS C, Genotipificación (PCR);294435;665965;NBU;ALTA;20000
665973;HEPATITIS C, LIA;327150;665973;NBU;BAJA;10000
665982;HEPATITIS C, RNA Cualitativo - PCR;261720;665982;NBU;BAJA;10000
665990;HEPATITIS DELTA, Ac. IgG ó Totales Anti-;104688;665990;NBU;ALTA;20000
665993;HEPATITIS DELTA, Ac. IgM Anti-;109050;665993;NBU;BAJA;10000
666008;HEPATITIS E, Ac. IgG Anti-;65430;666008;NBU;ALTA;20000
666011;HEPATITIS E - PCR;272625;666011;NBU;ALTA;20000
666016;HEPTACLORO;130860;666016;NBU;BAJA;10000
666019;HEPTACLORO HEPOXIDE;130860;666019;NBU;BAJA;10000
666028;HER 2 / neu - ErbB2;1090500;666028;NBU;BAJA;10000
666034;HERPES SIMPLEX, 1 / 2 - Antic. Totales (IFI);65430;666034;NBU;BAJA;10000
666037;HERPES SIMPLEX, 1 / 2 - PCR;196290;666037;NBU;BAJA;10000
666038;HERPES SIMPLEX, 1 / 2 - TIPIFICACIÓN - PCR;283530;666038;NBU;BAJA;10000
666040;HERPES SIMPLEX 1, Ac. IgA Anti-;47982;666040;NBU;BAJA;10000
666042;HERPES SIMPLEX 1, Ac. IgG ó Totales Anti-;41439;666042;NBU;BAJA;10000
666050;HERPES SIMPLEX 1, Ac. IgM Anti-;41439;666050;NBU;BAJA;10000
666059;HERPES SIMPLEX 2, Ac. IgA Anti-;47982;666059;NBU;ALTA;20000
666067;HERPES SIMPLEX 2, Ac. IgG ó Totales Anti-;41439;666067;NBU;BAJA;10000
666076;HERPES SIMPLEX 2, Ac. IgM Anti-;41439;666076;NBU;BAJA;10000
666084;HERPES SIMPLEX, Ag.;54525;666084;NBU;BAJA;10000
666093;HERPES VIRUS 6 HUMAN, Ac. IgG (HHV6-IgG) Anti-;80697;666093;NBU;BAJA;10000
666096;HERPES VIRUS 6 HUMAN, Ac. IgM (HHV6-IgM) Anti-;80697;666096;NBU;BAJA;10000
666098;HERPES VIRUS 6 HUMAN - PCR;196290;666098;NBU;ALTA;20000
666100;HERPES VIRUS 6 HUMAN - Carga Viral;327150;666100;NBU;BAJA;10000
666110;HERPES VIRUS 7, Ac. IgG Anti- HHV;98145;666110;NBU;BAJA;10000
666113;HERPES VIRUS 7, Ac. IgM Anti- HHV;98145;666113;NBU;ALTA;20000
666117;HERPES VIRUS 8 - Ac. IgG Anti- HHV;130860;666117;NBU;BAJA;10000
666118;HERPES VIRUS 8 - Ac. IgM Anti- HHV;130860;666118;NBU;BAJA;10000
666120;HERPES VIRUS 8 - PCR;196290;666120;NBU;BAJA;10000
666136;HEXANO;34896;666136;NBU;BAJA;10000
666144;HEXANODIONA, (2,5-);43620;666144;NBU;BAJA;10000
666153;HEXOSAMINIDASA TOTAL, A y B;654300;666153;NBU;BAJA;10000
666170;HIDATIDOSIS, Ac. IgM Anti- (ELISA);54525;666170;NBU;BAJA;10000
666173;HIDATIDOSIS, Ac. IgM Anti- (IFI);43620;666173;NBU;BAJA;10000
666183;HIDROCARBUROS ALIFÁTICOS;34896;666183;NBU;BAJA;10000
666187;HIDROCARBUROS AROMÁTICOS;34896;666187;NBU;BAJA;10000
666196;Inmunogamaglobulina G Subclase 3;0;666196;NBU;BAJA;10000
666204;HIDROXIPIRENO;43620;666204;NBU;BAJA;10000
666209;HIERRO, Médula Osea (MO) - TINCIÓN DE PERLS.;26172;666209;NBU;BAJA;10000
666211;HIERRO, TINCIÓN DE;17448;666211;NBU;BAJA;10000
666213;HIERRO - Urinario;8724;666213;NBU;ALTA;20000
666222;HISTAMINA - Plasmática;82878;666222;NBU;BAJA;10000
666225;HISTAMINA - Urinaria;82878;666225;NBU;BAJA;10000
666238;HISTONA, Ac. Anti-;65430;666238;NBU;BAJA;10000
666247;HISTOPLASMA CAPSULATUM, Ac. IgG Anti-;52344;666247;NBU;ALTA;20000
666255;HISTOPLASMA CAPSULATUM, Ac. IgM Anti-;52344;666255;NBU;ALTA;20000
666264;HIV - PCR Cualitativo;174480;666264;NBU;ALTA;20000
666272;HIV 1 ANTI-P-24 (core);74154;666272;NBU;ALTA;20000
666275;HIV - P-24 (Antigenemia);54525;666275;NBU;ALTA;20000
666278;HIV - P-24 - HIV 1 y 2 (Combo);43620;666278;NBU;ALTA;20000
666281;HIV - RESISTENCIA A ANTIRETROVIRALES;872400;666281;NBU;ALTA;20000
666284;HIV - RESISTENCIA A  INHIBIDORES DE INTEGRASA;327150;666284;NBU;ALTA;20000
666300;HLA A, Molecular;327150;666300;NBU;ALTA;20000
666303;HLA B, Molecular;327150;666303;NBU;ALTA;20000
666332;HLA B 27 Molecular;174480;666332;NBU;ALTA;20000
666337;"HLA-B 5701 GENOTIPO, ABACAVIR HIPERSENSIBILIDAD,
sangre";436200;666337;NBU;ALTA;20000
666341;HLA C Molecular;305340;666341;NBU;BAJA;10000
666401;HLA DQ Molecular;348960;666401;NBU;BAJA;10000
666409;HLA DR Citometría Flujo;218100;666409;NBU;BAJA;10000
666426;HLA DR Molecular;327150;666426;NBU;BAJA;10000
666443;HLA DQA1, DQB1 (DIABETES) PCR;348960;666443;NBU;ALTA;20000
666445;HLA DQ2-DQ8 (CELIAQUIA) PCR;348960;666445;NBU;BAJA;10000
666452;HOMOCISTEINA;65430;666452;NBU;ALTA;20000
666455;HOMOCISTINA, Orina;32715;666455;NBU;ALTA;20000
666486;HOWELL, TEST (Plasma recalcificado, tiempo de-);10905;666486;NBU;BAJA;10000
666529;TACROLIMUS (FK 506) ;54525;666529;NBU;BAJA;10000
666533;HTLV-1 PCR;218100;666533;NBU;BAJA;10000
666537;HTLV-I/II (Partículas o ELISA);50163;666537;NBU;BAJA;10000
666540;HTLV, Confirmatorio (Western Blot);218100;666540;NBU;BAJA;10000
666554;Hu (ANNA-1) Ac. Anti-;218100;666554;NBU;BAJA;10000
666560;IA 2, Ac. Anti- (Ac. Anti- TIROSINFOSFATASA 2);218100;666560;NBU;BAJA;10000
666570;IDENTIFICACIÓN MICROBIOLÓGICA AUTOMATIZADA.;109050;666570;NBU;BAJA;10000
666572;IDENTIFICACIÓN MICROBIOLÓGICA POR PCR.;109050;666572;NBU;BAJA;10000
666585;IgA BC - lágrima - INMUNOGLOBULINA A Baja Concentración en lágrima.;43620;666585;NBU;BAJA;10000
666587;"IgA BC - LCR - INMUNOGLOBULINA A Baja
Concentración en Líquido Céfalo Raquídeo.";17448;666587;NBU;BAJA;10000
666589;IgA BC - saliva - INMUNOGLOBULINA A Baja Concentración en saliva.;17448;666589;NBU;BAJA;10000
666597;IgE BC - INMUNOGLOBULINA E Baja Concentración.;26172;666597;NBU;BAJA;10000
666600;IgE BC - lágrimas - INMUNOGLOBULINA E Baja Concentración en lágrima.;43620;666600;NBU;BAJA;10000
666602;"IgE BC - LCR - INMUNOGLOBULINA E Baja
Concentración en Líquido Céfalo Raquídeo.";26172;666602;NBU;BAJA;10000
666606;IgE ESPECÍFICA - INMUNOGLOBULINA E ESPECÍFICA.;28353;666606;NBU;ALTA;20000
666614;IgE RAST - INMUNOGLOBULINA E - para antibióticos (incluye Penicilinas);43620;666614;NBU;BAJA;10000
666634;IgG - INMUNOGLOBULINA G, ASOCIADA A PLAQUETAS.;0;666634;NBU;BAJA;10000
666640;IgG - INMUNOGLOBULINA G, Índice de (LCR/Sérica);61068;666640;NBU;BAJA;10000
666648;IgG - LCR - INMUNOGLOBULINA G en Líquido Céfalo Raquídeo.;43620;666648;NBU;ALTA;20000
666652;IgG - INMUNOGLUBULINA G, INTOLERANCIA ALIMENTICIA (c/u);21810;666652;NBU;BAJA;10000
666657;IgG - INMUNOGLOBULINA G, Subclases (Modulo 4 Subclases);599775;666657;NBU;BAJA;10000
666666;IgM - INMUNOGLOBULINA M, ASOCIADA A PLAQUETAS.;0;666666;NBU;BAJA;10000
666674;IgM, LCR - INMUNOGLOBULINA M, en Líquido Céfalo Raquídeo.;26172;666674;NBU;BAJA;10000
666676;IgM - INMUNOGLOBULINA M Baja Concentración, en saliva;26172;666676;NBU;BAJA;10000
666691;IL2-R - CD25 receptor soluble;0;666691;NBU;BAJA;10000
666700;INDICAN;10905;666700;NBU;BAJA;10000
666708;INDICE de INSULINO RESISTENCIA;29443,5;666708;NBU;BAJA;10000
666711;INDICE de FUNCIÓN RENAL;6543;666711;NBU;BAJA;10000
666713;"INDICE de LESIÓN RENAL (ABUMINA / CREATININA) -
urinario";33805,5;666713;NBU;BAJA;10000
666714;"INDICE de LESIÓN RENAL (PROTEINAS / CREATININA) -
urinario";9814,5;666714;NBU;BAJA;10000
666717;INDICE de PRODUCCIÓN RETICULOCITARIA;10905;666717;NBU;ALTA;20000
666720;INDICE de RESORCIÓN OSEA;10905;666720;NBU;BAJA;10000
666722;INDICE de RIESGO CARDIOVACULAR;4362;666722;NBU;BAJA;10000
666725;INFLUENZA A, ANTÍGENO (Ag.);43620;666725;NBU;BAJA;10000
666728;INFLUENZA A, ANTIGENOS (Ags.) - Material: hisopado nasal / faríngeo / aspirados - PCR;207195;666728;NBU;BAJA;10000
666730;"INFLUENZA A, ANTIGENOS (Ags.) Suptipo H1N1 -
Material: hisopado nasal / faríngeo / aspirados";43620;666730;NBU;BAJA;10000
666732;"INFLUENZA A, ANTIGENOS (Ags.) Suptipo H1N1 -
Material: hisopado nasal / faríngeo / aspirados - PCR";207195;666732;NBU;ALTA;20000
666734;INFLUENZA A, Ac. IgG Anti-;34896;666734;NBU;BAJA;10000
666742;INFLUENZA A, Ac. IgM Anti-;39258;666742;NBU;BAJA;10000
666751;INFLUENZA B, Ac. IgG Anti-;34896;666751;NBU;BAJA;10000
666760;INFLUENZA B, Ac. IgM Anti-;39258;666760;NBU;BAJA;10000
666768;INFLUENZA B, ANTÍGENO (Ag.);43620;666768;NBU;BAJA;10000
666788;INHIBINA B - sérica;218100;666788;NBU;BAJA;10000
666819;INMUNOCOMPLEJOS CIRCULANTES (CIC);65430;666819;NBU;ALTA;20000
666848;INMUNOFIJACIÓN - LCR;353322;666848;NBU;ALTA;20000
666850;INMUNOFIJACIÓN - sérica;353322;666850;NBU;BAJA;10000
666852;INMUNOFIJACIÓN - urinaria;353322;666852;NBU;BAJA;10000
666856;INMUNOMARCACIÓN EN SANGRE PERIFÉRICA.;0;666856;NBU;BAJA;10000
666862;INSULINA, Ac. Anti- (Ac. Anti- IAA);100326;666862;NBU;BAJA;10000
666871;INTERFERON GAMMA;218100;666871;NBU;BAJA;10000
666879;INTERLEUQUINA (c/u);218100;666879;NBU;BAJA;10000
666888;IODO-AZIDA Prueba de;19629;666888;NBU;BAJA;10000
666896;IONOGRAMA - materia fecal;15267;666896;NBU;BAJA;10000
666898;IRREGULARES ANTICUERPOS, Identificación.;32715;666898;NBU;BAJA;10000
666905;ISLOTE LANGERHANS PANCREÁTICOS, Ac. Anti- (ICA);135222;666905;NBU;BAJA;10000
666912;JO-1, Ac. Anti-;54525;666912;NBU;BAJA;10000
666919;KETAMINA - urinaria;109050;666919;NBU;BAJA;10000
666925;KREMER, TEST DE;54525;666925;NBU;BAJA;10000
666930;LA, Ac. Anti- (LA/SSB);32715;666930;NBU;BAJA;10000
666932;LACTOCRITO;17448;666932;NBU;BAJA;10000
666936;LACTOFERRINA.;30534;666936;NBU;BAJA;10000
666939;LACTOSA, TOLERANCIA A LA;16357,5;666939;NBU;ALTA;20000
666947;LC-1, Ac. Anti-;43620;666947;NBU;BAJA;10000
666956;LEGIONELLA PNEUMOPHILA, Ac. IgG Anti-;43620;666956;NBU;BAJA;10000
666958;LEGIONELLA PNEUMOPHILA, Ac. IgM Anti-;43620;666958;NBU;BAJA;10000
666970;LEGIONELLA PNEUMOPHILA, Ag.;0;666970;NBU;BAJA;10000
666975;LEISHMANIA, Ac. Anti-;54525;666975;NBU;BAJA;10000
666978;LEISHMANIA - PCR;207195;666978;NBU;BAJA;10000
666982;LEPTINA;109050;666982;NBU;BAJA;10000
666990;LEPTOSPIRA, Ac. Anti- (ELISA / IFI);41439;666990;NBU;BAJA;10000
666999;LEPTOSPIRA, Ac. Anti- (HAI / macroaglutinación);43620;666999;NBU;BAJA;10000
667007;LEPTOSPIRA, Ac. IgM Anti-;65430;667007;NBU;BAJA;10000
667010;LEPTOSPIRA (Confirmatorio - Microaglutinación);61068;667010;NBU;BAJA;10000
667013;LEPTOSPIRA (cultivo);43620;667013;NBU;BAJA;10000
667027;LEUCINA - sérica (AA) (incluida en el perfil de AA en diferentes matrices - Cromatografía de AA);0;667027;NBU;BAJA;10000
667059;LEVADURAS SENSIBILIDAD - SCREENING;0;667059;NBU;BAJA;10000
667064;LEVADURAS TIPIFICACIÓN;65430;667064;NBU;BAJA;10000
667076;LEVODOPA - sérica;61068;667076;NBU;BAJA;10000
667079;LEVODOPA - urinaria;61068;667079;NBU;BAJA;10000
667093;LEVULOSA - semen;0;667093;NBU;BAJA;10000
667096;LEVULOSA - sérica;0;667096;NBU;BAJA;10000
667099;LEVULOSA - urinaria;0;667099;NBU;BAJA;10000
667119;LINDANE;130860;667119;NBU;BAJA;10000
667127;LINFOCITARIO, CULTIVO MIXTO;0;667127;NBU;BAJA;10000
667153;"LINFOCITOS PERIFÉRICOS ""SRY""";0;667153;NBU;ALTA;20000
667170;LIPASA - urinaria (Lipasuria);26172;667170;NBU;BAJA;10000
667187;LIPOPROTEINA a - Lp(a);43620;667187;NBU;BAJA;10000
667210;LISOZIMA;43620;667210;NBU;ALTA;20000
667230;LISTERIA, CULTIVO;26172;667230;NBU;ALTA;20000
667240;LISTERIA, Ac. IgM Anti-;26172;667240;NBU;ALTA;20000
667242;LISTERIA - PCR;174480;667242;NBU;ALTA;20000
667260;LIXITOL;130860;667260;NBU;BAJA;10000
667262;LKM, Ac. Anti-;43620;667262;NBU;BAJA;10000
667270;LYNCH, SINDROME DE - GEN MLH1 (MYH);5016300;667270;NBU;BAJA;10000
667271;LYNCH, SINDROME DE - GEN MSH2 SECUENCIACIÓN COMPLETA (M2Y);3489600;667271;NBU;BAJA;10000
667273;LYNCH, SINDROME DE - GEN MSH6 (M6Y);3925800;667273;NBU;BAJA;10000
667274;LYNCH, SINDROME DE - GEN PMS2 (M3Y);4034850;667274;NBU;BAJA;10000
667275;LYNCH, SINDROME DE - GEN (MLH1, MSH2, MSH6, PMS2);12431700;667275;NBU;ALTA;20000
667278;MACROAMILASA;54525;667278;NBU;BAJA;10000
667284;MACRO CK;30534;667284;NBU;BAJA;10000
667289;MACROPROLACTINEMIA;65430;667289;NBU;BAJA;10000
667300;MAGNESIO - eritrocitario;43620;667300;NBU;BAJA;10000
667304;MAGNESIO - pelo;65430;667304;NBU;BAJA;10000
667315;MAG-SGPG, Ac. IgM;261720;667315;NBU;BAJA;10000
667319;MALATION;130860;667319;NBU;ALTA;20000
667324;MALÓN DIALDEHIDO - TBARS;41439;667324;NBU;BAJA;10000
667338;MANGANESO - pelo;65430;667338;NBU;BAJA;10000
667341;MANGANESO - sérico;43620;667341;NBU;BAJA;10000
667343;MANGANESO - urinario;43620;667343;NBU;BAJA;10000
667349;MAO plaquetario;130860;667349;NBU;BAJA;10000
667353;MARCADORES PRONOSTICOS de LLC (Citometría de flujo);335874;667353;NBU;BAJA;10000
667366;MEMBRANA BASAL, Ac. Anti-;17448;667366;NBU;BAJA;10000
667375;MERCURIO - pelo (Hg-pelo);76335;667375;NBU;ALTA;20000
667392;METACUALONA;52344;667392;NBU;BAJA;10000
667401;METADONA (FPIA);47982;667401;NBU;BAJA;10000
667409;METAHEMOGLOBINA;21810;667409;NBU;BAJA;10000
667426;METANEFRINAS LIBRES - plasmáticas;54525;667426;NBU;BAJA;10000
667435;METANOL - sangre;54525;667435;NBU;BAJA;10000
667439;METAPNEUMOVIRUS HUMANO, Ag. (hMPV);87240;667439;NBU;BAJA;10000
667440;METAPNEUMOVIRUS HUMANO, Ag. (hMPV) - PCR;207195;667440;NBU;BAJA;10000
667443;METIL ETIL CETONA;54525;667443;NBU;BAJA;10000
667449;METIL PARATHION;130860;667449;NBU;BAJA;10000
667454;METIL-TRITIÓN;130860;667454;NBU;BAJA;10000
667460;METILENTETRAHIDROFOLATO REDUCTASA (MTHRT)- PCR;283530;667460;NBU;BAJA;10000
667469;METILNICOTINAMIDA;0;667469;NBU;BAJA;10000
667477;"METIONINA - PRUEBA DE SOBRECARGA (dos
determinaciones)";87240;667477;NBU;BAJA;10000
667486;METOTREXATO;87240;667486;NBU;BAJA;10000
667489;MICOLOGÍA, CULTIVO DE HONGOS PRODUCTORES DE MICOSIS PROFUNDAS O SISTÉMICAS.;32715;667489;NBU;BAJA;10000
667490;MICOLOGÍA, IDENTIFICACIÓN DE HONGOS PRODUCTORES DE MICOSIS PROFUNDAS O SISTÉMICAS.;32715;667490;NBU;BAJA;10000
667491;MICOLOGÍA, PRUEBA DE SENSIBILIDAD A ANTIFÚNGICOS.;32715;667491;NBU;BAJA;10000
667495;MICROAGREGADO PLAQUETARIOS;0;667495;NBU;BAJA;10000
667499;MICROARRAYS - ESTUDIO GENETICO;0;667499;NBU;BAJA;10000
667503;MICROGLOBULINA BETA 2;39258;667503;NBU;BAJA;10000
667520;MICROSPORIDIA INVESTIGACIÓN;32715;667520;NBU;BAJA;10000
667527;MIELOPEROXIDASA, Ac. Ant- (Inmunológica);152670;667527;NBU;BAJA;10000
667529;MIELOPEROXIDASA, (Citoquímica);32715;667529;NBU;BAJA;10000
667537;MIOCARDIO, Ac. Anti-;17448;667537;NBU;BAJA;10000
667546;MIOGLOBINA - sérica;28353;667546;NBU;BAJA;10000
667550;MIOGLOBINA - urinaria;32715;667550;NBU;BAJA;10000
667571;MITOCONDRIAL M2, Ac. Anti- (AMA M2);58887;667571;NBU;BAJA;10000
667580;MONOSACÁRIDOS (Cromatografía);54525;667580;NBU;ALTA;20000
667597;MOPEG (3-METOXI, 4-HIDROXI- FENIL ETIL GLICOL);43620;667597;NBU;ALTA;20000
667606;MUCOPOLISACARIDOS - urinarios (cuantitativo);141765;667606;NBU;BAJA;10000
667614;MUCOSA GÁSTRICA, Ac. Anti- (CELULAS PARIETALES Ac. Anti- (IFI);41439;667614;NBU;BAJA;10000
667621;MUCOSEMEN CRUZADO (método microscópico);56706;667621;NBU;BAJA;10000
667631;MUSCULO ESTRIADO, Ac. Anti-;26172;667631;NBU;ALTA;20000
667636;MuSK, Ac. Anti-;479820;667636;NBU;BAJA;10000
667640;MUTACIONES EN EL DOMINIO TK DEL TRANSCRIPTO BCR-AB;1090500;667640;NBU;BAJA;10000
667648;MYCOAVIUM COMPLEX - PCR;0;667648;NBU;BAJA;10000
667657;MYCOBACTERIA Sp, HEMOCULTIVO;37077;667657;NBU;BAJA;10000
667660;MYCOBACTERIA ATÍPICA - PCR;196290;667660;NBU;BAJA;10000
667669;MYCOBACTERIUM TUBERCULOSIS, DNA - PCR;152670;667669;NBU;BAJA;10000
667674;MYCOBACTERIUM TUBERCULOSIS, en LCR;0;667674;NBU;BAJA;10000
667691;MYCOPLASMA - UREAPLASMA, Ac. Anti-;76335;667691;NBU;ALTA;20000
667700;MYCOPLASMA - UREAPLASMA, CULTIVO;54525;667700;NBU;BAJA;
667708;MYCOPLASMA HOMINIS, CULTIVO - Aislamiento;54525;667708;NBU;BAJA;10000
667717;MYCOPLASMA PNEUMONIAE, Ac. IgM Anti-;39258;667717;NBU;BAJA;10000
667725;MYCOPLASMA PNEUMONIAE, ANTÍGENO (Ag);43620;667725;NBU;BAJA;10000
667734;MYCOPLASMA PNEUMONIAE, cultivo;0;667734;NBU;BAJA;10000
667736;MYCOPLASMA PNEUMONIAE - PCR;196290;667736;NBU;BAJA;10000
667742;N,N-DIMETILTRIPTAMINA;52344;667742;NBU;BAJA;10000
667751;"NEONATAL, 17-HIDROXIPROGESTERONA (17-HO-Pg-
Neo)";19629;667751;NBU;BAJA;10000
667759;NEONATAL, BIOTINIDASA;15267;667759;NBU;ALTA;20000
667768;NEONATAL, GALACTOSEMIA;15267;667768;NBU;BAJA;10000
667773;NEONATAL, LEUCINA;26172;667773;NBU;BAJA;10000
667775;NEONATAL SCREENENG AMPLIADO POR ESPECTROMETRIA DE MASA EN TANDEM;0;667775;NBU;BAJA;10000
667777;NEONATAL, T.I.R. (TRIPSINA INMUNOREATIVA);17448;667777;NBU;BAJA;10000
667785;NEONATAL, T.S.H.;15267;667785;NBU;ALTA;20000
667794;NEUMOCOCO, Ac. Anti-;218100;667794;NBU;ALTA;20000
667802;NEURON SPECIFIC ENOLASE - NSE;85059;667802;NBU;BAJA;10000
667810;NEUTRÓFILOS, ACTIVIDAD FAGOCITARIA;0;667810;NBU;ALTA;20000
667828;NIQUEL URINARIO (Ni urinario);43620;667828;NBU;BAJA;10000
667836;NITRÓGENO NO PROTEICO;6543;667836;NBU;BAJA;10000
667840;NMDA, Ac.  IgG Anti- RECEPTOR - LCR;174480;667840;NBU;BAJA;10000
667841;NMDA, Ac.  IgG Anti- RECEPTOR - sangre;174480;667841;NBU;ALTA;20000
667845;NORMETANEFRINA - urinaria;54525;667845;NBU;BAJA;10000
667849;NOROVIRUS;242091;667849;NBU;BAJA;10000
667853;NORTRIPTILINA - sérica;41439;667853;NBU;BAJA;10000
667862;N TELOPÉPTIDOS - COLÁGENO TIPO I (NTX);65430;667862;NBU;BAJA;10000
667871;NUCLEOLO, Ac. Anti-;32715;667871;NBU;BAJA;10000
667882;OPIACEOS - CONFIRMATORIO;261720;667882;NBU;ALTA;20000
667905;ORTO CRESOL (2-metilfenol);43620;667905;NBU;BAJA;10000
667913;ORTO METIL BUFOTENINA;52344;667913;NBU;BAJA;10000
667919;ORTO,O,O - TIETILFOSFOROTOATO;130860;667919;NBU;BAJA;10000
667926;OSMOLALIDAD - urinaria;10905;667926;NBU;ALTA;20000
667939;OSTEOCALCINA;54525;667939;NBU;ALTA;20000
667947;OVARIO, Ac. Anti-;174480;667947;NBU;ALTA;20000
667964;OXICODON A - urinaria;87240;667964;NBU;BAJA;10000
667973;p53 Ac.;0;667973;NBU;BAJA;10000
667982;p53 mutante;0;667982;NBU;BAJA;10000
667999;PANEL HEPÁTICO INMUNOLÓGICO;436200;667999;NBU;BAJA;10000
668009;PAPILOMA VIRUS HUMANO - HPV (Carga viral);348960;668009;NBU;BAJA;10000
668011;PAPILOMA VIRUS HUMANO - HPV (Genotipificación - PCR + Hibridización);239910;668011;NBU;BAJA;10000
668018;PAPP-A (PROTEÍNA A PLASMÁTICA ASOCIADA A EMBARAZO);87240;668018;NBU;BAJA;10000
668024;PARA AMINOFENOL;0;668024;NBU;BAJA;10000
668110;PARACOCCIDIOIDES BRASILIENSIS, Ac. IgG Anti-;0;668110;NBU;BAJA;10000
668115;PARACOCCIDIOIDES BRASILIENSIS, Ac. IgM Anti-;0;668115;NBU;BAJA;10000
668127;PARACOCCIDIOIDES SPP, Ac. Anti- Totales;63249;668127;NBU;BAJA;10000
668135;PARAINFLUENZA I, Ac. Anti-;39258;668135;NBU;BAJA;10000
668137;PARAINFLUENZA I, Ac. IgM Anti-;39258;668137;NBU;BAJA;10000
668139;PARAINFLUENZA I, Ag.;43620;668139;NBU;BAJA;10000
668142;PARAINFLUENZA II, Ac. Anti-;39258;668142;NBU;BAJA;10000
668144;PARAINFLUENZA II, Ac. IgM Anti-;39258;668144;NBU;BAJA;10000
668146;PARAINFLUENZA II, Ag.;43620;668146;NBU;BAJA;10000
668149;PARAINFLUENZA III, Ac. Anti-;39258;668149;NBU;BAJA;10000
668151;PARAINFLUENZA III, Ac. IgM Anti-;39258;668151;NBU;BAJA;10000
668153;PARAINFLUENZA III, Ag.;43620;668153;NBU;BAJA;10000
668156;PARANITROFENOL;43620;668156;NBU;BAJA;10000
668158;PARÁSITOS - biopsias o líquidos de punción;54525;668158;NBU;BAJA;10000
668161;PARATHORMONA (PTH) (MOLECULA MEDIA);41439;668161;NBU;BAJA;10000
668170;PARATIÓN;130860;668170;NBU;BAJA;10000
668178;PAROTIDITIS, Ac. IgG Anti-;32715;668178;NBU;BAJA;10000
668187;PAROTIDITIS, Ac. IgM Anti-;34896;668187;NBU;BAJA;10000
668195;PAROTIDITIS, Ac. especif. por FC;43620;668195;NBU;ALTA;20000
668204;PAROTIDITIS, Ac. solubles;0;668204;NBU;BAJA;10000
668212;PAROTIDITIS, Ag.;0;668212;NBU;BAJA;10000
668221;PAROTIDITIS, Ag. en LCR;0;668221;NBU;BAJA;10000
668229;PARVOVIRUS, Ac. IgG Anti-;87240;668229;NBU;BAJA;10000
668238;PARVOVIRUS, Ac. IgM Anti-;98145;668238;NBU;ALTA;20000
668241;PARVOVIRUS B19 - PCR;196290;668241;NBU;BAJA;10000
668250;"PENFIGOIDE Ac. Anti- (MEMBRANA BASAL EN PIEL Ac.
Anti-)";130860;668250;NBU;BAJA;10000
668272;PENTACLOROFENOL;39258;668272;NBU;ALTA;20000
668281;PEPTIDO C;39258;668281;NBU;ALTA;20000
668284;"PÉPTIDO CITRULINADO CICLICO - Ac. Anti- IgG (Ac.
Anti- CCP / PCC)";109050;668284;NBU;BAJA;10000
668286;PEPTIDO INTESTINAL VASOACTIVO (VIP);1908375;668286;NBU;BAJA;10000
668289;PÉPTIDO PROCOLÁGENO;39258;668289;NBU;BAJA;10000
668298;PERFIL LIPÍDICO;28353;668298;NBU;BAJA;10000
668304;PERFIL MINERAL - en cabello;436200;668304;NBU;BAJA;10000
668306;PERFIL MINERAL - en orina;436200;668306;NBU;BAJA;10000
668315;PEROXIDASA TIROIDEO, Ac. Anti- (ATPO / TPO);26172;668315;NBU;BAJA;10000
668327;PESTICIDAS NITROGENADOS - c/u;130860;668327;NBU;BAJA;10000
668332;"PESTICIDAS ORGANOCLORADOS (plaguicidas),
urinarios";130860;668332;NBU;BAJA;10000
668337;"PESTICIDAS ORGANOFOSFORADOS (plaguicidas -
parathion) - plasmáticos";130860;668337;NBU;BAJA;10000
668348;PIRIDINOLINA;61068;668348;NBU;BAJA;10000
668358;PLAQUETARIA ADHESIVIDAD;43620;668358;NBU;ALTA;20000
668366;PLAQUETARIA AGREGACION (con 5 inductores);261720;668366;NBU;BAJA;10000
668375;PLAQUETAS, Ac. Anti-;0;668375;NBU;BAJA;10000
668379;PLASMA RICO EN PLAQUETAS, PREPARACIÓN DE (PRP);261720;668379;NBU;BAJA;10000
668383;PLASMINÓGENO;82878;668383;NBU;BAJA;10000
668385;"PLASMINÓGENO, ACTIVADOR TISULAR de - t-PA
(Biológico-Inmunológico)              : t-PA";163575;668385;NBU;BAJA;10000
668387;"PLASMINÓGENO, INHIBIDOR del ACTIVADOR TISULAR
del (PAI - AIP) (Molecular)            : PAI  4G/5G";283530;668387;NBU;BAJA;10000
668393;PLASMODIUM SP, Antígeno.;34896;668393;NBU;BAJA;10000
668397;PLATA (Ag) - sérica;43620;668397;NBU;BAJA;10000
668400;PLATA (Ag) - urinaria;43620;668400;NBU;BAJA;10000
668409;PLOMO (Pb) - pelo;65430;668409;NBU;ALTA;20000
668418;PM-1, Ac. Anti-;0;668418;NBU;BAJA;10000
668426;PNEUMOCYSTIS CARINII, IFD;32715;668426;NBU;ALTA;20000
668435;PODER BACTERICIDA DEL SUERO (PBS);43620;668435;NBU;ALTA;20000
668440;PODER INHIBITORIO DEL SUERO (P.I.S.);43620;668440;NBU;ALTA;20000
668446;POLICLOROBIFENILOS;98145;668446;NBU;ALTA;20000
668450;POLIMORFISMO IL 28B;678291;668450;NBU;BAJA;10000
668460;POLIMORFONUCLEARES, Quimiotáxis;76335;668460;NBU;BAJA;10000
668463;POLIOMAVIRUS BK, Carga viral - sangre u orina;327150;668463;NBU;BAJA;10000
668464;POLIOMAVIRUS BK, PCR - sangre u orina;239910;668464;NBU;BAJA;10000
668466;POLIOMAVIRUS JC, Carga viral - sangre u orina;327150;668466;NBU;BAJA;10000
668467;POLIOMAVIRUS JC,  PCR - LCR;231186;668467;NBU;BAJA;10000
668469;POLIQUISTOSIS RENAL - PCR;0;668469;NBU;BAJA;10000
668486;PORFIRINAS - séricas;26172;668486;NBU;ALTA;20000
668489;PORFIRINAS, INDICE de - plasmáticas;54525;668489;NBU;BAJA;10000
668493;PORFIRINAS TOTALES - eritrocitarias;32715;668493;NBU;BAJA;10000
668529;PORFOBILINÓGENO (Cuantitativo) - urinario;39258;668529;NBU;BAJA;10000
668537;POTASIO - eritrocitario;0;668537;NBU;BAJA;10000
668546;PREALBÚMINA;21810;668546;NBU;BAJA;10000
668554;"Pro BNP - proHORMONA PEPTIDO NATRIURÉTICO
CEREBRAL N-Terminal (NT-ProBNP)";207195;668554;NBU;BAJA;10000
668563;BORRELIA BURGDORFERI AC IGM ;163575;668563;NBU;ALTA;20000
668571;PROINSULINA - plasmática;0;668571;NBU;BAJA;10000
668580;PROGESTERONA 17-HIDROXI (17-OH-Pg);32715;668580;NBU;BAJA;10000
668584;PROMETRYN;130860;668584;NBU;BAJA;10000
668588;PROPAZINA;130860;668588;NBU;BAJA;10000
668597;PROPOXIFENO - NORPROPOXIFENO;50163;668597;NBU;BAJA;10000
668606;PROTEÍNA BÁSICA de MIELINA;261720;668606;NBU;ALTA;20000
668614;PROTEÍNA C FUNCIONAL - Cromogénico;98145;668614;NBU;BAJA;10000
668623;PROTEÍNA C REACTIVA - ULTRASENSIBLE (PCRus);26172;668623;NBU;BAJA;10000
668627;PROTEÍNA del EPIDÍDIMO HUMANO 4 (HE4);0;668627;NBU;BAJA;10000
668631;PROTEÍNA S Libre = Inmunoturbidimétrio;98145;668631;NBU;BAJA;10000
668640;PROTEÍNA S Total;98145;668640;NBU;ALTA;20000
668648;PROTEÍNA S Funcional = coagulométrico;185385;668648;NBU;BAJA;10000
668656;PROTEINASA 3 (PR3), Ac. Anti-;109050;668656;NBU;ALTA;20000
668682;PROTOPORFIRINA ERITROCITARIA LIBRE (FEP), ZINC PROTOPORFIRINA (ZPP o ZP);26172;668682;NBU;ALTA;20000
668691;PROTROMBINA 20.210;207195;668691;NBU;ALTA;20000
668710;PSEUDOMONAS, Ac. Anti-;152670;668710;NBU;ALTA;20000
668734;QUERATINOCITOS (PIEL) Ac. Anti-;196290;668734;NBU;BAJA;10000
668768;QUINIDINA;43620;668768;NBU;BAJA;10000
668780;REARREGLO DEL IGH/FGFR3, Estudio para (FISH);894210;668780;NBU;BAJA;10000
668783;REARREGLO DEL IGH/MAF, Estudio para (FISH);894210;668783;NBU;BAJA;10000
668794;REARREGLO DEL TcR (citrometría de flujo);654300;668794;NBU;BAJA;10000
668800;RECEPTOR de FSH, Ac. Anti- (RFSH);261720;668800;NBU;BAJA;10000
668802;RECEPTOR de TSH, Ac. Anti- (TRAB's o TRAB o TBII);87240;668802;NBU;BAJA;10000
668813;RECEPTORES HORMONALES INDICE DE PROLIFERACIÓN;109050;668813;NBU;ALTA;20000
668816;RECEPTOR SOLUBLE DE TRANSFERRINA (sTRF);85059;668816;NBU;BAJA;10000
668819;RENINA-ANGIOTENSINA / RENINA ACTIVA;39258;668819;NBU;BAJA;10000
668828;RESISTENCIA a la PROTEÍNA C ACTIVADA;87240;668828;NBU;BAJA;10000
668836;RETICULINA, Ac. Anti- (ARA);21810;668836;NBU;BAJA;10000
668845;RETINA, Ac. Anti-;0;668845;NBU;BAJA;10000
668853;Ri (ANNA-2), Ac. Anti- (NEURONAL NUCLEAR-2);218100;668853;NBU;BAJA;10000
668860;RIBOSOMAL, Ac. Anti- Proteina P (Anti-Riv P);98145;668860;NBU;BAJA;10000
668870;RICKETTSIAS PROWAZEKII, Ac. IgG Anti-;98145;668870;NBU;BAJA;10000
668874;RICKETTSIAS TYPHI, Ac. IgG Anti-;98145;668874;NBU;BAJA;10000
668878;RINOVIRUS, Ag.;47982;668878;NBU;BAJA;10000
668882;RISPERIDONA;130860;668882;NBU;BAJA;10000
668888;RNA, Ac. Anti-;0;668888;NBU;BAJA;10000
668896;RNP, Ac. Anti- (RIBONUCLEOPROTEINAS);34896;668896;NBU;BAJA;10000
668905;Ro, Ac. Anti- (Ro/SSA);32715;668905;NBU;BAJA;10000
668918;ROSA de BENGALA;17448;668918;NBU;BAJA;10000
668930;ROTAVIRUS - AG -AC- MN (ELISA);69792;668930;NBU;BAJA;10000
668934;ROTAVIRUS - AcC-;87240;668934;NBU;BAJA;10000
668939;ROTAVIRUS, Ag.;47982;668939;NBU;BAJA;10000
668947;SACAROSA;26172;668947;NBU;BAJA;10000
668954;SACCHAROMYSES CEREVISIAE, Ac. Anti- IgA (ASCA);109050;668954;NBU;BAJA;10000
668956;SACCHAROMYSES CEREVISIAE, Ac. Anti- IgG (ASCA);109050;668956;NBU;BAJA;10000
668964;SALIVA, Ex. Físico-Químico;0;668964;NBU;BAJA;10000
668977;SANGRIA, TIEMPO DE - Método de Ivy;21810;668977;NBU;BAJA;10000
668982;SARAMPION, Ac. IgG Anti-;32715;668982;NBU;ALTA;20000
668990;SARAMPION, Ac. IgM Anti-;34896;668990;NBU;BAJA;10000
668999;SCLERODERMIA - SCL 70, Ac. Anti-;43620;668999;NBU;ALTA;20000
669007;SCORE de MOCO;21810;669007;NBU;ALTA;20000
669016;SELENIO (AA) - sérico;43620;669016;NBU;ALTA;20000
669019;SELENIO - urinario;43620;669019;NBU;BAJA;10000
669026;SENSIBILIDAD ALIMENTARIA, PANEL de Ac. IgG Anti-;926925;669026;NBU;BAJA;10000
669030;SERINA - plasmática;109050;669030;NBU;BAJA;10000
669032;SERINA - plasmática - (PANEO COMPLETO);479820;669032;NBU;BAJA;10000
669039;SEROTONINA, GEN TRANSPORTADOR de;211557;669039;NBU;BAJA;10000
669041;SEROTONINA - plaquetaria;261720;669041;NBU;BAJA;10000
669045;SEROTONINA - urinaria;52344;669045;NBU;BAJA;10000
669054;SIFILIS (ELISA);0;669054;NBU;BAJA;10000
669055;SIFILIS (ELISA RECOMBINANTE);0;669055;NBU;ALTA;20000
669058;SILICIO - esputo;43620;669058;NBU;ALTA;20000
669067;SIMANZINA;130860;669067;NBU;ALTA;20000
669076;SINCICIAL RESPIRATORIO, Ac. IgG Anti-;37077;669076;NBU;ALTA;20000
669084;SINCICIAL RESPIRATORIO, Ac. IgM Anti-;37077;669084;NBU;BAJA;10000
669093;SINCICIAL RESPIRATORIO, ANTIGENO (Ag.);47982;669093;NBU;BAJA;10000
669101;"SÍNDROMES LINFOPROLIFERATIVOS -
FENOTIPIFICACIÓN (Inmunotipificación)";654300;669101;NBU;BAJA;10000
669102;"SÍNDROMES MIELOPROLIFERATIVOS - FENOTIPIFICACIÓN.- Jak 2 (JANUS QUINASA 2) -
mutación: V617F";654300;669102;NBU;BAJA;10000
669103;"SÍNDROMES MIELOPROLIFERATIVOS - FENOTIPIFICACIÓN.- Jak 2 (JANUS QUINASA 2) –
secuenciación exón 12";654300;669103;NBU;BAJA;10000
669104;"SÍNDROMES MIELOPROLIFERATIVOS -
FENOTIPIFICACIÓN.- MPL (cada mutación)";654300;669104;NBU;ALTA;20000
669105;SIROLIMUS, DROGA CITOSTÁTICA - RAPAMICINA;152670;669105;NBU;BAJA;10000
669110;SM, Ac. Anti-;32715;669110;NBU;BAJA;10000
669118;SOMATOMEDINA C- IGFB1;76335;669118;NBU;BAJA;10000
669120;SOMATOMEDINA - IGFBP-3 - (Insulin Like Growth Factor Bind, Prot 3);130860;669120;NBU;BAJA;10000
669127;"SREPTOCOCCUS BETA-HEMOLÍTICO Grupo B - Prenatal
(anal/vaginal)";39258;669127;NBU;BAJA;10000
669129;"STAPHYLOCOCCUS AUREUS METICILINO RESISTENTE -
PCR o similar";196290;669129;NBU;ALTA;20000
669132;STREPTOCOCCUS GRUPO B, Ag. - sérico;54525;669132;NBU;BAJA;10000
669135;STREPTOCOCCUS GRUPO B, Ag. - urinario;54525;669135;NBU;BAJA;10000
669157;STREPTOCOCCUS PNEUMONIAE, Ag. - esputo;54525;669157;NBU;BAJA;10000
669161;STREPTOCOCCUS PNEUMONIAE, Ag. - sérico;54525;669161;NBU;ALTA;20000
669164;STREPTOCOCCUS PNEUMONIAE, Ag. - urinario;54525;669164;NBU;BAJA;10000
669170;STREPTOCOCCUS PNEUMONIAE - PCR;196290;669170;NBU;BAJA;10000
669180;STREPTOZYME, TEST (ESTREPTOZIMA);32715;669180;NBU;BAJA;10000
669187;SUBUNIDAD Alfa HIPOFISIARIA;0;669187;NBU;BAJA;10000
669195;SUCCINIL ACETONA - urinaria;0;669195;NBU;BAJA;10000
669204;SUCCINIL PURINAS;327150;669204;NBU;BAJA;10000
669212;SUCROSA, TEST DE;21810;669212;NBU;BAJA;10000
669223;SUDOR, TEST CONFIRMATORIO.;109050;669223;NBU;BAJA;10000
669229;SULFAHEMOGLOBINA POR COOXIMETRIA;0;669229;NBU;BAJA;10000
669238;SULFATOS - urinarios;32715;669238;NBU;BAJA;10000
669246;SULFOTEP;130860;669246;NBU;BAJA;10000
669255;SUPERÓXIDO DISMUTASA (S.O.D.) - sérica;65430;669255;NBU;BAJA;10000
669265;SUSTANCIA INTERCELULAR Ac Anti;130860;669265;NBU;BAJA;10000
669270;TAENIA SOLIUM - Ac. Anti- IgG;109050;669270;NBU;ALTA;20000
669281;TALASEMIAS, Beta-Mutaciones;0;669281;NBU;BAJA;10000
669293;TALIO - pelo;0;669293;NBU;BAJA;10000
669306;Tdt - Citometría de Flujo;65430;669306;NBU;BAJA;10000
669309;TERBUITRYN;130860;669309;NBU;ALTA;20000
669311;TERBUTHYLAZINA;130860;669311;NBU;BAJA;10000
669314;TEST de DESENSIBILIZACIÓN TESTICULAR;239910;669314;NBU;BAJA;10000
669332;TEST de NITRO BLUE TETRAZOLIUM con Estimulación (Test - NBTS);74154;669332;NBU;BAJA;10000
669349;TEST DE NITRO BLUE TETRAZOLIUM (Test - NBT);74154;669349;NBU;BAJA;10000
669358;TEST DE NUGENT - sérico;0;669358;NBU;BAJA;10000
669366;TESTOSTERONA DEHIDRO (DHT);54525;669366;NBU;BAJA;10000
669375;TESTOSTERONA LIBRE (To-L);32715;669375;NBU;BAJA;10000
669383;TESTOSTERONA - urinaria;32715;669383;NBU;BAJA;10000
669409;TIOCIANATOS - urinarios;26172;669409;NBU;BAJA;10000
669417;TIOCIANATOS - séricos;26172;669417;NBU;BAJA;10000
669426;TIONACINA;130860;669426;NBU;BAJA;10000
669434;TIOSULFATOS - urinarios;17448;669434;NBU;ALTA;20000
669443;TIROGLOBULINA (TGs);32715;669443;NBU;BAJA;10000
669464;TIROGLOBULINA - líquido de punción (TG LP);0;669464;NBU;BAJA;10000
669477;TIROSINA (Aminoácido - A. Ác.);34896;669477;NBU;ALTA;20000
669486;TITULACIÓN de ANTICUERPO VIII (Met..Biol.);0;669486;NBU;BAJA;10000
669494;TOXINA BOTULÍNICA, Ac.;0;669494;NBU;BAJA;10000
669503;"TOXINA SHIGA o VEROTOXINAS - ESCHERICCIA COLI
(c/u) - PCR";174480;669503;NBU;BAJA;10000
669511;TOXOCARA CANIS, Ac. IgG Anti-;56706;669511;NBU;BAJA;10000
669514;TOXOCARA CANIS, Ac. IgM Anti-;65430;669514;NBU;BAJA;10000
669538;TOXOIDE TETÁNICO, Ac. Anti-;196290;669538;NBU;BAJA;10000
669561;TOXOPLASMOSIS, Ac. IgA Anti-;65430;669561;NBU;BAJA;10000
669565;TOXOPLASMOSIS, Ac. IgA ISAGA Anti-;0;669565;NBU;BAJA;10000
669571;TOXOPLASMOSIS, Ac. IgG Anti- (ELISA);21810;669571;NBU;BAJA;10000
669575;TOXOPLASMOSIS, Ac. IgG Anti- (Test de avidez);65430;669575;NBU;BAJA;10000
669580;TOXOPLASMOSIS, Ac. IgM Anti- (ELISA);30534;669580;NBU;ALTA;20000
669588;TOXOPLASMOSIS, Ac. IgM Anti- (IFI);17448;669588;NBU;ALTA;20000
669591;TOXOPLASMOSIS - PCR;152670;669591;NBU;BAJA;10000
669597;t-PA INMUNOLÓGICO;0;669597;NBU;BAJA;10000
669622;TRANSGLUTAMINASA, Ac. IgA Anti- (TGA);50163;669622;NBU;BAJA;10000
669631;TRANSGLUTAMINASA, Ac. IgG Anti- (TGG);50163;669631;NBU;BAJA;10000
669637;TRANSLOCACIÓN, varias - cualitativa (c/u);571422;669637;NBU;BAJA;10000
669642;TRANSLOCACIÓN, varios - cuantitativa (c/u);785160;669642;NBU;BAJA;10000
669644;TREPONEMA PALLIDUM, FTA ABS, Ac. IgM Anti-;21810;669644;NBU;ALTA;20000
669647;TRICHINELLA SPIRALIS, Ac. IgG Anti-/Ac. Totales;76335;669647;NBU;BAJA;10000
669649;TRICHINELLA SPIRALIS, Ac. IgM Anti-;76335;669649;NBU;BAJA;10000
669653;TRICHOMONAS, Cultivo para-;0;669653;NBU;ALTA;20000
669657;TRICLOROETANOL;26172;669657;NBU;BAJA;10000
669661;TRIIODOTIRONINA Libre (T3L);21810;669661;NBU;BAJA;10000
669672;TRIPLE TEST;196290;669672;NBU;BAJA;10000
669682;TRIPSINA, Ac. Anti-;0;669682;NBU;BAJA;10000
669691;TRIPTOFANO;39258;669691;NBU;BAJA;10000
669716;TROMBOFILIA, Panel básico;501630;669716;NBU;BAJA;10000
669725;TROPONINA I -TnI;37077;669725;NBU;BAJA;10000
669734;TROPONINA T (cualitativo) - TnT-cuali;37077;669734;NBU;BAJA;10000
669735;TROPONINA T (cuantitativo) TnT-cuanti;54525;669735;NBU;BAJA;10000
669747;TUMOR, Necrosis Factor;0;669747;NBU;BAJA;10000
669759;UREAPLASMA UREALÍTICUM (Cultivo).;0;669759;NBU;BAJA;10000
669768;UROPORFIRINAS - materia fecal;32715;669768;NBU;BAJA;10000
669780;VACUNA LINFOCITARIA;0;669780;NBU;BAJA;10000
669787;VAGINAL, BALANCE DEL CONTENIDO (BACOVA);13086;669787;NBU;BAJA;10000
669790;VANADIO, plasmático o uriniario.;43620;669790;NBU;BAJA;10000
669793;VANCOMICINA;50163;669793;NBU;BAJA;10000
669810;VARICELA ZOSTER, Ac. IgM Anti-;54525;669810;NBU;BAJA;10000
669819;VARICELA ZOSTER, Ac. IgG Anti-;37077;669819;NBU;BAJA;10000
669828;VARICELA ZOSTER, Ag.;65430;669828;NBU;BAJA;10000
669834;VARICELA ZOSTER - DNA (PCR);152670;669834;NBU;BAJA;10000
669846;VIGABATRINA;65430;669846;NBU;BAJA;10000
669853;VIRUS-JUNIN, Ac. Anti- IgG (FHA);65430;669853;NBU;BAJA;10000
669858;VIRUS-JUNIN, Ac. Anti- IgM (FHA);65430;669858;NBU;BAJA;10000
669870;VISCOSIDAD PLASMÁTICA;0;669870;NBU;BAJA;10000
669879;VITAMINA B1 (TIAMINA);65430;669879;NBU;BAJA;10000
669887;VITAMINA B6 (PIRIDOXINA);80697;669887;NBU;BAJA;10000
669896;VITAMINA C (líquido seminal);65430;669896;NBU;BAJA;10000
669898;VITAMINA C (plaquetaria);65430;669898;NBU;BAJA;10000
669905;"VITAMINA D  (1,25-DIHIDROXICOLECALCIFEROL O
CALCITRIOL - 1,25-VITAMINA D";294435;669905;NBU;ALTA;20000
669909;"VITAMINA D2 + D3  (ERGOCALCIFEROL + 25-
HIDROXICALCIFEROL O COLECALCIFEROL)";87240;669909;NBU;ALTA;20000
669913;"VITAMINA D3 (25-HIDROXICALCIFEROL O
COLECALCIFEROL)";80697;669913;NBU;ALTA;20000
669930;"VLDL-COLESTEROL, LIPOPROTEINA DE MUY BAJA
DENSIDAD.";8724;669930;NBU;BAJA;10000
669939;XANTINA;21810;669939;NBU;BAJA;10000
669947;YERSINIA ENTEROCOLITICA, CULTIVO;0;669947;NBU;BAJA;10000
669960;Yo (PCA-1), Ac. Anti-;218100;669960;NBU;BAJA;10000
669973;ZAP 70;229005;669973;NBU;BAJA;10000
669978;ZIKA, virus (PCR);218100;669978;NBU;BAJA;10000
669984;ZINC - pelo (Zn-pelo);43620;669984;NBU;BAJA;10000
669987;ZINC - semen (Zn-semen);54525;669987;NBU;BAJA;10000
669990;ZINC - urinario (Zn-urinario);43620;669990;NBU;BAJA;10000
